0,11.024746461988304,23.591138035714284,7.630729269005846,17.1840084502924,46.903503973509935,17.325060614035085,106.059,0,97.29122294117647,0,32.84619857142857,68.75033,105.13082499999999,151.726,109.9665805,111.29656551724138,160.03231343283582,149.2580040322581,160.86613157894737,169.29649999999998,158.5730714285714,155.3648145695364,152.1889,136.88067068965518,121.13625,53.9634691919192,47.31738947368421,120.12271344827587,108.24463859649123,124.22476315789473,43.351188888888885,95.24125,13.118892631578948,92.28312589285713,54.69072029411763,53.06847719298246,76.65876984732826,51.72283450704226,108.3187503846154,62.37120819672132,77.35797692307692,96.538775,102.57586666666666,71.00096785714285,0,0,112.32546363636365,130.2710034090909,0,0,0,59.27159642857143,0,0,0,0,0,0,0,196.73884615384617,0,0,0,0,0,0,0,0,0,0,0,105.7715,0,0,137.536,63.73744166666666,109.838,0,60.602180000000004,0,0,121.8640207482993
11.024746461988304,0,58.750586111111105,77.96474166666667,10.608596432748538,51.64026748466258,19.569136549707597,97.34017651515151,85.1779,118.44778231707316,0,0,0,0,0,133.88103076923076,124.29217765957448,172.22688073394497,157.0634583333333,172.70908490566043,0,171.8624090909091,172.86328632478637,164.17846186440678,156.0708559322034,123.55199999999999,144.594125,108.33915666666667,141.4829692307692,137.21305136986305,141.6587105263158,93.17435443786982,0,49.86813713450292,83.17162953216373,53.38507076023392,59.23752807017542,73.50447159763314,59.64945243902439,133.68708658536588,131.9154603773585,100.15424166666665,105.7549431818182,107.35517,101.68799333333332,110.72783571428572,0,113.9483375,124.81580392156866,125.0995,0,0,0,0,0,0,0,0,0,0,198.3235,0,0,0,0,0,0,0,0,0,0,0,0,0,0,136.02690185185185,87.75762222222222,111.53875000000001,0,0,0,0,120.18346264705882
23.591138035714284,58.750586111111105,0,12.738839883040935,0,0,12.663855467836258,28.227318362573097,0,0,0,0,0,0,0,0,0,196.002,181.06366666666668,0,0,0,187.31349999999998,170.25410000000002,145.72983333333335,0,0,111.03738928571428,129.46388888888887,130.64890000000003,0,121.93613461538462,0,85.722775,94.4506549689441,56.2764650887574,66.15530863095238,83.30170564516129,60.519396825396825,127.25891666666668,96.6602,105.79921153846155,111.2809375,95.3342561728395,94.01078386075947,0,0,117.91860833333334,120.97344444444444,0,0,0,99.71275624999998,0,0,0,0,0,0,0,0,0,0,0,0,0,0,0,0,0,0,0,0,0,0,136.23585,86.29361444444444,0,0,86.25120000000001,0,0,128.47363735632183
7.630729269005846,77.96474166666667,12.738839883040935,0,0,0,79.60110375,17.900552894736844,0,0,139.1285,11.18628649122807,58.130428928571426,91.7785405982906,127.25795161290321,0,0,183.4055,175.2105,149.87099999999998,0,0,175.44650000000001,160.94327272727273,115.7083590909091,0,72.9488994897959,71.29403431952663,115.28700208333333,114.596039,0,84.6950628318584,0,51.70905131578947,100.28716815286627,57.17806036585366,63.96374431137725,80.04892258064517,49.24062981366459,117.3590980769231,82.58245486111112,78.3570616883117,102.71147592592592,73.35049298245615,25.64224093567252,120.2415,0,109.70282870370369,79.7458461988304,0,0,0,32.90102719298246,79.40563125,117.38644819277108,155.50728301886792,0,0,0,0,173.41533333333336,0,0,0,0,0,0,0,112.32118999999999,0,0,0,124.15350000000001,0,85.55969999999999,133.26948863636363,69.41818461538462,100.53166999999999,0,60.597860887096765,0,0,132.13017395833333
17.1840084502924,10.608596432748538,0,0,0,13.858917397660814,15.888047836257307,84.09496959064326,72.39265287769786,86.16275739644969,0,0,79.908875,0,0,115.44367108433734,112.25415911764706,155.69380794701988,137.06815123456792,167.34567045454546,0,163.2103,168.3555,168.33454545454546,169.23007692307698,0,151.708,133.9374,163.73734,148.08335625000004,132.3903936170213,109.13750476190475,114.02250000000001,27.64610497076023,82.39278508771929,63.2914119883041,61.49976754385965,73.43252544910182,0,150.42340697674416,146.41168,108.548,111.275,124.412,118.4975,118.0423148148148,121.44883333333334,116.03321843971631,119.5838684375,122.3915,0,0,0,0,0,0,0,0,0,0,205.54149999999998,0,0,0,0,0,0,0,0,0,0,0,0,0,0,137.47870731707317,107.34705,127.74740000000003,125.1825,0,0,0,122.7036623529412
46.903503973509935,51.64026748466258,0,0,13.858917397660814,0,23.770082748538012,79.07133859649122,28.44491888888889,12.455080116959062,113.4205,0,0,0,0,66.63006111111112,86.47307660818714,121.5804632352941,114.25526794117647,151.56013333333334,0,162.868,154.24215000000004,169.07999999999998,171.5795,0,0,0,150.74619863013697,134.03678104575167,117.41249470588234,46.52920643274854,53.14775,12.807740438596488,85.30309732142857,73.47692342657342,64.04119853801168,75.70740401785714,94.51175,146.6475,0,0,0,0,0,123.08172727272726,120.08534090909092,119.349352,115.82835029585799,114.44130147058823,128.9181397058823,120.006,0,0,0,0,0,0,0,0,0,0,0,0,0,0,0,0,0,0,0,0,0,0,0,132.39841406250002,102.2491,126.15703333333333,132.43212499999998,0,0,0,125.55492393939393
17.325060614035085,19.569136549707597,12.663855467836258,79.60110375,15.888047836257307,23.770082748538012,0,28.64163450292397,27.86860906432748,75.85456198830408,157.5293235294118,101.63514,95.70035333333333,0,147.25900000000001,136.25190243902438,131.0247620481928,160.2079676470588,135.0005701754386,178.20701265822782,187.006,179.1995576923077,176.42436075949365,174.10190410958904,171.29618055555557,132.8505,155.30216666666664,131.1021531007752,157.26685843373494,147.07797633136093,138.49052857142857,140.98374371257486,0,91.83908251748251,83.24598830409356,55.64172017543859,65.32775847953216,81.42063391812866,67.02067896825397,141.9265,142.97237217391302,118.38121499999997,113.68412393617022,117.36305970149255,112.57579238095238,116.14272761194032,119.59672536764705,110.14273176470589,111.71167163742692,118.08939701986756,147.7708070175439,0,102.7205238095238,107.74242708333334,0,0,0,0,219.7687894736842,215.05683333333332,211.0797008547009,0,0,233.219,0,0,0,0,0,0,208.0145,0,178.263625,0,134.1557727272727,134.2005650887574,104.30392335766423,125.74420466666669,128.96367187500002,87.37608333333333,177.67925,0,125.93544444444443
106.059,97.34017651515151,28.227318362573097,17.900552894736844,84.09496959064326,79.07133859649122,28.64163450292397,0,15.962166374269007,43.651640350877194,25.988683918128654,16.442163684210524,13.998614444444444,27.633554970760233,108.52450994152045,137.67543040935672,144.96990935672514,145.00438888888888,146.46234117647057,107.11120380116958,146.77506435643565,171.2217878787879,178.11157232704403,172.83994047619046,177.77706617647058,154.91237719298246,170.5242321428571,142.0429191919192,169.39211971830989,165.05028869047618,153.216546875,142.7944447368421,127.294,98.23122603550296,82.71049415204678,63.99012105263159,69.28850847953217,77.70129736842105,80.01913783783785,147.04358588957055,149.8196329787234,128.34069796747968,117.53260942622951,112.60004909638555,78.73560701754384,119.24755214723926,115.47753538011695,110.17618479532163,63.95882748538012,105.42511871345029,115.3629283625731,96.20519852941176,47.702387426900586,53.0953821637427,82.22430672514619,139.70272727272726,151.74531623931625,184.85605555555557,200.718340625,196.19752654867256,152.25844152046784,174.25445,0,225.49118,199.71225,222.07449999999997,162.8625,183.325,169.56400000000002,211.3485,199.9962131147541,0,174.16367592592596,0,128.0056919642857,120.7456447368421,99.99221764705882,110.30289093567251,118.46342176470588,95.6028025,170.33633185840708,173.49620000000004,121.72420175438594
0,85.1779,0,0,72.39265287769786,28.44491888888889,27.86860906432748,15.962166374269007,0,15.868066403508768,0,0,0,0,0,87.42733025477706,103.97225321428571,100.5916396969697,102.66306183431952,132.92450000000002,0,0,129.28509210526317,0,148.74548750000002,0,0,0,136.4520467625899,131.74759756097563,115.35773888888889,137.73181666666667,0,93.08743,78.84493101265822,61.88465714285715,70.25920298013246,71.78420684931505,0,0,0,0,0,0,0,119.44857142857143,115.68116287878789,118.33027336065574,106.60574499999998,104.97354851190475,114.06887327044026,107.05483235294118,0,87.13250000000001,99.38903124999999,0,126.44408333333332,0,181.67950000000002,163.53875,175.85150000000002,0,0,0,0,0,0,0,0,0,0,0,0,0,125.41533333333332,121.80999055555556,91.02882166666666,110.89195531914893,111.59948333333332,0,0,0,121.5182704968944
97.29122294117647,118.44778231707316,0,0,86.16275739644969,12.455080116959062,75.85456198830408,43.651640350877194,15.868066403508768,0,36.28247192982456,0,0,77.79759000000001,0,14.100606432748537,63.735467251461976,86.62375321637425,97.5534529239766,120.20753289473683,0,0,131.53313333333332,0,147.11750000000004,0,0,102.68096333333332,136.28187499999999,127.79451580645161,110.80830250000001,30.178523976608187,35.278899074074076,19.713585380116953,70.12132923976607,64.8690865497076,60.572282748538015,65.10503479532163,0,113.14323181818182,126.08574999999999,0,0,0,0,0,130.06963095238095,149.4292222222222,115.49690438596492,115.22471999999999,116.92972222222221,110.54959941520467,0,0,110.3695245283019,0,126.18295270270269,138.78213461538462,157.22402727272726,170.19183333333334,156.25454583333334,0,0,0,0,0,0,0,0,0,0,0,149.2903181818182,0,129.2379285714286,129.56530579710144,99.61949024390243,118.88234210526315,121.74288461538461,0,146.20524999999998,0,105.35336461988304
0,0,0,139.1285,0,113.4205,157.5293235294118,25.988683918128654,0,36.28247192982456,0,101.2885875,64.26324817518247,11.576919502923976,58.74466666666666,34.24376988304094,86.54443832116789,46.462493949044585,94.55077857142857,17.613144152046782,0,0,79.17745,0,0,0,0,0,139.403,125.67596406250001,108.90950000000001,95.4563192622951,0,96.88853723404254,79.57637485380116,80.02480866666666,84.78886153846153,82.93913541666667,0,0,107.3365,0,0,0,0,0,0,0,90.82612573099415,114.64418333333333,110.39917719298244,72.81209824561404,0,80.8992125,63.53349649122808,85.19448214285713,117.81315264705883,119.12386363636365,123.55509060402684,134.3021923076923,98.85164239766083,0,0,152.722,0,0,0,0,0,157.43949999999998,152.23149999999998,117.92725,134.78806875,0,123.10045454545455,112.52411222222223,98.8193109375,110.1981514851485,111.05930612244897,0,119.21764999999999,0,117.22724853801168
32.84619857142857,0,0,11.18628649122807,0,0,101.63514,16.442163684210524,0,0,101.2885875,0,18.692637426900582,62.86614210526316,103.88156588235294,0,0,0,0,117.46722339181285,132.21524999999997,0,0,139.27075000000002,121.09118333333333,155.78099999999998,108.81778333333335,73.65504210526315,0,0,0,72.8934375,0,52.691500000000005,99.61237261904762,68.35031562500001,63.48466694915254,0,32.95875142857143,129.6035625,80.71553548387098,66.546325,81.374,87.84342708333334,36.3523230994152,0,0,99.4496965116279,56.315277485380115,0,0,0,14.888636900584794,42.53196081871344,92.78064862068966,126.39660964912281,0,0,0,0,140.17972039473682,147.53300000000002,0,0,158.22,0,0,0,98.04814999999999,0,0,0,0,0,0,121.29268181818182,71.83906545454545,91.54699999999998,0,43.15588461538463,0,0,157.368
68.75033,0,0,58.130428928571426,79.908875,0,95.70035333333333,13.998614444444444,0,0,64.26324817518247,18.692637426900582,0,21.616757894736843,67.59280292397662,0,0,0,0,83.41882573099416,107.00185727272729,114.3185,0,113.95188333333331,149.58661111111113,124.0888043478261,134.86994677419355,103.97875769230768,0,0,0,0,0,0,97.26748678160921,68.92070416666665,81.7808858490566,79.463175,59.272310000000004,112.56971984126984,113.3545,88.33635,0,0,76.79272242990655,0,82.92975,98.78347794117649,49.59398362573099,76.6055,0,76.09633571428571,28.562016959064326,10.694894356725145,47.36322134502924,94.16245214285715,0,0,0,0,107.51807588235293,111.24600000000001,0,0,0,0,0,0,0,0,0,0,0,0,0,103.97700595238096,88.4743111111111,92.01968181818181,105.23745,72.55891666666665,0,0,127.17292857142859
105.13082499999999,0,0,91.7785405982906,0,0,0,27.633554970760233,0,77.79759000000001,11.576919502923976,62.86614210526316,21.616757894736843,0,19.71654064327485,77.86129230769231,87.16819285714286,104.03222804878047,0,33.820560818713446,75.22050290697675,80.15309,0,84.21594000000002,113.84112,81.28457894736842,105.8439605263158,136.04855555555554,0,115.638275,0,100.93074,0,0,99.18573474576269,97.7272625,105.92527131147543,99.75145,95.31783333333331,77.18764132653061,111.286,128.399,0,0,114.74289999999999,0,98.31280000000001,0,77.43161403508772,92.03868333333332,104.48544345238093,63.68523875739644,79.48599705882353,37.672135380116956,13.00067923976608,40.55965178571428,107.28149274193547,105.65462777777776,118.87783124999999,0,65.06292660818713,87.65472272727273,0,0,0,0,105.26355,0,0,0,0,0,123.04715,0,97.9291,110.9963875,109.81500909090909,103.85126666666666,127.668,110.1255,91.191,0,130.33953020833331
151.726,0,0,127.25795161290321,0,0,147.25900000000001,108.52450994152045,0,0,58.74466666666666,103.88156588235294,67.59280292397662,19.71654064327485,0,0,80.60092166666666,85.97811106870229,82.62289333333334,12.81656543859649,41.26619356725146,32.12137408536585,0,8.1690833625731,74.11892180451129,29.636430177514793,66.088171,127.91594999999998,102.89803636363636,112.23526750000002,0,101.85597195121953,0,97.294675,77.03309191616766,116.52980625000001,110.79663585858586,95.41071470588237,134.608,38.73991911764706,88.40140535714286,158.0455,0,0,153.64075,0,0,0,135.4044212121212,0,0,87.80059999999999,118.07984727891154,87.70010211267605,31.90683713450292,14.127644064327484,114.90525000000001,96.08865,111.68887651515152,101.58305,45.15704707602339,62.69776818181817,72.68565,123.009,48.71678333333333,0,0,0,0,129.346,136.02925,0,112.99340000000001,0,0,113.75667636363636,127.20949999999999,0,0,0,88.60405,0,113.18794145299145
109.9665805,133.88103076923076,0,0,115.44367108433734,66.63006111111112,136.25190243902438,137.67543040935672,87.42733025477706,14.100606432748537,34.24376988304094,0,0,77.86129230769231,0,0,14.647026900584796,26.226387719298245,71.24562882352942,73.63732259036145,0,0,123.25577272727273,0,136.281625,0,100.62335,104.92735400000002,123.37203846153847,114.90857530487807,98.53572499999999,34.72967397660819,23.468919005847955,25.49062280701754,70.33992573099415,81.77114502923978,62.81326403508772,67.0079207602339,0,110.7133714285714,108.83890000000002,0,0,0,0,0,0,0,164.78158333333332,0,134.2295882352941,118.89335333333332,0,0,110.43619696969697,0,129.37893251533743,130.4098346456693,136.31781,146.4362222222222,132.67711607142857,0,0,0,0,0,0,0,0,0,167.22361111111107,135.32025,146.88125,0,137.74295833333332,131.9858838888889,120.84044545454547,130.03170000000003,125.86525,0,0,0,101.57807222222222
111.29656551724138,124.29217765957448,0,0,112.25415911764706,86.47307660818714,131.0247620481928,144.96990935672514,103.97225321428571,63.735467251461976,86.54443832116789,0,0,87.16819285714286,80.60092166666666,14.647026900584796,0,38.40955263157894,16.643195906432748,90.28836676470588,100.6411357142857,0,102.79046630434785,0,120.9208871794872,119.81649999999999,128.5794,109.15422739726026,94.65172368421051,49.983394736842115,29.656870467836256,23.95500614035087,17.7280216374269,38.92683421052631,75.3578461988304,94.08758706293708,63.41802251461988,76.07581420118342,121.8715,107.13282558139538,110.86297777777777,0,0,0,0,0,0,190.846,183.10895312500003,0,145.8407307692308,125.53514999999999,0,0,101.46786666666665,93.99265,130.52307432432434,130.03279687499997,133.13715243902442,141.21447777777777,124.32929393939395,0,0,166.833,0,0,0,0,0,162.19713636363636,163.65233333333327,136.35025,147.89049333333332,0,131.02516666666665,138.1689351145038,140.75520000000003,142.49019047619046,143.0525,0,135.6352380952381,0,111.35039264705881
160.03231343283582,172.22688073394497,196.002,183.4055,155.69380794701988,121.5804632352941,160.2079676470588,145.00438888888888,100.5916396969697,86.62375321637425,46.462493949044585,0,0,104.03222804878047,85.97811106870229,26.226387719298245,38.40955263157894,0,13.919234005847954,23.237953216374265,22.766162865497073,56.3709507751938,25.377484795321635,77.35400271084337,87.9043134502924,93.85774957627117,132.1047816091954,141.0922364864865,102.8711596491228,115.46300701754384,107.59824479166667,106.97739736842105,85.8990046511628,104.83994082840235,86.43483976608186,120.05927105263157,88.59864707602338,88.98439210526315,131.79892857142855,92.62358450292396,117.59599907407409,0,0,0,0,0,0,224.35450000000003,202.60519333333337,190.667,169.76384782608696,131.9140211864407,0,0,122.11658333333334,115.38126,139.93145145631067,136.42351360544214,136.8922,143.820078125,122.58802339181285,141.744726993865,135.51823170731709,164.9492125748503,138.59777164948457,169.623698630137,132.362,159.6615,216.11950000000002,166.85998188405796,172.09427586206894,139.63721428571426,163.77619620253162,0,156.08805555555554,137.13896637426902,157.12789999999998,160.33754273504275,150.96376,0,135.16686496350366,165.57460000000003,118.50884795321636
149.2580040322581,157.0634583333333,181.06366666666668,175.2105,137.06815123456792,114.25526794117647,135.0005701754386,146.46234117647057,102.66306183431952,97.5534529239766,94.55077857142857,0,0,0,82.62289333333334,71.24562882352942,16.643195906432748,13.919234005847954,0,83.81308244047618,79.99625769230768,0,18.48781549707602,91.96940500000001,79.39244385964912,90.79423406593409,124.38727692307693,131.58770149253732,66.60337573099416,37.15638070175438,27.085693567251457,89.46773362573099,83.69835,101.51729705882353,93.5484260233918,129.73014045801526,87.95916461988304,89.7953149122807,126.97112000000001,97.6120931547619,109.3003425925926,0,0,0,0,0,0,210.12283333333335,191.55999038461536,172.16974999999996,166.36027777777778,0,0,0,0,0,144.60305555555553,138.6104761904762,143.3062679738562,142.47149315068492,127.74964371257484,139.13602857142857,135.383875,162.7892469879518,143.6261,164.68920000000003,0,0,0,162.15246153846152,167.01869444444444,0,165.32073529411767,0,0,149.39938636363638,0,164.32189393939393,154.264,162.6485,135.46812000000003,0,125.52384736842104
160.86613157894737,172.70908490566043,0,149.87099999999998,167.34567045454546,151.56013333333334,178.20701265822782,107.11120380116958,132.92450000000002,120.20753289473683,17.613144152046782,117.46722339181285,83.41882573099416,33.820560818713446,12.81656543859649,73.63732259036145,90.28836676470588,23.237953216374265,83.81308244047618,0,10.885165058479531,16.648703479532163,90.20369431137725,18.328274707602336,100.19999441176469,66.43422923976607,100.2807882352941,142.1016231884058,116.6059575949367,121.09066588235295,108.6720085365854,103.86976198830408,84.43598522727272,108.79651957831325,82.17132485380117,117.95461301775148,98.81526812865496,95.03847352941177,135.92704166666664,64.96841345029239,117.55122843750001,194.550625,0,0,172.74824038461543,0,0,209.824920212766,148.6708596491228,169.51249999999996,154.59520093457945,96.789274852071,131.63210802469135,100.25273735294117,53.98965058479532,43.857020760233915,130.73788855421685,123.01056953642387,123.3951461988304,129.54750914634147,44.51275555555555,94.69109298245615,101.77615500000002,148.57160233918128,108.84005269461075,157.1848525179856,129.15767499999995,154.51463333333336,181.49419999999998,152.5108375,158.00971383647803,125.71987735849052,149.94415963855423,0,146.96939743589743,120.55404824561403,147.29645703125001,144.8895119760479,136.70645890410958,157.44875,120.24759112426035,157.3518529411765,121.77346491228067
169.29649999999998,0,0,0,0,0,187.006,146.77506435643565,0,0,0,132.21524999999997,107.00185727272729,75.22050290697675,41.26619356725146,0,100.6411357142857,22.766162865497073,79.99625769230768,10.885165058479531,0,14.731724064327485,34.79331810559006,38.01269532163742,94.0027038888889,72.65578722222223,112.18153749999999,132.15300000000002,116.50352199999999,128.93849206349208,0,120.580777734375,0,115.20616666666666,95.727705,133.14775,109.39101962616824,95.36061428571429,0,76.29623558823529,118.1225,0,0,0,0,0,0,0,152.44042857142858,0,0,0,149.9425,112.27600000000001,82.00773055555554,61.03262446808511,0,0,122.03110150000002,134.4448,73.67821695906432,32.10322339181287,56.67525727272728,145.624445035461,82.16678496503498,130.973,0,0,0,149.4505,0,0,0,0,0,122.32711968085108,0,0,0,0,109.28243148148147,0,130.55522352941173
158.5730714285714,171.8624090909091,0,0,163.2103,162.868,179.1995576923077,171.2217878787879,0,0,0,0,114.3185,80.15309,32.12137408536585,0,0,56.3709507751938,0,16.648703479532163,14.731724064327485,0,27.861843395061726,13.756880175438598,69.45401377952756,55.254962068965526,103.49989444444444,128.39198214285713,113.07928239436619,123.2949344262295,0,125.22255691056912,0,125.663,94.87221488095238,146.6445,108.03989304347824,0,0,69.0748255952381,111.65741000000001,0,0,0,0,0,0,0,0,0,0,0,0,0,0,47.584506250000004,0,0,91.88672499999998,0,76.30220769230769,27.446395701754383,25.897902339181286,92.31172961165049,32.87998882352941,98.61466250000001,0,0,0,139.67649999999998,147.058,0,139.698,0,0,113.16642173913043,0,0,0,0,100.08164117647058,0,124.88045952380949
155.3648145695364,172.86328632478637,187.31349999999998,175.44650000000001,168.3555,154.24215000000004,176.42436075949365,178.11157232704403,129.28509210526317,131.53313333333332,79.17745,0,0,0,0,123.25577272727273,102.79046630434785,25.377484795321635,18.48781549707602,90.20369431137725,34.79331810559006,27.861843395061726,0,23.189638538011696,35.22060087719298,75.90975271084339,122.98580990566039,136.0225064935065,22.087969298245614,38.82518245614035,79.2417775,109.46614356725145,0,118.53864666666666,104.08825087719295,147.5643522727273,99.79232982456139,100.82242647058824,130.7628125,93.7101805882353,114.16705274390246,0,0,0,0,0,0,0,218.4885,0,0,0,0,0,0,119.3819,0,0,165.34852586206895,151.9940357142857,137.13857185628743,149.53872413793104,134.544612,166.4935174825175,134.40430246913576,170.00759090909088,0,0,0,177.572,0,0,0,0,0,144.25645039682536,0,0,0,0,122.61328142857141,0,130.23065911764706
152.1889,164.17846186440678,170.25410000000002,160.94327272727273,168.33454545454546,169.07999999999998,174.10190410958904,172.83994047619046,0,0,0,139.27075000000002,113.95188333333331,84.21594000000002,8.1690833625731,0,0,77.35400271084337,91.96940500000001,18.328274707602336,38.01269532163742,13.756880175438598,23.189638538011696,0,12.137828128654968,19.361062953216376,85.66138503184715,119.28862718750003,97.29621140350878,112.31996812865496,0,120.73762382352943,0,131.89625344827587,90.40530380116958,140.07101428571428,105.01954356725146,104.91679130434781,112.78233333333333,51.42554239766082,107.60118592233009,0,0,0,0,0,0,0,212.153,0,0,0,0,0,0,55.901005,0,0,145.5635,0,98.99526275167784,81.14180631578948,63.31701605504587,75.17697307692309,22.63168628654971,111.77744791666666,0,0,0,0,150.6985,0,0,0,0,116.31379812030075,0,140.90449999999998,0,0,97.33869683544305,0,108.13522939393938
136.88067068965518,156.0708559322034,145.72983333333335,115.7083590909091,169.23007692307698,171.5795,171.29618055555557,177.77706617647058,148.74548750000002,147.11750000000004,0,121.09118333333333,149.58661111111113,113.84112,74.11892180451129,136.281625,120.9208871794872,87.9043134502924,79.39244385964912,100.19999441176469,94.0027038888889,69.45401377952756,35.22060087719298,12.137828128654968,0,10.792755555555555,10.026143801169589,31.180091529411765,11.341136286549707,79.09870321637426,101.4186125,117.53642865497075,0,132.76391176470585,86.97620029239766,127.13486845637583,101.25252953216375,98.8169719858156,96.70352714285713,40.46132690058479,46.54158846153846,0,0,0,0,0,0,0,223.616625,0,0,0,0,0,0,0,0,0,171.24332051282053,161.78150000000002,151.53492335766424,150.670625,0,172.25955737704916,113.77968809523809,127.360659375,0,0,0,185.81949999999998,0,0,217.07,0,0,133.05611408450707,0,128.0505,0,0,103.94418269230769,0,114.77531823529412
121.13625,123.55199999999999,0,0,0,0,132.8505,154.91237719298246,0,0,0,155.78099999999998,124.0888043478261,81.28457894736842,29.636430177514793,0,119.81649999999999,93.85774957627117,90.79423406593409,66.43422923976607,72.65578722222223,55.254962068965526,75.90975271084339,19.361062953216376,10.792755555555555,0,15.972850029239765,75.84211428571429,64.92500512048193,100.09619240506329,0,118.37796406249998,0,0,89.6795059375,109.08500000000001,108.68799074074074,99.64995,0,20.38762894736842,45.428805555555556,0,0,0,0,0,0,0,0,0,0,0,0,0,0,0,0,0,0,0,136.27489687499997,0,0,0,0,0,0,0,0,0,0,0,0,0,0,0,0,0,0,0,74.82979999999999,0,57.17879481481482
53.9634691919192,144.594125,0,72.9488994897959,151.708,0,155.30216666666664,170.5242321428571,0,0,0,108.81778333333335,134.86994677419355,105.8439605263158,66.088171,100.62335,128.5794,132.1047816091954,124.38727692307693,100.2807882352941,112.18153749999999,103.49989444444444,122.98580990566039,85.66138503184715,10.026143801169589,15.972850029239765,0,7.774453245614035,60.47061022727273,97.5184611111111,0,110.9350862745098,0,45.268091666666656,72.35788040935672,104.80100105633804,65.10521038961039,58.6335937037037,67.77431944444443,25.13284795321637,13.343513187134501,0,0,0,99.98378181818182,0,0,0,176.99625,0,0,0,111.09868999999999,0,0,0,0,0,0,0,159.3145731707317,0,0,0,0,0,0,0,0,0,0,0,0,0,0,112.52000294117647,78.41159999999999,0,0,0,112.01589999999999,0,79.34355892857143
47.31738947368421,108.33915666666667,111.03738928571428,71.29403431952663,133.9374,0,131.1021531007752,142.0429191919192,0,102.68096333333332,0,73.65504210526315,103.97875769230768,136.04855555555554,127.91594999999998,104.92735400000002,109.15422739726026,141.0922364864865,131.58770149253732,142.1016231884058,132.15300000000002,128.39198214285713,136.0225064935065,119.28862718750003,31.180091529411765,75.84211428571429,7.774453245614035,0,23.460143421052635,21.33771915204678,105.81639000000001,13.418047982456141,0,36.39000670731708,80.87509941520467,101.49322025316454,47.84271345029239,58.47628220858897,66.07777420382166,65.61465233918129,28.469226608187135,102.28565000000002,0,0,94.31972014925374,0,0,0,159.37425000000002,0,0,0,90.71593461538461,124.68350000000001,0,0,0,0,189.127,0,180.98804629629635,0,0,0,0,0,0,0,143.2585,0,0,0,156.28199999999998,0,0,120.42742692307691,95.30663260869565,104.4994,0,81.2556625,0,0,99.11050572289159
120.12271344827587,141.4829692307692,129.46388888888887,115.28700208333333,163.73734,150.74619863013697,157.26685843373494,169.39211971830989,136.4520467625899,136.28187499999999,139.403,0,0,0,102.89803636363636,123.37203846153847,94.65172368421051,102.8711596491228,66.60337573099416,116.6059575949367,116.50352199999999,113.07928239436619,22.087969298245614,97.29621140350878,11.341136286549707,64.92500512048193,60.47061022727273,23.460143421052635,0,11.721664385964912,63.41674939759036,88.96986461988304,0,119.68401178571429,90.68000789473685,123.82292061068702,94.70900935672513,103.47015676470589,84.6054296875,55.00135526315788,60.114906000000005,0,0,0,0,0,0,0,212.91381249999998,0,0,0,0,0,0,0,176.063,0,169.20825233644857,164.68478260869566,153.22158333333334,152.80075,0,173.5208055555555,155.73125,183.51049999999998,0,0,0,174.62442857142858,183.34050000000002,0,0,0,0,161.52807272727276,0,132.17925,0,0,138.11025,0,139.49503450292397
108.24463859649123,137.21305136986305,130.64890000000003,114.596039,148.08335625000004,134.03678104575167,147.07797633136093,165.05028869047618,131.74759756097563,127.79451580645161,125.67596406250001,0,0,115.638275,112.23526750000002,114.90857530487807,49.983394736842115,115.46300701754384,37.15638070175438,121.09066588235295,128.93849206349208,123.2949344262295,38.82518245614035,112.31996812865496,79.09870321637426,100.09619240506329,97.5184611111111,21.33771915204678,11.721664385964912,0,19.341626900584796,14.643964795321637,0,100.1548760233918,91.86557631578945,125.64629143835616,87.96102280701753,99.55883099415206,86.1408590909091,68.21895350877192,73.77487310606061,0,0,0,143.803,0,0,210.7825,205.32039361702127,0,0,157.761875,0,0,0,0,168.1782375,163.7317105263158,170.33409539473683,172.32588095238094,158.10599696969695,0,0,180.17285000000004,145.00549999999998,0,0,0,0,181.95943749999998,178.29399999999998,0,181.74091666666664,0,0,170.68588659793812,0,152.25966666666665,172.886125,0,155.61677777777777,0,133.26432923976606
124.22476315789473,141.6587105263158,0,0,132.3903936170213,117.41249470588234,138.49052857142857,153.216546875,115.35773888888889,110.80830250000001,108.90950000000001,0,0,0,0,98.53572499999999,29.656870467836256,107.59824479166667,27.085693567251457,108.6720085365854,0,0,79.2417775,0,101.4186125,0,0,105.81639000000001,63.41674939759036,19.341626900584796,0,26.642389181286553,0,101.49653730769232,98.83294390243904,0,88.1854027607362,91.47051827956989,0,103.53015,0,0,0,0,0,0,0,0,187.4915,0,0,0,0,0,0,0,144.4015,0,149.44691304347825,0,135.79364285714283,0,0,0,0,0,0,0,0,0,0,0,0,0,0,0,0,0,0,0,0,0,128.43000724637682
43.351188888888885,93.17435443786982,121.93613461538462,84.6950628318584,109.13750476190475,46.52920643274854,140.98374371257486,142.7944447368421,137.73181666666667,30.178523976608187,95.4563192622951,72.8934375,0,100.93074,101.85597195121953,34.72967397660819,23.95500614035087,106.97739736842105,89.46773362573099,103.86976198830408,120.580777734375,125.22255691056912,109.46614356725145,120.73762382352943,117.53642865497075,118.37796406249998,110.9350862745098,13.418047982456141,88.96986461988304,14.643964795321637,26.642389181286553,0,12.976234619883042,27.538677192982455,81.57937982456139,103.32895403726708,52.2853178362573,78.43437777777778,85.05720277777777,85.78025117647059,69.94678344827587,0,0,0,107.86465000000001,0,0,186.34924999999998,183.12637837837838,0,159.34166666666664,137.0148846153846,0,0,110.5371875,118.91725,143.92606,141.12847222222223,149.90192899408282,157.89333695652172,140.70505588235292,0,0,189.41806250000002,143.57933333333332,0,0,0,0,176.2945,176.98506666666668,142.77775000000003,162.9320847457627,0,144.57549999999998,152.29685314685312,158.0136,151.97359574468084,155.12654166666667,0,152.7932857142857,0,115.41391578947365
95.24125,0,0,0,114.02250000000001,53.14775,0,127.294,0,35.278899074074076,0,0,0,0,0,23.468919005847955,17.7280216374269,85.8990046511628,83.69835,84.43598522727272,0,0,0,0,0,0,0,0,0,0,0,12.976234619883042,0,16.535083596491226,54.54041428571428,57.81791666666667,44.69933048780487,0,0,0,0,0,0,0,0,0,0,0,0,0,0,0,0,0,0,0,118.13550000000001,125.675,0,0,113.5785,0,0,0,0,0,0,0,0,0,0,0,0,0,0,0,0,0,0,0,0,0,0
13.118892631578948,49.86813713450292,85.722775,51.70905131578947,27.64610497076023,12.807740438596488,91.83908251748251,98.23122603550296,93.08743,19.713585380116953,96.88853723404254,52.691500000000005,0,0,97.294675,25.49062280701754,38.92683421052631,104.83994082840235,101.51729705882353,108.79651957831325,115.20616666666666,125.663,118.53864666666666,131.89625344827587,132.76391176470585,0,45.268091666666656,36.39000670731708,119.68401178571429,100.1548760233918,101.49653730769232,27.538677192982455,16.535083596491226,0,84.03758865030676,82.3549594059406,27.777225730994147,68.02686969696973,0,101.72072692307692,44.92242903225806,0,0,0,0,0,0,136.07591666666667,136.1914456521739,127.094,144.7395,0,0,0,0,0,138.7429,137.959,154.14738888888888,0,145.92816666666664,0,0,0,0,0,0,0,0,0,0,0,0,0,0,144.41846666666666,0,136.559,0,0,0,0,115.01182557251907
92.28312589285713,83.17162953216373,94.4506549689441,100.28716815286627,82.39278508771929,85.30309732142857,83.24598830409356,82.71049415204678,78.84493101265822,70.12132923976607,79.57637485380116,99.61237261904762,97.26748678160921,99.18573474576269,77.03309191616766,70.33992573099415,75.3578461988304,86.43483976608186,93.5484260233918,82.17132485380117,95.727705,94.87221488095238,104.08825087719295,90.40530380116958,86.97620029239766,89.6795059375,72.35788040935672,80.87509941520467,90.68000789473685,91.86557631578945,98.83294390243904,81.57937982456139,54.54041428571428,84.03758865030676,0,20.956863450292396,53.3981230994152,40.021252923976604,37.13746812865497,26.736403216374267,46.68331988304094,133.6495,135.43326666666664,132.23583333333332,125.52850500000005,136.36371875,130.5779025974026,133.25426331360947,117.29187397660817,121.47118901515151,128.2267364864865,110.81374512195123,117.55494500000003,106.75177575757577,113.660713,115.04076099999999,132.99957216494843,135.7825,137.5319581871345,150.56456934306567,122.43678304093565,131.08279681818178,108.83852837837838,153.1326512269939,111.52735244755246,129.6014034090909,81.23756666666667,115.70456666666666,149.24375,163.97215384615382,169.73064473684212,139.28683333333333,157.73157874015746,0,140.23014705882352,53.228922807017554,111.81832322834644,121.63975403726708,113.52380036764707,103.5223,72.31184585798816,93.258425,29.84846812865497
54.69072029411763,53.38507076023392,56.2764650887574,57.17806036585366,63.2914119883041,73.47692342657342,55.64172017543859,63.99012105263159,61.88465714285715,64.8690865497076,80.02480866666666,68.35031562500001,68.92070416666665,97.7272625,116.52980625000001,81.77114502923978,94.08758706293708,120.05927105263157,129.73014045801526,117.95461301775148,133.14775,146.6445,147.5643522727273,140.07101428571428,127.13486845637583,109.08500000000001,104.80100105633804,101.49322025316454,123.82292061068702,125.64629143835616,0,103.32895403726708,57.81791666666667,82.3549594059406,20.956863450292396,0,28.671853508771928,30.239896491228073,10.758261169590643,79.69691461988303,77.29961345029238,81.43872142857143,98.66376363636364,91.84437499999999,85.51681188118815,106.06837826086955,110.96042692307692,109.6656775,103.74927222222222,93.04215416666666,106.88453333333332,97.2114361111111,86.1204075,87.38066666666666,101.04818181818182,0,122.46901333333332,134.88007142857143,164.93124390243904,186.19650000000001,155.01854999999998,0,0,203.704,0,0,0,0,112.39777500000001,0,193.583,0,159.46716666666669,0,122.15174999999999,91.28846790123455,79.33501746031746,106.01764562499999,106.91587368421052,47.55470454545455,127.26275,0,61.30628684210525
53.06847719298246,59.23752807017542,66.15530863095238,63.96374431137725,61.49976754385965,64.04119853801168,65.32775847953216,69.28850847953217,70.25920298013246,60.572282748538015,84.78886153846153,63.48466694915254,81.7808858490566,105.92527131147543,110.79663585858586,62.81326403508772,63.41802251461988,88.59864707602338,87.95916461988304,98.81526812865496,109.39101962616824,108.03989304347824,99.79232982456139,105.01954356725146,101.25252953216375,108.68799074074074,65.10521038961039,47.84271345029239,94.70900935672513,87.96102280701753,88.1854027607362,52.2853178362573,44.69933048780487,27.777225730994147,53.3981230994152,28.671853508771928,0,7.404750321637427,18.06760178362573,80.94046705882354,32.893294152046785,105.693825,110.59833333333331,103.3185,83.52547738095237,131.9498076923077,129.0844333333333,130.2671157051282,111.60936637426902,114.29436666666666,121.32329642857142,111.04594425287355,77.49408846153847,91.28927499999999,107.32270625,128.23000000000002,129.63502777777776,138.13428333333334,153.65577950310558,163.06782786885242,141.0499035087719,156.011,0,188.85824390243903,135.93849999999998,0,0,0,0,167.81907692307692,166.17964285714285,164.006,155.63164705882352,0,133.06716666666665,127.2153753164557,107.20282739726026,101.95828731343283,115.61778076923079,58.38428125,130.9551,0,67.415366374269
76.65876984732826,73.50447159763314,83.30170564516129,80.04892258064517,73.43252544910182,75.70740401785714,81.42063391812866,77.70129736842105,71.78420684931505,65.10503479532163,82.93913541666667,0,79.463175,99.75145,95.41071470588237,67.0079207602339,76.07581420118342,88.98439210526315,89.7953149122807,95.03847352941177,95.36061428571429,0,100.82242647058824,104.91679130434781,98.8169719858156,99.64995,58.6335937037037,58.47628220858897,103.47015676470589,99.55883099415206,91.47051827956989,78.43437777777778,0,68.02686969696973,40.021252923976604,30.239896491228073,7.404750321637427,0,32.3760696875,72.1996602484472,19.88719035087719,0,0,0,71.89959999999999,0,133.413,136.52568333333332,120.91806286549705,122.6165,122.53226851851852,109.16607419354838,0,106.5184,0,0,122.62733333333333,135.86554999999998,149.09107792207791,154.808,135.7142844311377,0,0,162.06599999999997,0,0,0,0,0,143.69099999999997,154.4755,0,148.93627272727275,0,0,106.85679271523179,107.01746000000001,87.36543109756097,82.31677209302326,0,90.57692857142857,72.56559,39.11837836257309
51.72283450704226,59.64945243902439,60.519396825396825,49.24062981366459,0,94.51175,67.02067896825397,80.01913783783785,0,0,0,32.95875142857143,59.272310000000004,95.31783333333331,134.608,0,121.8715,131.79892857142855,126.97112000000001,135.92704166666664,0,0,130.7628125,112.78233333333333,96.70352714285713,0,67.77431944444443,66.07777420382166,84.6054296875,86.1408590909091,0,85.05720277777777,0,0,37.13746812865497,10.758261169590643,18.06760178362573,32.3760696875,0,84.71717364864865,54.870710650887574,67.261,0,0,61.05934714285714,0,0,0,103.771525,0,0,0,53.6557375,0,0,0,0,0,164.001,150.512,159.5038,0,0,0,0,0,0,0,88.38455,76.02425,85.6455,0,91.18125,0,0,66.43856323529411,43.37711363636363,43.02477926829269,0,25.669826470588234,88.28351666666666,42.9146,72.24373597122303
108.3187503846154,133.68708658536588,127.25891666666668,117.3590980769231,150.42340697674416,146.6475,141.9265,147.04358588957055,0,113.14323181818182,0,129.6035625,112.56971984126984,77.18764132653061,38.73991911764706,110.7133714285714,107.13282558139538,92.62358450292396,97.6120931547619,64.96841345029239,76.29623558823529,69.0748255952381,93.7101805882353,51.42554239766082,40.46132690058479,20.38762894736842,25.13284795321637,65.61465233918129,55.00135526315788,68.21895350877192,103.53015,85.78025117647059,0,101.72072692307692,26.736403216374267,79.69691461988303,80.94046705882354,72.1996602484472,84.71717364864865,0,16.828078070175437,0,0,0,0,0,0,199.07933333333335,180.00127777777777,0,0,135.24599999999998,143.33375,0,0,81.21896500000001,126.59825000000001,127.67205555555556,132.6700705128205,135.35105319148937,111.66487280701755,112.89577812499999,88.92997142857143,133.8827142201835,88.77949926470589,110.7553575,85.96418571428572,108.6809125,0,144.94292000000002,149.9,0,153.59325,0,0,79.4469661764706,135.8323333333333,123.5312625,101.8613,90.69565,60.85244509803922,105.73957777777777,67.95684678362572
62.37120819672132,131.9154603773585,96.6602,82.58245486111112,146.41168,0,142.97237217391302,149.8196329787234,0,126.08574999999999,107.3365,80.71553548387098,113.3545,111.286,88.40140535714286,108.83890000000002,110.86297777777777,117.59599907407409,109.3003425925926,117.55122843750001,118.1225,111.65741000000001,114.16705274390246,107.60118592233009,46.54158846153846,45.428805555555556,13.343513187134501,28.469226608187135,60.114906000000005,73.77487310606061,0,69.94678344827587,0,44.92242903225806,46.68331988304094,77.29961345029238,32.893294152046785,19.88719035087719,54.870710650887574,16.828078070175437,0,0,0,0,98.15196,0,0,0,177.90112499999998,0,0,0,0,0,0,0,0,0,157.81125,0,155.97052830188682,0,0,0,0,0,0,0,0,127.34287499999999,0,0,118.451,0,0,91.63998739495798,0,75.44914999999999,0,0,102.2611,74.32605,58.65406169590642
77.35797692307692,100.15424166666665,105.79921153846155,78.3570616883117,108.548,0,118.38121499999997,128.34069796747968,0,0,0,66.546325,88.33635,128.399,158.0455,0,0,0,0,194.550625,0,0,0,0,0,0,0,102.28565000000002,0,0,0,0,0,0,133.6495,81.43872142857143,105.693825,0,67.261,0,0,0,11.010479795321638,25.32002940828402,6.947723040935673,17.07796014619883,48.62502088235295,22.2093565497076,97.68680496894409,169.9385,103.98242696629212,0,48.19957260273972,67.50991538461538,106.1847857142857,143.8427,116.62300492957745,122.77710128205128,165.18249206349205,155.32438288288293,165.13958,171.37574999999998,164.4219375,164.70796176470586,151.38549328859062,145.35594402173913,99.60385,46.62270166666667,48.017275438596485,121.70694650349652,111.4604209375,121.927525,42.662642982456134,0,14.571506315789472,83.69670789473683,50.71081140350878,51.38594444444445,66.28381740506329,47.63535375000001,119.89608172043015,70.54949578947367,118.48079390243903
96.538775,105.7549431818182,111.2809375,102.71147592592592,111.275,0,113.68412393617022,117.53260942622951,0,0,0,81.374,0,0,0,0,0,0,0,0,0,0,0,0,0,0,0,0,0,0,0,0,0,0,135.43326666666664,98.66376363636364,110.59833333333331,0,0,0,0,11.010479795321638,0,61.40376666666666,0,10.656765467836257,55.99313164556961,24.376736637426898,97.26947829457363,108.70671250000001,121.04747441860468,0,0,0,0,0,139.21626923076923,138.34137096774194,175.05970238095236,165.35680000000002,173.10742105263157,0,0,177.2778905109489,160.487875,164.85772727272726,0,129.8784,117.52440735294118,155.542725,143.4759376984127,140.76518421052631,77.71354822485208,0,55.50482865497075,82.98324327485379,56.431080116959066,58.026839766081864,69.91260709876542,60.79858125,142.87165566037734,146.2143125,122.75478235294119
102.57586666666666,107.35517,95.3342561728395,73.35049298245615,124.412,0,117.36305970149255,112.60004909638555,0,0,0,87.84342708333334,0,0,0,0,0,0,0,0,0,0,0,0,0,0,0,0,0,0,0,0,0,0,132.23583333333332,91.84437499999999,103.3185,0,0,0,0,25.32002940828402,61.40376666666666,0,15.719081081871346,0,0,11.876191842105262,31.628226198830404,0,0,0,82.46398636363638,0,0,145.08525,0,0,0,187.077,169.29899999999998,0,0,188.2035294117647,165.5256,177.8795,0,0,112.8905,0,135.35433333333333,0,123.29439999999998,0,80.77323000000001,95.99055422077923,59.11055396341463,68.43543506493508,78.79800769230769,63.89247426470588,0,0,129.5599814814815
71.00096785714285,101.68799333333332,94.01078386075947,25.64224093567252,118.4975,0,112.57579238095238,78.73560701754384,0,0,0,36.3523230994152,76.79272242990655,114.74289999999999,153.64075,0,0,0,0,172.74824038461543,0,0,0,0,0,0,99.98378181818182,94.31972014925374,0,143.803,0,107.86465000000001,0,0,125.52850500000005,85.51681188118815,83.52547738095237,71.89959999999999,61.05934714285714,0,98.15196,6.947723040935673,0,15.719081081871346,0,0,0,87.48862608695651,20.004876666666668,0,0,129.106,12.149345672514618,59.320735666666664,98.80178571428571,135.50930454545454,0,0,206.317,174.40675,150.7760485074627,152.3765,0,177.3476052631579,156.81078947368417,149.78766666666664,0,75.82241666666665,85.72513655462184,118.83857142857138,119.239325,0,99.10776311475414,0,59.50891388888889,101.48172094017094,51.01876578947368,69.58083905109488,77.1462,45.46030216049383,118.55743888888888,75.60214285714288,129.29694999999998
0,110.72783571428572,0,120.2415,118.0423148148148,123.08172727272726,116.14272761194032,119.24755214723926,119.44857142857143,0,0,0,0,0,0,0,0,0,0,0,0,0,0,0,0,0,0,0,0,0,0,0,0,0,136.36371875,106.06837826086955,131.9498076923077,0,0,0,0,17.07796014619883,10.656765467836257,0,0,0,14.099981900584794,16.983101198830408,89.92423391812865,77.6395926356589,87.87255852941176,0,0,0,0,155.1475,121.23964183006538,119.51722641509436,163.17604999999998,155.06584545454547,170.99622340425532,0,0,173.77720833333333,168.3452857142857,180.82939999999996,0,116.017375,120.09059166666665,158.97919677419355,145.60334411764705,127.10500201612902,110.41833859649121,93.66355,27.355207309941516,82.47831432748538,66.82005000000001,59.07552514619883,66.93535526315789,0,147.31922357723576,146.47552500000003,123.1837485380117
0,0,0,0,121.44883333333334,120.08534090909092,119.59672536764705,115.47753538011695,115.68116287878789,130.06963095238095,0,0,82.92975,98.31280000000001,0,0,0,0,0,0,0,0,0,0,0,0,0,0,0,0,0,0,0,0,130.5779025974026,110.96042692307692,129.0844333333333,133.413,0,0,0,48.62502088235295,55.99313164556961,0,0,14.099981900584794,0,20.32531307017544,82.59971812865497,24.933581578947365,13.910222017543854,113.5522,0,0,0,133.75549999999998,74.8978096491228,89.04622514619882,134.2929652777778,125.08160342465754,157.74361904761906,0,0,155.65526576576576,0,162.98649999999998,0,0,111.254475,140.89266863905326,131.3875321637427,111.73947791411042,65.78987923976608,70.89501,14.759521608187132,85.94839064327485,64.61063192771086,69.66890321637425,74.43209097222223,0,136.81960131578947,0,125.91299107142856
112.32546363636365,113.9483375,117.91860833333334,109.70282870370369,116.03321843971631,119.349352,110.14273176470589,110.17618479532163,118.33027336065574,149.4292222222222,0,99.4496965116279,98.78347794117649,0,0,0,190.846,224.35450000000003,210.12283333333335,209.824920212766,0,0,0,0,0,0,0,0,0,210.7825,0,186.34924999999998,0,136.07591666666667,133.25426331360947,109.6656775,130.2671157051282,136.52568333333332,0,199.07933333333335,0,22.2093565497076,24.376736637426898,11.876191842105262,87.48862608695651,16.983101198830408,20.32531307017544,0,29.01804035087719,26.339775146198832,80.99793304093568,0,104.58662777777775,99.39747499999999,0,167.7453,135.09139064516128,138.52159433962265,165.90124251497008,151.47504437869821,177.24268322981365,186.8025,190.25430000000003,173.43995321637425,175.13359574468086,177.06075172413793,0,155.176,145.7662674528302,154.31344736842104,147.96412865497075,138.9812969924812,136.63496461988305,0,84.85766596385542,85.80580614035088,57.59361725146198,66.07581900584795,78.99152076023393,68.5832705882353,146.57740064102566,147.70558620689656,131.80712573099413
130.2710034090909,124.81580392156866,120.97344444444444,79.7458461988304,119.5838684375,115.82835029585799,111.71167163742692,63.95882748538012,106.60574499999998,115.49690438596492,90.82612573099415,56.315277485380115,49.59398362573099,77.43161403508772,135.4044212121212,164.78158333333332,183.10895312500003,202.60519333333337,191.55999038461536,148.6708596491228,152.44042857142858,0,218.4885,212.153,223.616625,0,176.99625,159.37425000000002,212.91381249999998,205.32039361702127,187.4915,183.12637837837838,0,136.1914456521739,117.29187397660817,103.74927222222222,111.60936637426902,120.91806286549705,103.771525,180.00127777777777,177.90112499999998,97.68680496894409,97.26947829457363,31.628226198830404,20.004876666666668,89.92423391812865,82.59971812865497,29.01804035087719,0,17.36022657894737,41.13659561403509,24.13138362573099,15.427443362573099,14.850576023391815,24.471391988304088,116.45821959064327,128.09245205882354,153.09346951219513,138.54780701754387,152.66955917159763,114.18399239766082,150.6233653846154,168.6491395348837,185.3354970760234,164.59088888888888,185.65369166666665,151.6580602409639,168.33472043010752,147.23182800000004,173.36500324675328,162.98393939393938,158.25,134.68938011695906,0,88.8014355882353,85.25569269005848,62.10942923976608,68.413015497076,75.02086695906432,81.22261666666668,132.64781529411763,148.23567391304348,123.88331578947367
0,125.0995,0,0,122.3915,114.44130147058823,118.08939701986756,105.42511871345029,104.97354851190475,115.22471999999999,114.64418333333333,0,76.6055,92.03868333333332,0,0,0,190.667,172.16974999999996,169.51249999999996,0,0,0,0,0,0,0,0,0,0,0,0,0,127.094,121.47118901515151,93.04215416666666,114.29436666666666,122.6165,0,0,0,169.9385,108.70671250000001,0,0,77.6395926356589,24.933581578947365,26.339775146198832,17.36022657894737,0,16.651242426900584,0,0,0,0,0,82.34227283950617,96.94814647435898,102.46631696969699,105.33093088235293,119.80539999999999,0,0,126.10683609271524,0,145.3959722222222,0,158.466,0,127.85717042682928,125.20471898734178,112.15827466666667,137.4825448051948,0,86.93407452830189,85.32139363057325,53.94911114457831,67.58344875,69.21265041322314,0,110.82701250000001,0,123.86720337423313
0,0,0,0,0,128.9181397058823,147.7708070175439,115.3629283625731,114.06887327044026,116.92972222222221,110.39917719298244,0,0,104.48544345238093,0,134.2295882352941,145.8407307692308,169.76384782608696,166.36027777777778,154.59520093457945,0,0,0,0,0,0,0,0,0,0,0,159.34166666666664,0,144.7395,128.2267364864865,106.88453333333332,121.32329642857142,122.53226851851852,0,0,0,103.98242696629212,121.04747441860468,0,0,87.87255852941176,13.910222017543854,80.99793304093568,41.13659561403509,16.651242426900584,0,33.129820175438596,0,0,74.311403125,0,14.15723505847953,62.75634795321638,85.38782280701754,101.44217192982454,120.25392959183672,0,0,136.29594017094018,0,150.97737777777778,0,125.1705,106.16785,131.53036526946107,124.96502100591717,103.25080461538461,31.627013742690053,22.885461111111105,18.956623976608185,72.38733187134503,57.343896491228065,63.60555935672515,66.2283730994152,94.25155000000001,90.76528029411764,105.117214,108.51154795321636
0,0,0,0,0,120.006,0,96.20519852941176,107.05483235294118,110.54959941520467,72.81209824561404,0,76.09633571428571,63.68523875739644,87.80059999999999,118.89335333333332,125.53514999999999,131.9140211864407,0,96.789274852071,0,0,0,0,0,0,0,0,0,157.761875,0,137.0148846153846,0,0,110.81374512195123,97.2114361111111,111.04594425287355,109.16607419354838,0,135.24599999999998,0,0,0,0,129.106,0,113.5522,0,24.13138362573099,0,33.129820175438596,0,99.95302307692309,67.49285844155845,12.169729473684209,62.97581,31.64366140350877,93.18065,44.63865929487179,110.7575,21.091570175438598,0,0,0,0,0,0,0,0,0,0,0,107.7003456521739,0,97.41277083333333,84.30988159509204,78.44619510869565,87.0919009933775,84.19428791208792,0,98.70965,0,122.29081547619047
59.27159642857143,0,99.71275624999998,32.90102719298246,0,0,102.7205238095238,47.702387426900586,0,0,0,14.888636900584794,28.562016959064326,79.48599705882353,118.07984727891154,0,0,0,0,131.63210802469135,149.9425,0,0,0,0,0,111.09868999999999,90.71593461538461,0,0,0,0,0,0,117.55494500000003,86.1204075,77.49408846153847,0,53.6557375,143.33375,0,48.19957260273972,0,82.46398636363638,12.149345672514618,0,0,104.58662777777775,15.427443362573099,0,0,99.95302307692309,0,18.007979883040935,66.47574117647059,106.49876499999999,0,0,0,0,118.15281959064326,135.17187500000003,137.8295,0,137.7535833333333,186.0935,149.67306250000001,139.74161818181815,89.38602702702703,121.654275,0,0,94.9468,0,58.5486,106.99246129032257,59.302393243243245,73.94783181818181,0,29.212723958333335,132.99994736842106,79.85905000000001,0
0,0,0,79.40563125,0,0,107.74242708333334,53.0953821637427,87.13250000000001,0,80.8992125,42.53196081871344,10.694894356725145,37.672135380116956,87.70010211267605,0,0,0,0,100.25273735294117,112.27600000000001,0,0,0,0,0,0,124.68350000000001,0,0,0,0,0,0,106.75177575757577,87.38066666666666,91.28927499999999,106.5184,0,0,0,67.50991538461538,0,0,59.320735666666664,0,0,99.39747499999999,14.850576023391815,0,0,67.49285844155845,18.007979883040935,0,23.324991812865495,70.77844883040936,0,0,122.3605,0,85.30571842105263,104.5993319672131,102.0424,0,110.71088333333333,153.566,119.4825,144.60053846153846,113.28878571428572,0,0,0,0,0,0,100.44976415094341,65.63003076923077,80.93494027777777,75.53913333333333,52.79135607476635,113.59069285714286,103.16186666666665,132.29693333333333
0,0,0,117.38644819277108,0,0,0,82.22430672514619,99.38903124999999,110.3695245283019,63.53349649122808,92.78064862068966,47.36322134502924,13.00067923976608,31.90683713450292,110.43619696969697,101.46786666666665,122.11658333333334,0,53.98965058479532,82.00773055555554,0,0,0,0,0,0,0,0,0,0,110.5371875,0,0,113.660713,101.04818181818182,107.32270625,0,0,0,0,106.1847857142857,0,0,98.80178571428571,0,0,0,24.471391988304088,0,74.311403125,12.169729473684209,66.47574117647059,23.324991812865495,0,19.05911374269006,76.81977499999998,81.62002222222222,98.95520555555555,0,32.99010058479532,74.31607094017096,73.02359999999999,0,82.92253125,0,89.48365,115.69613636363637,155.565,106.3515,112.64099999999999,0,98.828425,0,0,107.26474084507043,94.04817499999999,107.24920365853656,94.3879,89.9005840909091,84.77787424242425,121.36500000000001,131.45312454545456
0,0,0,155.50728301886792,0,0,0,139.70272727272726,0,0,85.19448214285713,126.39660964912281,94.16245214285715,40.55965178571428,14.127644064327484,0,93.99265,115.38126,0,43.857020760233915,61.03262446808511,47.584506250000004,119.3819,55.901005,0,0,0,0,0,0,0,118.91725,0,0,115.04076099999999,0,128.23000000000002,0,0,81.21896500000001,0,143.8427,0,145.08525,135.50930454545454,155.1475,133.75549999999998,167.7453,116.45821959064327,0,0,62.97581,106.49876499999999,70.77844883040936,19.05911374269006,0,0,84.11408636363636,85.50168854961832,87.3856825,14.492639561403509,45.93771169590643,31.11361588235294,99.62978148148146,9.272975730994153,63.41099117647059,23.339669590643272,56.632620414201185,104.51758815789474,108.10735087719299,121.86661111111111,81.78699999999999,116.39497329545455,0,122.5826375,84.33575847953216,120.55800957446809,109.96549754901962,98.24365694444442,129.0517037037037,32.62417807017544,79.67683860759495,117.74186506849313
0,0,0,0,0,0,0,151.74531623931625,126.44408333333332,126.18295270270269,117.81315264705883,0,0,107.28149274193547,114.90525000000001,129.37893251533743,130.52307432432434,139.93145145631067,144.60305555555553,130.73788855421685,0,0,0,0,0,0,0,0,176.063,168.1782375,144.4015,143.92606,118.13550000000001,138.7429,132.99957216494843,122.46901333333332,129.63502777777776,122.62733333333333,0,126.59825000000001,0,116.62300492957745,139.21626923076923,0,0,121.23964183006538,74.8978096491228,135.09139064516128,128.09245205882354,82.34227283950617,14.15723505847953,31.64366140350877,0,0,76.81977499999998,0,0,13.994924736842105,18.849980116959063,82.18170760233917,90.541854964539,0,0,122.8153360465116,0,142.7336176470588,0,103.90875,102.53900573770493,121.97107500000001,115.14785944055946,83.74233214285714,29.49357894736842,16.078206111111108,23.208787426900585,69.90889239766081,69.6614081871345,63.544788888888874,66.96670380116959,0,89.78279082840236,100.87989696969696,101.63196578947367
0,0,0,0,0,0,0,184.85605555555557,0,138.78213461538462,119.12386363636365,0,0,105.65462777777776,96.08865,130.4098346456693,130.03279687499997,136.42351360544214,138.6104761904762,123.01056953642387,0,0,0,0,0,0,0,0,0,163.7317105263158,0,141.12847222222223,125.675,137.959,135.7825,134.88007142857143,138.13428333333334,135.86554999999998,0,127.67205555555556,0,122.77710128205128,138.34137096774194,0,0,119.51722641509436,89.04622514619882,138.52159433962265,153.09346951219513,96.94814647435898,62.75634795321638,93.18065,0,0,81.62002222222222,84.11408636363636,13.994924736842105,0,31.14758011695906,16.041191520467834,95.44418170731707,96.63040000000001,0,94.92166811023621,0,120.23769179104477,111.204,119.324375,111.41165447761195,92.82935584795321,55.59169093567251,30.56558040935673,21.863319590643275,20.310173391812864,35.2409894736842,71.66244676470589,82.34490921985815,66.91047764705883,72.14211607142857,0,100.88873006993008,102.02208360655737,104.95352617647059
0,0,0,0,0,0,219.7687894736842,200.718340625,181.67950000000002,157.22402727272726,123.55509060402684,0,0,118.87783124999999,111.68887651515152,136.31781,133.13715243902442,136.8922,143.3062679738562,123.3951461988304,122.03110150000002,91.88672499999998,165.34852586206895,145.5635,171.24332051282053,0,0,189.127,169.20825233644857,170.33409539473683,149.44691304347825,149.90192899408282,0,154.14738888888888,137.5319581871345,164.93124390243904,153.65577950310558,149.09107792207791,164.001,132.6700705128205,157.81125,165.18249206349205,175.05970238095236,0,206.317,163.17604999999998,134.2929652777778,165.90124251497008,138.54780701754387,102.46631696969699,85.38782280701754,44.63865929487179,0,122.3605,98.95520555555555,85.50168854961832,18.849980116959063,31.14758011695906,0,16.119813157894736,24.94543421052632,22.357501754385964,54.551574683544295,32.09454210526315,77.50463905325444,94.68955294117646,103.47081538461539,132.77293859649123,144.50985144927535,107.83314093567252,117.91016617647058,94.2849289473684,114.21451695906431,91.26725714285715,104.48198157894737,86.76195672514619,115.26202088235293,87.2356356725146,86.55292923976607,139.3821,103.34082514619882,115.44889186746988,118.5552412280702
0,0,0,0,0,0,215.05683333333332,196.19752654867256,163.53875,170.19183333333334,134.3021923076923,0,0,0,101.58305,146.4362222222222,141.21447777777777,143.820078125,142.47149315068492,129.54750914634147,134.4448,0,151.9940357142857,0,161.78150000000002,0,0,0,164.68478260869566,172.32588095238094,0,157.89333695652172,0,0,150.56456934306567,186.19650000000001,163.06782786885242,154.808,150.512,135.35105319148937,0,155.32438288288293,165.35680000000002,187.077,174.40675,155.06584545454547,125.08160342465754,151.47504437869821,152.66955917159763,105.33093088235293,101.44217192982454,110.7575,0,0,0,87.3856825,82.18170760233917,16.041191520467834,16.119813157894736,0,68.62636783625729,72.80298615384615,82.0501,19.75328596491228,90.34152328767124,81.39797076023392,94.04179339622641,122.5834726027397,134.0629988970588,71.09845555555555,51.763585964912274,24.464167836257307,95.58535643274854,86.48686111111111,105.73003373493975,91.64566637426901,121.11098000000001,91.672417251462,93.79018205882353,131.41974999999996,108.14053993902439,106.94538187919463,124.97209323529412
196.73884615384617,198.3235,0,173.41533333333336,205.54149999999998,0,211.0797008547009,152.25844152046784,175.85150000000002,156.25454583333334,98.85164239766083,140.17972039473682,107.51807588235293,65.06292660818713,45.15704707602339,132.67711607142857,124.32929393939395,122.58802339181285,127.74964371257484,44.51275555555555,73.67821695906432,76.30220769230769,137.13857185628743,98.99526275167784,151.53492335766424,136.27489687499997,159.3145731707317,180.98804629629635,153.22158333333334,158.10599696969695,135.79364285714283,140.70505588235292,113.5785,145.92816666666664,122.43678304093565,155.01854999999998,141.0499035087719,135.7142844311377,159.5038,111.66487280701755,155.97052830188682,165.13958,173.10742105263157,169.29899999999998,150.7760485074627,170.99622340425532,157.74361904761906,177.24268322981365,114.18399239766082,119.80539999999999,120.25392959183672,21.091570175438598,118.15281959064326,85.30571842105263,32.99010058479532,14.492639561403509,90.541854964539,95.44418170731707,24.94543421052632,68.62636783625729,0,12.109154824561404,14.298100058479529,76.53418040935672,18.25655453216374,96.06713333333333,60.721500584795315,94.86092352941175,140.18613636363636,111.98546488095236,120.80811339285714,91.07060044642857,113.77278859649122,88.60484642857142,115.4649929936306,82.68948216374268,118.17276941176473,100.78904736842105,95.22765059171597,139.99363541666665,70.16315497076023,111.47761818181819,122.95483918128654
0,0,0,0,0,0,0,174.25445,0,0,0,147.53300000000002,111.24600000000001,87.65472272727273,62.69776818181817,0,0,141.744726993865,139.13602857142857,94.69109298245615,32.10322339181287,27.446395701754383,149.53872413793104,81.14180631578948,150.670625,0,0,0,152.80075,0,0,0,0,0,131.08279681818178,0,156.011,0,0,112.89577812499999,0,171.37574999999998,0,0,152.3765,0,0,186.8025,150.6233653846154,0,0,0,135.17187500000003,104.5993319672131,74.31607094017096,45.93771169590643,0,96.63040000000001,22.357501754385964,72.80298615384615,12.109154824561404,0,18.734937134502925,33.44357368421053,41.47257192982457,96.86520203252034,79.26801652542375,111.49961875,144.28359999999998,113.26545492957746,125.50156395348837,94.91120000000001,123.98847661870504,0,126.89949999999999,93.39974883040935,129.003,107.60608565217392,96.95331923076924,0,83.82254817073171,115.10320000000002,129.47758717105262
0,0,0,0,0,0,0,0,0,0,0,0,0,0,72.68565,0,0,135.51823170731709,135.383875,101.77615500000002,56.67525727272728,25.897902339181286,134.544612,63.31701605504587,0,0,0,0,0,0,0,0,0,0,108.83852837837838,0,0,0,0,88.92997142857143,0,164.4219375,0,0,0,0,0,190.25430000000003,168.6491395348837,0,0,0,137.8295,102.0424,73.02359999999999,31.11361588235294,0,0,54.551574683544295,82.0501,14.298100058479529,18.734937134502925,0,22.90870140350877,15.670917719298243,75.70375294117648,59.319699615384614,92.15522129629629,129.4782794117647,113.31501357142858,124.86748214285711,0,128.39920103092786,0,0,93.88687323529412,153.6985,110.99701500000002,0,0,65.03669822485207,111.22895294117647,129.70319711538463
0,0,0,0,0,0,233.219,225.49118,0,0,152.722,0,0,0,123.009,0,166.833,164.9492125748503,162.7892469879518,148.57160233918128,145.624445035461,92.31172961165049,166.4935174825175,75.17697307692309,172.25955737704916,0,0,0,173.5208055555555,180.17285000000004,0,189.41806250000002,0,0,153.1326512269939,203.704,188.85824390243903,162.06599999999997,0,133.8827142201835,0,164.70796176470586,177.2778905109489,188.2035294117647,177.3476052631579,173.77720833333333,155.65526576576576,173.43995321637425,185.3354970760234,126.10683609271524,136.29594017094018,0,0,0,0,99.62978148148146,122.8153360465116,94.92166811023621,32.09454210526315,19.75328596491228,76.53418040935672,33.44357368421053,22.90870140350877,0,28.45930555555555,36.674333625730995,85.58252019230768,121.93046704545455,140.15371036585367,28.692002339181283,40.92806725146198,65.73838684210527,119.42345847953216,0,126.42956596385542,105.11320964912281,150.093048,107.17754502923975,113.57084936305732,141.65634375,102.46997029411766,116.23875906432747,133.3231023391813
0,0,0,0,0,0,0,199.71225,0,0,0,158.22,0,0,48.71678333333333,0,0,138.59777164948457,143.6261,108.84005269461075,82.16678496503498,32.87998882352941,134.40430246913576,22.63168628654971,113.77968809523809,0,0,0,155.73125,145.00549999999998,0,143.57933333333332,0,0,111.52735244755246,0,135.93849999999998,0,0,88.77949926470589,0,151.38549328859062,160.487875,165.5256,156.81078947368417,168.3452857142857,0,175.13359574468086,164.59088888888888,0,0,0,137.7535833333333,110.71088333333333,82.92253125,9.272975730994153,0,0,77.50463905325444,90.34152328767124,18.25655453216374,41.47257192982457,15.670917719298243,28.45930555555555,0,13.195457339181287,20.525109941520466,71.33894411764706,113.10793173076921,92.81913918128653,110.38335595238095,0,119.39981745562132,0,124.69870833333331,92.11138479532163,135.1075,110.58666975308638,0,120.8578125,47.75914561403509,100.30944586466164,114.17842323529412
0,0,0,0,0,0,0,222.07449999999997,0,0,0,0,0,0,0,0,0,169.623698630137,164.68920000000003,157.1848525179856,130.973,98.61466250000001,170.00759090909088,111.77744791666666,127.360659375,0,0,0,183.51049999999998,0,0,0,0,0,129.6014034090909,0,0,0,0,110.7553575,0,145.35594402173913,164.85772727272726,177.8795,149.78766666666664,180.82939999999996,162.98649999999998,177.06075172413793,185.65369166666665,145.3959722222222,150.97737777777778,0,186.0935,153.566,0,63.41099117647059,142.7336176470588,120.23769179104477,94.68955294117646,81.39797076023392,96.06713333333333,96.86520203252034,75.70375294117648,36.674333625730995,13.195457339181287,0,11.759185935672514,11.805388625730993,25.628730087719298,12.341185321637429,81.34235087719298,104.083735,121.62750470588236,0,124.24571704545455,87.0963447368421,126.88407900763359,114.62345088757397,120.71480588235295,106.37790625,41.892830701754384,58.191595180722906,126.78829470588235
0,0,0,0,0,0,0,162.8625,0,0,0,0,0,105.26355,0,0,0,132.362,0,129.15767499999995,0,0,0,0,0,0,0,0,0,0,0,0,0,0,81.23756666666667,0,0,0,0,85.96418571428572,0,99.60385,0,0,0,0,0,0,151.6580602409639,0,0,0,149.67306250000001,119.4825,89.48365,23.339669590643272,0,111.204,103.47081538461539,94.04179339622641,60.721500584795315,79.26801652542375,59.319699615384614,85.58252019230768,20.525109941520466,11.759185935672514,0,14.9410966374269,59.681825384615394,63.99552950310559,106.61354210526315,0,129.233134375,0,0,86.19678786982249,0,119.16990416666667,0,0,21.090073099415203,45.833774609375,78.65956551724138
0,0,0,0,0,0,0,183.325,0,0,0,0,0,0,0,0,0,159.6615,0,154.51463333333336,0,0,0,0,0,0,0,0,0,0,0,0,0,0,115.70456666666666,0,0,0,0,108.6809125,0,46.62270166666667,129.8784,0,75.82241666666665,116.017375,0,155.176,168.33472043010752,158.466,125.1705,0,139.74161818181815,144.60053846153846,115.69613636363637,56.632620414201185,103.90875,119.324375,132.77293859649123,122.5834726027397,94.86092352941175,111.49961875,92.15522129629629,121.93046704545455,71.33894411764706,11.805388625730993,14.9410966374269,0,8.059803040935671,54.580276143790854,98.21762058823529,0,105.514237,0,40.75517125984252,75.93393333333333,106.50363118279569,71.88355675675676,70.69210357142858,62.87864444444445,25.200275730994147,14.29446581871345,91.24520212121213
0,0,0,112.32118999999999,0,0,0,169.56400000000002,0,0,0,98.04814999999999,0,0,0,0,0,216.11950000000002,0,181.49419999999998,0,0,0,0,0,0,0,143.2585,0,0,0,0,0,0,149.24375,112.39777500000001,0,0,88.38455,0,0,48.017275438596485,117.52440735294118,112.8905,85.72513655462184,120.09059166666665,111.254475,145.7662674528302,147.23182800000004,0,106.16785,0,89.38602702702703,113.28878571428572,155.565,104.51758815789474,102.53900573770493,111.41165447761195,144.50985144927535,134.0629988970588,140.18613636363636,144.28359999999998,129.4782794117647,140.15371036585367,113.10793173076921,25.628730087719298,59.681825384615394,8.059803040935671,0,20.70127713450292,18.94821097058823,96.64253,15.712710906432749,95.56285,38.657148830409355,80.10224298245615,102.19502820512821,60.20308076923077,78.51146689189189,70.53930375,56.429619005847954,28.613403508771928,100.42560521472393
0,0,0,0,0,0,0,211.3485,0,0,157.43949999999998,0,0,0,129.346,0,162.19713636363636,166.85998188405796,162.15246153846152,152.5108375,149.4505,139.67649999999998,177.572,0,185.81949999999998,0,0,0,174.62442857142858,181.95943749999998,0,176.2945,0,0,163.97215384615382,0,167.81907692307692,143.69099999999997,76.02425,144.94292000000002,127.34287499999999,121.70694650349652,155.542725,0,118.83857142857138,158.97919677419355,140.89266863905326,154.31344736842104,173.36500324675328,127.85717042682928,131.53036526946107,0,121.654275,0,106.3515,108.10735087719299,121.97107500000001,92.82935584795321,107.83314093567252,71.09845555555555,111.98546488095236,113.26545492957746,113.31501357142858,28.692002339181283,92.81913918128653,12.341185321637429,63.99552950310559,54.580276143790854,20.70127713450292,0,12.276877251461988,69.28272393939395,79.05193157894738,0,115.52276794871796,86.5733149122807,123.85354444444444,101.5390119883041,111.38612852348994,88.44150277777777,59.22376725146197,70.3214493006993,137.18893136094675
0,0,0,0,0,0,208.0145,199.9962131147541,0,0,152.23149999999998,0,0,0,136.02925,167.22361111111107,163.65233333333327,172.09427586206894,167.01869444444444,158.00971383647803,0,147.058,0,150.6985,0,0,0,0,183.34050000000002,178.29399999999998,0,176.98506666666668,0,0,169.73064473684212,193.583,166.17964285714285,154.4755,85.6455,149.9,0,111.4604209375,143.4759376984127,135.35433333333333,119.239325,145.60334411764705,131.3875321637427,147.96412865497075,162.98393939393938,125.20471898734178,124.96502100591717,0,0,0,112.64099999999999,121.86661111111111,115.14785944055946,55.59169093567251,117.91016617647058,51.763585964912274,120.80811339285714,125.50156395348837,124.86748214285711,40.92806725146198,110.38335595238095,81.34235087719298,106.61354210526315,98.21762058823529,18.94821097058823,12.276877251461988,0,20.327137719298243,13.56186078947368,0,101.51990443786981,94.88259649122806,124.38299301470589,98.51618947368421,112.94388699186993,88.72175,85.18054848484849,81.10592777777778,134.0713656626506
0,0,0,0,0,0,0,0,0,0,117.92725,0,0,0,0,135.32025,136.35025,139.63721428571426,0,125.71987735849052,0,0,0,0,0,0,0,0,0,0,0,142.77775000000003,0,0,139.28683333333333,0,164.006,0,0,0,0,121.927525,140.76518421052631,0,0,127.10500201612902,111.73947791411042,138.9812969924812,158.25,112.15827466666667,103.25080461538461,0,0,0,0,81.78699999999999,83.74233214285714,30.56558040935673,94.2849289473684,24.464167836257307,91.07060044642857,94.91120000000001,0,65.73838684210527,0,104.083735,0,0,96.64253,69.28272393939395,20.327137719298243,0,24.75148830409356,40.614000000000004,85.30045000000001,86.37654029126212,99.52740937499999,88.89048818181816,85.98453749999999,0,104.34496,0,118.89089791666666
105.7715,0,0,124.15350000000001,0,0,178.263625,174.16367592592596,0,149.2903181818182,134.78806875,0,0,123.04715,112.99340000000001,146.88125,147.89049333333332,163.77619620253162,165.32073529411767,149.94415963855423,0,139.698,0,0,217.07,0,0,156.28199999999998,0,181.74091666666664,0,162.9320847457627,0,0,157.73157874015746,159.46716666666669,155.63164705882352,148.93627272727275,91.18125,153.59325,118.451,42.662642982456134,77.71354822485208,123.29439999999998,99.10776311475414,110.41833859649121,65.78987923976608,136.63496461988305,134.68938011695906,137.4825448051948,31.627013742690053,107.7003456521739,94.9468,0,98.828425,116.39497329545455,29.49357894736842,21.863319590643275,114.21451695906431,95.58535643274854,113.77278859649122,123.98847661870504,128.39920103092786,119.42345847953216,119.39981745562132,121.62750470588236,129.233134375,105.514237,15.712710906432749,79.05193157894738,13.56186078947368,24.75148830409356,0,14.222097017543858,29.41589035087719,88.13103391812865,96.64780372670806,66.27683187134502,85.5246701807229,79.02646826923076,99.25178443113775,66.20274355828222,117.49352076023392
0,0,0,0,0,0,0,0,0,0,0,0,0,0,0,0,0,0,0,0,0,0,0,0,0,0,0,0,0,0,0,0,0,0,0,0,0,0,0,0,0,0,0,0,0,93.66355,70.89501,0,0,0,22.885461111111105,0,0,0,0,0,16.078206111111108,20.310173391812864,91.26725714285715,86.48686111111111,88.60484642857142,0,0,0,0,0,0,0,95.56285,0,0,40.614000000000004,14.222097017543858,0,16.727837953216373,58.9554,0,58.14571,0,0,0,0,0
0,0,0,85.55969999999999,0,0,134.1557727272727,128.0056919642857,125.41533333333332,129.2379285714286,123.10045454545455,0,0,97.9291,0,137.74295833333332,131.02516666666665,156.08805555555554,0,146.96939743589743,0,0,0,0,0,0,0,0,0,0,0,144.57549999999998,0,0,140.23014705882352,122.15174999999999,133.06716666666665,0,0,0,0,14.571506315789472,55.50482865497075,80.77323000000001,59.50891388888889,27.355207309941516,14.759521608187132,84.85766596385542,88.8014355882353,86.93407452830189,18.956623976608185,97.41277083333333,58.5486,0,0,122.5826375,23.208787426900585,35.2409894736842,104.48198157894737,105.73003373493975,115.4649929936306,126.89949999999999,0,126.42956596385542,124.69870833333331,124.24571704545455,0,40.75517125984252,38.657148830409355,115.52276794871796,101.51990443786981,85.30045000000001,29.41589035087719,16.727837953216373,0,82.91776035502957,74.46658511450381,39.08224298245614,65.95843116438355,42.89013,107.79963255813956,39.72792826086957,112.42005191082804
137.536,136.02690185185185,136.23585,133.26948863636363,137.47870731707317,132.39841406250002,134.2005650887574,120.7456447368421,121.80999055555556,129.56530579710144,112.52411222222223,121.29268181818182,103.97700595238096,110.9963875,113.75667636363636,131.9858838888889,138.1689351145038,137.13896637426902,149.39938636363638,120.55404824561403,122.32711968085108,113.16642173913043,144.25645039682536,116.31379812030075,133.05611408450707,0,112.52000294117647,120.42742692307691,161.52807272727276,170.68588659793812,0,152.29685314685312,0,144.41846666666666,53.228922807017554,91.28846790123455,127.2153753164557,106.85679271523179,66.43856323529411,79.4469661764706,91.63998739495798,83.69670789473683,82.98324327485379,95.99055422077923,101.48172094017094,82.47831432748538,85.94839064327485,85.80580614035088,85.25569269005848,85.32139363057325,72.38733187134503,84.30988159509204,106.99246129032257,100.44976415094341,107.26474084507043,84.33575847953216,69.90889239766081,71.66244676470589,86.76195672514619,91.64566637426901,82.68948216374268,93.39974883040935,93.88687323529412,105.11320964912281,92.11138479532163,87.0963447368421,86.19678786982249,75.93393333333333,80.10224298245615,86.5733149122807,94.88259649122806,86.37654029126212,88.13103391812865,58.9554,82.91776035502957,0,22.30158333333333,40.47126228070175,27.969927192982453,37.256906176470586,28.250304385964913,44.76799444444444,30.398223684210528
63.73744166666666,87.75762222222222,86.29361444444444,69.41818461538462,107.34705,102.2491,104.30392335766423,99.99221764705882,91.02882166666666,99.61949024390243,98.8193109375,71.83906545454545,88.4743111111111,109.81500909090909,127.20949999999999,120.84044545454547,140.75520000000003,157.12789999999998,0,147.29645703125001,0,0,0,0,0,0,78.41159999999999,95.30663260869565,0,0,0,158.0136,0,0,111.81832322834644,79.33501746031746,107.20282739726026,107.01746000000001,43.37711363636363,135.8323333333333,0,50.71081140350878,56.431080116959066,59.11055396341463,51.01876578947368,66.82005000000001,64.61063192771086,57.59361725146198,62.10942923976608,53.94911114457831,57.343896491228065,78.44619510869565,59.302393243243245,65.63003076923077,94.04817499999999,120.55800957446809,69.6614081871345,82.34490921985815,115.26202088235293,121.11098000000001,118.17276941176473,129.003,153.6985,150.093048,135.1075,126.88407900763359,0,106.50363118279569,102.19502820512821,123.85354444444444,124.38299301470589,99.52740937499999,96.64780372670806,0,74.46658511450381,22.30158333333333,0,28.816267836257307,30.237285588235295,9.590336959064327,70.61377222222222,74.31191999999999,68.3027432748538
109.838,111.53875000000001,0,100.53166999999999,127.74740000000003,126.15703333333333,125.74420466666669,110.30289093567251,110.89195531914893,118.88234210526315,110.1981514851485,91.54699999999998,92.01968181818181,103.85126666666666,0,130.03170000000003,142.49019047619046,160.33754273504275,164.32189393939393,144.8895119760479,0,0,0,140.90449999999998,128.0505,0,0,104.4994,132.17925,152.25966666666665,0,151.97359574468084,0,136.559,121.63975403726708,106.01764562499999,101.95828731343283,87.36543109756097,43.02477926829269,123.5312625,75.44914999999999,51.38594444444445,58.026839766081864,68.43543506493508,69.58083905109488,59.07552514619883,69.66890321637425,66.07581900584795,68.413015497076,67.58344875,63.60555935672515,87.0919009933775,73.94783181818181,80.93494027777777,107.24920365853656,109.96549754901962,63.544788888888874,66.91047764705883,87.2356356725146,91.672417251462,100.78904736842105,107.60608565217392,110.99701500000002,107.17754502923975,110.58666975308638,114.62345088757397,119.16990416666667,71.88355675675676,60.20308076923077,101.5390119883041,98.51618947368421,88.89048818181816,66.27683187134502,58.14571,39.08224298245614,40.47126228070175,28.816267836257307,0,6.613378801169591,20.041386345029235,63.944457602339185,34.86982794117647,58.89443391812865
0,0,0,0,125.1825,132.43212499999998,128.96367187500002,118.46342176470588,111.59948333333332,121.74288461538461,111.05930612244897,0,105.23745,127.668,0,125.86525,143.0525,150.96376,154.264,136.70645890410958,0,0,0,0,0,0,0,0,0,172.886125,0,155.12654166666667,0,0,113.52380036764707,106.91587368421052,115.61778076923079,82.31677209302326,0,101.8613,0,66.28381740506329,69.91260709876542,78.79800769230769,77.1462,66.93535526315789,74.43209097222223,78.99152076023393,75.02086695906432,69.21265041322314,66.2283730994152,84.19428791208792,0,75.53913333333333,94.3879,98.24365694444442,66.96670380116959,72.14211607142857,86.55292923976607,93.79018205882353,95.22765059171597,96.95331923076924,0,113.57084936305732,0,120.71480588235295,0,70.69210357142858,78.51146689189189,111.38612852348994,112.94388699186993,85.98453749999999,85.5246701807229,0,65.95843116438355,27.969927192982453,30.237285588235295,6.613378801169591,0,38.36406538461539,22.32689590643275,25.511241566265056,37.72505350877192
60.602180000000004,0,86.25120000000001,60.597860887096765,0,0,87.37608333333333,95.6028025,0,0,0,43.15588461538463,72.55891666666665,110.1255,0,0,0,0,162.6485,157.44875,0,0,0,0,0,0,0,81.2556625,0,0,0,0,0,0,103.5223,47.55470454545455,58.38428125,0,25.669826470588234,90.69565,0,47.63535375000001,60.79858125,63.89247426470588,45.46030216049383,0,0,68.5832705882353,81.22261666666668,0,94.25155000000001,0,29.212723958333335,52.79135607476635,89.9005840909091,129.0517037037037,0,0,139.3821,131.41974999999996,139.99363541666665,0,0,141.65634375,120.8578125,106.37790625,0,62.87864444444445,70.53930375,88.44150277777777,88.72175,0,79.02646826923076,0,42.89013,37.256906176470586,9.590336959064327,20.041386345029235,38.36406538461539,0,87.18467941176469,50.41844786585366,73.65483695652175
0,0,0,0,0,0,177.67925,170.33633185840708,0,146.20524999999998,119.21764999999999,0,0,91.191,88.60405,0,135.6352380952381,135.16686496350366,135.46812000000003,120.24759112426035,109.28243148148147,100.08164117647058,122.61328142857141,97.33869683544305,103.94418269230769,74.82979999999999,112.01589999999999,0,138.11025,155.61677777777777,0,152.7932857142857,0,0,72.31184585798816,127.26275,130.9551,90.57692857142857,88.28351666666666,60.85244509803922,102.2611,119.89608172043015,142.87165566037734,0,118.55743888888888,147.31922357723576,136.81960131578947,146.57740064102566,132.64781529411763,110.82701250000001,90.76528029411764,98.70965,132.99994736842106,113.59069285714286,84.77787424242425,32.62417807017544,89.78279082840236,100.88873006993008,103.34082514619882,108.14053993902439,70.16315497076023,83.82254817073171,65.03669822485207,102.46997029411766,47.75914561403509,41.892830701754384,21.090073099415203,25.200275730994147,56.429619005847954,59.22376725146197,85.18054848484849,104.34496,99.25178443113775,0,107.79963255813956,28.250304385964913,70.61377222222222,63.944457602339185,22.32689590643275,87.18467941176469,0,14.64679111111111,36.25644678362573
0,0,0,0,0,0,0,173.49620000000004,0,0,0,0,0,0,0,0,0,165.57460000000003,0,157.3518529411765,0,0,0,0,0,0,0,0,0,0,0,0,0,0,93.258425,0,0,72.56559,42.9146,105.73957777777777,74.32605,70.54949578947367,146.2143125,0,75.60214285714288,146.47552500000003,0,147.70558620689656,148.23567391304348,0,105.117214,0,79.85905000000001,103.16186666666665,121.36500000000001,79.67683860759495,100.87989696969696,102.02208360655737,115.44889186746988,106.94538187919463,111.47761818181819,115.10320000000002,111.22895294117647,116.23875906432747,100.30944586466164,58.191595180722906,45.833774609375,14.29446581871345,28.613403508771928,70.3214493006993,81.10592777777778,0,66.20274355828222,0,39.72792826086957,44.76799444444444,74.31191999999999,34.86982794117647,25.511241566265056,50.41844786585366,14.64679111111111,0,55.58251812865497
121.8640207482993,120.18346264705882,128.47363735632183,132.13017395833333,122.7036623529412,125.55492393939393,125.93544444444443,121.72420175438594,121.5182704968944,105.35336461988304,117.22724853801168,157.368,127.17292857142859,130.33953020833331,113.18794145299145,101.57807222222222,111.35039264705881,118.50884795321636,125.52384736842104,121.77346491228067,130.55522352941173,124.88045952380949,130.23065911764706,108.13522939393938,114.77531823529412,57.17879481481482,79.34355892857143,99.11050572289159,139.49503450292397,133.26432923976606,128.43000724637682,115.41391578947365,0,115.01182557251907,29.84846812865497,61.30628684210525,67.415366374269,39.11837836257309,72.24373597122303,67.95684678362572,58.65406169590642,118.48079390243903,122.75478235294119,129.5599814814815,129.29694999999998,123.1837485380117,125.91299107142856,131.80712573099413,123.88331578947367,123.86720337423313,108.51154795321636,122.29081547619047,0,132.29693333333333,131.45312454545456,117.74186506849313,101.63196578947367,104.95352617647059,118.5552412280702,124.97209323529412,122.95483918128654,129.47758717105262,129.70319711538463,133.3231023391813,114.17842323529412,126.78829470588235,78.65956551724138,91.24520212121213,100.42560521472393,137.18893136094675,134.0713656626506,118.89089791666666,117.49352076023392,0,112.42005191082804,30.398223684210528,68.3027432748538,58.89443391812865,37.72505350877192,73.65483695652175,36.25644678362573,55.58251812865497,0
