0,11.76038570412978,0.27700915749163096,11.2353336547774,2.0056944106751753,0.16488750229189678,2.8711768661900785,0.014796384529593618,0,0.006362414884617285,0,0.03472663281310644,0.0012639073765919088,0.00022590925005249273,0,0.010641996007116142,0.03664183024231118,0.012705227054440006,0.014759797795139114,0.001309339787128454,9.288328043665758e-05,0.005888425751513395,0.03544475472030759,0.03628930685043189,0.013971456503505704,0,0.044679276107195326,0.5905677178217736,0.02698017305099339,0.102860661033796,0.001188953089141466,0.9780039505285864,0.0010257925457593088,10.286570293798052,0.12254556265890532,0.29456571338102644,0.7745399312252432,0.04018137036375595,0.13231172175235303,0.018994642524019327,0.04405315669833093,0.002274940993100745,0.00024104982029089686,0.001987923276820588,0.027615772458753143,0,0,0.0010547821458798362,0.0021616220482344162,0,0,0,0.0010218941304005146,0,0,0,0,0,0,0,0,0,0,0,0,0,0,0,0,0,0,0,0,0,0,0,0.0022002143850240454,0,0,0.003204392007475867,0,0,0.025230389514613424
11.76038570412978,0,0.011651417365126785,0.0007256077167435307,8.949549248676563,0.17628411213558728,3.1602779122792284,0.0365866564817942,0.00029347775071898984,0.008962159798206821,0,0,0,0,0,0.00799625678733932,0.03898625715127927,0.006874075703563316,0.012097086553927298,0.001211634051862512,7.759417458219068e-05,0.0015062843945743312,0.012859061598384918,0.01735437491766489,0.004987089173258909,0,9.868578040202822e-05,0.009430461489930068,0.006606750997840607,0.03246269111152459,0.002064002567146529,0.0939699709266957,6.439393122123557e-05,0.3889627018960685,0.4455846705088832,0.8291697698174524,0.5965346232765365,0.10141855754871737,0.021619331098952418,0.021058625645629908,0.004646475700061333,0.0017782549889459995,0.004091959063118403,0.0029453892459351716,0.0017600507607329488,0.0011050221880703395,0,0.02040277224839488,0.021600771361100526,0,0,0,0,0,0,0,0,0,0,0,0,0,0,0,0,0,0,0,0,0,0,0,0,0,0,0.0008836456388439479,0.0031494688502640704,0.0002537452463880956,0,0.00035698271939459093,0,0,0.1030269602160949
0.27700915749163096,0.011651417365126785,0,1.5998752596025534,0,0,2.201274910126095,0.5620396730799295,0,0.0002906350254601181,0,0.001096515699915065,0,0,0,5.503073894404548e-05,0.00018398415841539223,0.0010598935991406953,0.001287564038830948,0.0012340614639481412,0,5.961208363749917e-05,0.0012732334376283282,0.0030998703166797005,0.001630122822234289,0,6.5994959837964e-05,0.0123035008572553,0.0025539948107561575,0.006983595736866427,0,0.007500663060443122,0,0.0013001641542315957,0.11442021207543324,0.35076359434500143,0.2539323547792363,0.02249852354925639,0.09175961768769084,0.0030194854252520035,0.0012017820334353755,0.005126011057701376,0.005197636754059079,0.027666746769960105,0.06345616263947085,0.0008173887776642243,0,0.03782183697773496,0.06594575804410908,0.0001525709900325678,8.735921370547399e-05,0,0.004599465811506815,0,0,0,0,0,0,0,0.0003058130234418068,0,0,0,0,0,0,0,0,0,0,0,0,0,0,0.002747069107902754,0.017710726291357313,0.0009257854219000447,0,0.0022225179457303103,0,0,0.021220502158626742
11.2353336547774,0.0007256077167435307,1.5998752596025534,0,0,0,0.013744207413106647,5.141506540335494,0,0,0.00011172952725190416,9.928568056918094,0.08877708738617542,0.04161457120533278,0.013842316480080058,0,0,0,0,0.014825837608096165,0,6.185464384960992e-05,0,0.000671845864135922,0.003530476638364336,0,0.03708092764471619,0.20038102650118803,0.0015480442862905034,0.003700362619536657,0,0.03727209288215297,0,0.00772495294549646,0.056766047175917655,0.22262411707519297,0.190523023071268,0.0011100114955002033,0.202790848682962,0.0032441388300483167,0.014115935272952473,0.09732909775374901,0.005200359282845555,0.15428267643746207,5.2492283535479,0,0,0.0629673890235002,0.3413649882378962,0,0,0,0.8531399210352337,0.03046904787103688,0.00638888186064075,0.0019643829826507817,0,0,0,0,0.0043679593967793735,0,0,0,0,0,0,0,0.0014291194576104584,0,0,0,0,0,0,0.0010656491961416146,0.17146328343988637,0.0022965188629712665,0,0.057863704083748635,0,0,0.0021167518062818877
2.0056944106751753,8.949549248676563,0,0,0,9.46064370260185,11.12172630070288,0.21557413153019192,0.06969203543521642,0.10314721471996045,0,0,0.00022444301450674287,0,0,0.03953014467902391,0.13685290167276648,0.01766374031380248,0.057446498454572496,0.0015028333728470116,0,0.0009556799269056927,0.0069667441211063875,0.0031863044706177354,0,0,0,0.0003039470587186722,0.0030065506842393112,0.043994620123471204,0.020575009409828277,0.10249671269611811,0.0013906133084182828,2.6691404376940486,0.480335551485076,0.4642909776915726,0.555188986976488,0.09809154344691728,0,0.003518470296748298,0.0005226045229795543,0.0003199351851422193,0.0005445633238559767,0.00022737793250831502,0,0.0023733061114516512,0.0004546650096679069,0.048098366635660916,0.06941510468585609,0.0007750487583863808,0,0,0,0,0,0,0,0,0,0,0,0,0,0,0,0,0,0,0,0,0,0,0,0,0,0.003660596179478527,0,0.0002533733629195905,0,0,0,0,0.11636134665739253
0.16488750229189678,0.17628411213558728,0,0,9.46064370260185,0,3.121073581129622,0.440607740541573,2.4431577029123335,12.78604400090782,0.00023151491056139987,0,0,0,0,0.1654858561164411,0.21528128322646406,0.020343436487989936,0.08104451608228389,0.0002582917859741654,0,9.786729712207777e-05,0,0,0,0,0,0,0.004218970181287447,0.03880648064845788,0.01603224404944002,0.434772004292852,0.007346076847500117,11.009164277134216,0.1220224428822526,0.06851995970487243,0.250751441968836,0.02552556627384389,0.00015990950321500194,0,0,0,0,0,0,0.00023851409012888905,0.005873899592333093,0.032192994765576514,0.1213096532135114,0.032205728211875104,0.002537136218819221,0,0,0,0,0,0,0,0,0,0,0,0,0,0,0,0,0,0,0,0,0,0,0,0,0.003159201108815635,0.0003144662775740668,0.0005502665502047406,0,0,0,0,0.04059210944974876
2.8711768661900785,3.1602779122792284,2.201274910126095,0.013744207413106647,11.12172630070288,3.121073581129622,0,6.808678884822751,4.031162020888656,0.27190489015658886,0.00029592296291620093,0,0.0008258029561514597,0,0,0.015542823936650197,0.06277472706072276,0.04604424758532378,0.1802845551817217,0.00431219831786984,0.0001459539688224587,0.0031898967628820165,0.026847780783685868,0.019077430163184052,0.006328908535103644,0,0.000553642054522806,0.02451222571892618,0.05931045160339133,0.10252624283798785,0.03062698542657405,0.027489132287466814,0,0.031246879560629326,1.085836904806516,1.6986247155178573,0.9764298313299188,0.15993312426624134,0.07485095881914354,0.03359980890765822,0.011293778244193557,0.0037280910115047613,0.025190905595287846,0.02141247851587139,0.025316542449885043,0.045744861190818484,0.03574969553964485,0.44812386621661593,0.5731168603610973,0.06162013336724122,0.0008540855012210255,0,0.003131024472402028,0.0027865890111158295,0,0,0,0,0,0,0,0,0,0,0,0,0,0,0,0,0,0,0,0,0,0.07752597150260732,0.043202938520074945,0.018358463438373496,0.0011143192516362254,0.0017562819263402135,0,0,0.21780535420649128
0.014796384529593618,0.0365866564817942,0.5620396730799295,5.141506540335494,0.21557413153019192,0.440607740541573,6.808678884822751,0,12.14291110302208,1.8341514948058062,2.8534632496791237,6.836569350580178,10.8030473071508,3.3402742502569915,0.21482655437592932,0.03673961154276331,0.029696508472018185,0.08293844668410125,0.06543323413281041,0.5550934873570742,0.01867513747199747,0.00363461760217326,0.021348502864708664,0.011525069059289968,0.005100436705259707,0.007480379803325979,0.008590774817886147,0.01186979302753594,0.007462449280117051,0.014043379332881401,0.005199655657581872,0.03784474449028545,0.0002870349643473367,0.08992655448260471,1.7161285104940898,1.051570994646681,1.5583420774833092,0.4146114904542759,0.027401380663841367,0.03565084599778569,0.005806737130696215,0.01609527071585205,0.03621070381777195,0.06843296659590095,0.2760756943806677,0.06986283434399325,0.12778967852931572,0.6192107211721422,5.7592462953991745,0.32704380230078994,0.2536043319398843,0.1146732478204383,0.5620419759723351,0.37707898906319054,0.15327900902296487,0.03682904277971554,0.0025443273466401873,0,0.0004388268270101336,0,0.10743342061857639,0.00037946333724521295,0,0.0005037772093682805,0,0,0,0,0,0,0,0,0,0,0.006387995007918841,0.2848270263430262,0.16566016981452342,0.16468031157400742,0.06252517817544696,0.007968739441603903,0.001247629875186691,0,0.5515160742302164
0,0.00029347775071898984,0,0,0.06969203543521642,2.4431577029123335,4.031162020888656,12.14291110302208,0,10.909242942887229,0,0,0,0,0,0.04319945827219008,0.038557513667221384,0.1120866406277132,0.2611018435773299,0,0,0,0.008882506932554051,0,0.0032029598012503356,0,0,0,0.049772378060995534,0.03844611250429369,0.0059915643437266335,0.0009590919506018405,0,0,0.09114908109945451,0.04925665187889766,0.06629210672704895,0.013774120815972183,0,0,0,0,0,0,0,0,0.024351630072387345,0.0371249188037842,0.30841972059220546,0.1291812836402845,0.08017943365670062,0.0031901669395723495,0,0.00034804651564798126,0.0006087536133560376,0,0,0,0,0,0,0,0,0,0,0,0,0,0,0,0,0,0,0,0,0.005423224990930489,0.0028245429764324915,0.0018099826734634871,0,0,0,0,0.045548287192646156
0.006362414884617285,0.008962159798206821,0.0002906350254601181,0,0.10314721471996045,12.78604400090782,0.27190489015658886,1.8341514948058062,10.909242942887229,0,0.4462951898745209,0,0,0,0,18.354325774028784,0.4714796615180977,0.18565492383563695,0.13877740519358103,0.0009281078903359522,0,0,0.0014233364696695152,0,0,0,0,0.0016412258073513013,0.004587675614706806,0.015244066128573971,0.008139879835481348,1.1779711472714742,0.17142931006609918,4.785227802851128,0.6431680199459455,0.28653113954941856,0.9598191019933849,0.5154704414418815,0.00014898022619762918,0,0,0,0,3.0489278092949424e-05,0,0,0.001519662719359886,0,0.2359601937655944,0.044678658227414854,0.27432317119539823,0.16284650374494092,0,0,0.014121283030512832,0,0.03677977728597502,0.0006982923936446944,0,0,0.0008022336102804109,0,0,0,0,0,0,0,0,0,0,0,0,0,0,0.0044063797070215995,0.008070081810154974,0.016940180552151105,0.0013962334758539177,0,0.00018518162589107465,0,0.5305148940141033
0,0,0,0.00011172952725190416,0,0.00023151491056139987,0.00029592296291620093,2.8534632496791237,0,0.4462951898745209,0,0.0006006433362753671,0.07368517722319745,10.763617616643096,0.0047012559679062765,0.3707455523538326,0.05536291244543336,0.1535735793955271,0.00020120885517636907,5.195923223112077,0,0,0.00023627331093285022,0,0,0,0,0,0,0.001692437329417564,0,0.04075061332293139,0.0007764205598212412,0.0029661733435832447,0.22803830118915108,0.06878827865271092,0.11632679865849431,0.04096594936100893,0,0,0,0,0,0,0,0,0,0,0.1901492811456674,0,0.16899885394280567,0.525674970521013,0,0.001929010485909999,0.15355539115614275,0.00021545633273792748,0.08371255599211937,0.027667654832543326,0.03198817501502463,0.0006715584997566062,0.1336734649507789,0,0,0,0,0,0,0,0,0,0.0005732831601731681,0,0.009866708215854276,0.00014987063468785747,0.0006756194981084067,0.033968063276006315,0.009485308559968432,0.01889935012914136,0.0041249668789525,0,0.00020290370364029964,0,0.1507316129751201
0.03472663281310644,0,0.001096515699915065,9.928568056918094,0,0,0,6.836569350580178,0,0,0.0006006433362753671,0,2.9618224900383487,0.4343389368141843,0.14213674888300878,0,0,0,0,0.13941257120678807,0.002154766190012667,0,0,0.0001581563364284214,0.0003783714315817589,0.00024369054401747654,0.005930233621706842,0.02479803378788274,0,0,0,0.0013196271746096324,0,0,0.004736374057422072,0.001529372862305707,0.0152659980023896,0,0.035412064368060304,0.002971658852409061,0.005082467235153504,0.009798255023867336,0,0.011853467868742135,0.7768381932795903,0,0,0.005882965275148103,0.3679743623109913,0,0,0,4.870744990697253,0.19965576648204092,0.038579047499509224,0.01541162467326321,0,0,0,0,0.032046422683847726,0,0,0,0,0,0,0,0,0,0,0,0,0,0,0.0007422326031082819,0.012092749546244515,0,0,0.024487325393416613,0,0,0
0.0012639073765919088,0,0,0.08877708738617542,0.00022444301450674287,0,0.0008258029561514597,10.8030473071508,0,0,0.07368517722319745,2.9618224900383487,0,3.804842148060703,0.40432066606276684,0,0,0,0,0.4440395402707472,0.011979452363708783,0.0001376810180661314,0,0.00031325890013293885,0.0007676833481605839,0.0033335255534787836,0.0035686900665253493,0.0014405043248820724,0,0,0,0,0,0,0.017743479084627815,0.0005670270001300964,0.010704581003524949,0.00032603275207245675,0.006390878107808136,0.010491248748726981,0,0,0,0.00014518109585676649,0.02329810221374632,0,0.0001914355552152757,0.004185164188113496,0.5137850712664955,0.00024460513926724396,0,0.001489297106330713,0.6797876065306263,4.4970903856844275,0.21738077967165922,0.03625520672820043,0,0,0,0,0.07870230269728891,0.00015481462716492394,0,0,0,0,0,0,0,0,0,0,0,0,0,0.005495835358227558,0,0.0005156754787331754,0,0.002623521039272299,0,0,0.001800441295000326
0.00022590925005249273,0,0,0.04161457120533278,0,0,0,3.3402742502569915,0,0,10.763617616643096,0.4343389368141843,3.804842148060703,0,3.316441945300649,0.0004939118490202586,0.0008653881015047704,0.0007460993013459135,0,2.8782877410693493,0.033552576256976115,0.002032237827356509,0,0.0005374629910971215,0,0.004213593845531957,0.005302357073977062,0.0003649545507398007,0,0,0,0.0008820876021468128,0,0,0.016139784226456844,0.0002981325889384528,0.005144433825883055,0,0.002087383529235048,0.026273257348120534,0,0,0,0.0001525803697963503,0.004449654422281935,0,0,0,0.19283856079355263,0.00016949676662364016,0.011945942433410902,0.1173244921025279,0.10015258448944223,0.4301094467756901,5.410041471705481,0.2654177992543609,0.004086611299364764,0,0.000667120077236498,0,0.28699172238957754,0.0008580264818533868,0,0,0,0,0,0,0,0,0,0,0,0,0,0.002170153415026185,0.00023836964590799503,0.0006481183016879718,0,0.0004334078181858668,0,0,0.003079526932818157
0,0,0,0.013842316480080058,0,0,0,0.21482655437592932,0,0,0.0047012559679062765,0.14213674888300878,0.40432066606276684,3.316441945300649,0,0,0.004747390684359752,0.023023055508398244,0.0017304432099205485,16.376585938388637,0.23805140530446456,0.21939949701927167,0,7.322309624379936,0.04280336217838271,0.3554615123276875,0.10643434798052204,0,0.00029636761610615434,0.0014631464033051666,0,0.010608465629492117,0,0,0.10225160625854178,0,0.011868367319288002,0.0007959758315153566,0.0005013950318056652,0.37624827256611276,0.0012940366085747218,0,0,6.640248739686984e-05,0.0003800561684412759,0,0,0,0.03785136170662461,0,0,0.0009694120735059294,0.03187399942647523,0.04990197548830067,0.49645303833317306,2.8919859284909273,0,0.00042045046392654643,0.005465037438517632,0,0.5544899761598207,0.004212006502551192,0.0008425213916703417,0,0,0,0,0,0,0,0,0,0,0,0,0.0010750825214968418,0,0,0,0.00013710956654808135,0,0,0.011898965544220432
0.010641996007116142,0.00799625678733932,5.503073894404548e-05,0,0.03953014467902391,0.1654858561164411,0.015542823936650197,0.03673961154276331,0.04319945827219008,18.354325774028784,0.3707455523538326,0,0,0.0004939118490202586,0,0,16.74669219368947,2.7322617395319364,0.17402074004747717,0.050295691818967744,0,0,0,0,0,0,0,0.008371191731647767,0.009264380938498547,0.030669665298803224,0.006829661452994133,1.4740301582823538,0.9750736744974637,4.361850012888291,0.4907570576658304,0.09807681742895454,0.900624036609489,0.41055437101553555,0.000448297214135589,0,0,0,0,0,0,0,0,0,0.00023219044644327093,0,0.00505336040144609,0.057153387359169104,0,0,0.004198595120140642,0,0.05675530410354903,0.03664164605244778,0.020062509686337424,0,0.04641979032386721,0,0,0,0,0,0,0,0,0,0,0.00011447072558311552,0.005879308608226755,6.020105754093287e-05,0,0.0015595053336938886,0,0,0,0,0,0,0.39891886679817123
0.03664183024231118,0.03898625715127927,0.00018398415841539223,0,0.13685290167276648,0.21528128322646406,0.06277472706072276,0.029696508472018185,0.038557513667221384,0.4714796615180977,0.05536291244543336,0,0,0.0008653881015047704,0.004747390684359752,16.74669219368947,0,1.9621461597525256,11.788190692064223,0.20925340813992813,0.0007444513775514849,0,0.0013561165105351492,0,0.0014939698321629084,0,0,0.012136771032006251,0.11048156698957094,1.373277727550195,2.606473998862916,9.240284343927726,2.8517550883958505,2.4410011948691364,0.20346423775805714,0.019797387341797135,0.5970133904812541,0.12121977415274396,0.0008718794209156979,0.009606788804357445,0.0017219487902885371,0,0,0,0,0,0,0,0,0,0.00028876565136908044,0.01701996818451743,0,0,0,0,0.036324333079805385,0.017166682134691805,0.07512415975660412,0.0007649864201729125,0.06727123474561107,0,0,0,0,0,0,0,0,0,0,0,0.002057686272836439,8.080391550812357e-05,0,0.006333862424365785,0,0.0003198511733933176,0.00034779964980174354,0,0,0,0.09776865517569233
0.012705227054440006,0.006874075703563316,0.0010598935991406953,0,0.01766374031380248,0.020343436487989936,0.04604424758532378,0.08293844668410125,0.1120866406277132,0.18565492383563695,0.1535735793955271,0,0,0.0007460993013459135,0.023023055508398244,2.7322617395319364,1.9621461597525256,0,24.043796167512486,4.427220166487587,0.7069671022279622,0.07935705274286277,3.4872617043590846,0.10441160499512422,0.18439729297640303,0.029260276414894794,0.006412031417639822,0.025888223961698046,0.14244594531855198,0.13756694879402007,0.011208010466983446,0.32482243811024425,0.017346223190739446,0.122187699625025,0.6328566589614991,0.05794352031229412,0.46132693587694956,0.19454770400621105,0.007778731789720998,0.13783419461738497,0.03926422623436718,0,0,0,0,0,0,0,0,0,0,0.007555034612195259,0,0,0.0009475670244928769,0.003499095262427688,0.004693904378755113,0.02841090284119623,0.17134054883882274,0.03594408042918798,0.3321267921657098,0.03490299095834085,0.014894919375790213,0.04513102323518418,0.005385349598930117,0,0.00023702184425328644,0,0,0.00615188804815389,0.003999552949763419,0.00111994001923117,0.016514792006085327,0.00012730765213846533,0,0.07136731539291848,0,0.000768711952868731,0,7.90440293101976e-05,0.00624873392784051,0,0.27476037556851773
0.014759797795139114,0.012097086553927298,0.001287564038830948,0,0.057446498454572496,0.08104451608228389,0.1802845551817217,0.06543323413281041,0.2611018435773299,0.13877740519358103,0.00020120885517636907,0,0,0,0.0017304432099205485,0.17402074004747717,11.788190692064223,24.043796167512486,0,0.12985316354471552,0.0022271073249431348,0,7.423902563171076,0.0018346429919871277,0.3357010679146044,0.022117277411406018,0.006439957031922007,0.02740948737471551,1.1461918044540929,4.017661535161696,2.8059306176470327,0.4164845275096844,0.002709997326905333,0.09176918005675272,0.21846630912717185,0.002598169091635227,0.3639801802642336,0.14509756919285566,0.0063166582133576885,0.09220436878220707,0.028998508821831106,0,0,0,0,0,0,0,0,0,0,0,0,0,0,0,0,0,0.033513546893578786,0.002852746995367405,0.075581158945229,0.0029096543290064694,0.000703003403208321,0.003051643743749461,0,0,0,0,0,0,0,0,0,0,0,0.0009878189722051696,0,0,0,0.00010035926363424733,0,0,0.10658363012039292
0.001309339787128454,0.001211634051862512,0.0012340614639481412,0.014825837608096165,0.0015028333728470116,0.0002582917859741654,0.00431219831786984,0.5550934873570742,0,0.0009281078903359522,5.195923223112077,0.13941257120678807,0.4440395402707472,2.8782877410693493,16.376585938388637,0.050295691818967744,0.20925340813992813,4.427220166487587,0.12985316354471552,0,13.073321386572642,3.169792607829305,0.07239319350172341,4.333986993436897,0.08135606400533818,0.1923556019098778,0.08980109021196399,0.021654664160089567,0.04314822918546728,0.07319136229403159,0.01169532300925086,0.2626944554245692,0.015204677531186017,0.04443567528898863,0.6568877213095407,0.07396061374802915,0.23584581423770168,0.11653584137083131,0.007676034134302231,0.5347990133618624,0.03514114931452708,0,0,0.00019022570745196846,0.0010606884498471844,0,0,0,0.11252756632978807,0,0,0.08675329776971302,0.049145596459122295,0.09168536653549461,0.4400959349994056,0.602377315681042,0.03671311359723782,0.04791721073268869,0.31150825829827666,0.05991225875415315,3.977178206506218,0.12464359704110825,0.0642264651822183,0.08179123700198583,0.05854310454409804,0.003611182571510848,0.0007844737327530612,0.00017786369475412356,0.0003381326762045923,0.02441822261838104,0.004025817317581826,0.0025943816000728467,0.03046240428036418,0.00033183063751347465,0,0.18358530800385722,0.004398421723109855,0.024901187843675784,0.01580890486954307,0.0014048871665115889,0.06256628750914901,0.005012045800226439,0.24896123700514544
9.288328043665758e-05,7.759417458219068e-05,0,0,0,0,0.0001459539688224587,0.01867513747199747,0,0,0,0.002154766190012667,0.011979452363708783,0.033552576256976115,0.23805140530446456,0,0.0007444513775514849,0.7069671022279622,0.0022271073249431348,13.073321386572642,0,4.051246826738784,0.1948501672943876,0.7059326039350832,0.019032931978361603,0.02748088453442967,0.0015818697015331988,0,0.00275568052584573,0.00865791708276423,0,0.029215513726884836,0,0.00010861035407824103,0.07912631382560961,0.0002488212346852763,0.020891309247526947,0.0011993720469947405,0,0.09326058893773224,0.0004437403449141843,0,0,0,0,0,0,0,0.0007437619370072409,0,0,0,0,0.00042481386022638016,0.003637417396262265,0.015927384477668165,0,0,0.017586494418996974,0.00043516456681938563,0.18303375966949642,0.4700565412545767,0.09674680068959415,0.026343914878219767,0.04832775033884443,0.00013157926890820343,0,0,0,0,0,0,0,0,0,0.01502732123678502,0,0,0,0,0.0035291777866505746,0,0.012550810569271905
0.005888425751513395,0.0015062843945743312,5.961208363749917e-05,6.185464384960992e-05,0.0009556799269056927,9.786729712207777e-05,0.0031898967628820165,0.00363461760217326,0,0,0,0,0.0001376810180661314,0.002032237827356509,0.21939949701927167,0,0,0.07935705274286277,0,3.169792607829305,4.051246826738784,0,0.280336152112026,6.007081848360231,0.05429177881918139,0.06284783243105346,0.0016895109500948775,0.005266456948273904,0.012766619652982649,0.025681603255836776,0,0.027637815329478253,0,0.0004142540707927301,0.06988800459077106,0.00014702970090806395,0.02691902025130297,0,0,0.09525536461802009,0.0019380947171576692,0,0,0,0,0,0,0,0,0,0,0,0,0,0,0.00382024098030696,0,0,0.004070237259296416,0,0.06605047726076002,0.34627954810769895,0.2818845453616746,0.030088302098463093,0.2763687771887471,0.0011458049357535279,0,0,0,0.00013521349892791514,0.0003683017591931712,0,0.0002771311545272927,0,0,0.014186234018102064,0,0,0,0,0.003945107417954066,0,0.003986933902705385
0.03544475472030759,0.012859061598384918,0.0012732334376283282,0,0.0069667441211063875,0,0.026847780783685868,0.021348502864708664,0.008882506932554051,0.0014233364696695152,0.00023627331093285022,0,0,0,0,0,0.0013561165105351492,3.4872617043590846,7.423902563171076,0.07239319350172341,0.1948501672943876,0.280336152112026,0,2.064926025983884,3.198792119169178,0.11426060887355001,0.015734324614882996,0.03800305599911647,6.332362177904435,1.7079393227655049,0.009414996535887208,0.2757042030482171,0,0.04542360352186736,0.21034739359157534,0.0017960831405334603,0.22302600315395496,0.05994172468851068,0.004744996292250382,0.09053997923355481,0.04827549620969585,0,0,0,0,0,0,0,0,0,0,0,0,0,0,0,0,0,0.008019652096826382,0.0008334009312714539,0.06067353099724551,0.016315077891327523,0.015575128942912722,0.04025189491506089,0.008995322389740762,0.00020317702973164683,0,0,0,0,0,0,0,0,0,0.0093585449441654,0,0,0,0,0.0017091585082726253,0,0.06940556513862618
0.03628930685043189,0.01735437491766489,0.0030998703166797005,0.000671845864135922,0.0031863044706177354,0,0.019077430163184052,0.011525069059289968,0,0,0,0.0001581563364284214,0.00031325890013293885,0.0005374629910971215,7.322309624379936,0,0,0.10441160499512422,0.0018346429919871277,4.333986993436897,0.7059326039350832,6.007081848360231,2.064926025983884,0,14.719560085891407,2.9143145670472204,0.06683510858263432,0.04866763398678018,0.09253227949614871,0.10805087811920189,0,0.08574858990723888,0,0.0006632360062805447,0.17704321763634634,0.0004298632428233037,0.1045624198028279,0,0.0015682156223468275,0.49928558910877274,0.013816330001849059,0,0,0,0,0,0,0,0,0,0,0,0,0,0,0,0,0,0,0,0.03679102459815477,0.023031501974143023,0.044987230275432256,0.0566990522620607,0.8486913436725555,0.0007567720800964603,0,0,0,0,0,0,0,0,0,0.006943666825520655,0,0,0,0,0.0051954295570135955,0,0.04356260104448727
0.013971456503505704,0.004987089173258909,0.001630122822234289,0.003530476638364336,0,0,0.006328908535103644,0.005100436705259707,0.0032029598012503356,0,0,0.0003783714315817589,0.0007676833481605839,0,0.04280336217838271,0,0.0014939698321629084,0.18439729297640303,0.3357010679146044,0.08135606400533818,0.019032931978361603,0.05429177881918139,3.198792119169178,14.719560085891407,0,17.80766994676942,11.743076117454086,0.7152647400650562,31.80740449541379,0.20452716182646907,0.0006892290596182997,0.055195309738217756,0,0,0.346641647202238,0.009972208151034976,0.096352572121628,0.020876404345859988,0.013125641795554829,1.6425832410683807,0.34812039793869093,0,0,0,0,0,0,0,0,0,0,0,0,0,0,0,0,0,0.0002739191346022263,0,0.005645642230004616,0.0005237791392919563,0,0.0014144392586855057,0.00027397531651796416,0,0,0,0,0,0,0,0,0,0,0,0,0,0,7.863064192863442e-05,0.0015795889122621777,0,0.056454577864880624
0,0,0,0,0,0,0,0.007480379803325979,0,0,0,0.00024369054401747654,0.0033335255534787836,0.004213593845531957,0.3554615123276875,0,0,0.029260276414894794,0.022117277411406018,0.1923556019098778,0.02748088453442967,0.06284783243105346,0.11426060887355001,2.9143145670472204,17.80766994676942,0,3.623953559687609,0.02537315263268743,0.11241385758718685,0.010735787324160232,0,0.0069404890530413745,0,0,0.05589385622606026,0,0.00586468786181477,0.0001481929066643723,0.00012981108288652904,2.240460488715118,0.06446256579822023,0,0,0,0,0,0,0,0,0,0,0,0,0,0,0,0,0,0,0,0.0008336379861998799,0,0,0,0,0,0,0,0,0,0,0,0,0,0,0,0,0,0,0,0.0002812311890669024,0,0.09045995756938988
0.044679276107195326,9.868578040202822e-05,6.5994959837964e-05,0.03708092764471619,0,0,0.000553642054522806,0.008590774817886147,0,0,0,0.005930233621706842,0.0035686900665253493,0.005302357073977062,0.10643434798052204,0,0,0.006412031417639822,0.006439957031922007,0.08980109021196399,0.0015818697015331988,0.0016895109500948775,0.015734324614882996,0.06683510858263432,11.743076117454086,3.623953559687609,0,4.50010716465893,0.08618865634985722,0.004537005200538825,0,0.0032235315617302335,0,0.013842198842521013,0.4707292413025114,0.03685659816489706,0.09163750728856221,0.06960488227777277,0.024554843978221694,4.411634826028624,6.243253290916507,0,0,0,0.0003110103194153031,0,0,0,0,0,0,0,0,0,0,0,0,0,0,0,0,0,0,0,0,0,0,0,0,0,0,0,0,0,0,0.00025567363117435816,0,0,0,0.0003115155996246864,0,0,0.09751765966891601
0.5905677178217736,0.009430461489930068,0.0123035008572553,0.20038102650118803,0.0003039470587186722,0,0.02451222571892618,0.01186979302753594,0,0.0016412258073513013,0,0.02479803378788274,0.0014405043248820724,0.0003649545507398007,0,0.008371191731647767,0.012136771032006251,0.025888223961698046,0.02740948737471551,0.021654664160089567,0,0.005266456948273904,0.03800305599911647,0.04866763398678018,0.7152647400650562,0.02537315263268743,4.50010716465893,0,1.6858047165945613,2.182637195447383,0.00021954416986202222,4.225651146518717,0,0.28264240765394494,0.38217778982499057,0.05546631517854662,0.5300727541795848,0.13470467830651858,0.07641459706863647,0.3065273053839108,1.5957744720719211,0.001710167875960143,0,0,0.014346196261449338,0,0,0,0.0005597449757972138,0,0,0,0.0013772308696670466,0.00015819229361686588,0,0,0,0,0,0,0.0019230506982749608,0,0,0,0,0,0,0,0.00026117618344591174,0,0,0,0,0,0,0.00017883463237207848,0.0036946957739070656,0.0004947584993317073,0,0.005290304500694907,0,0,0.06637029870902772
0.02698017305099339,0.006606750997840607,0.0025539948107561575,0.0015480442862905034,0.0030065506842393112,0.004218970181287447,0.05931045160339133,0.007462449280117051,0.049772378060995534,0.004587675614706806,0,0,0,0,0.00029636761610615434,0.009264380938498547,0.11048156698957094,0.14244594531855198,1.1461918044540929,0.04314822918546728,0.00275568052584573,0.012766619652982649,6.332362177904435,0.09253227949614871,31.80740449541379,0.11241385758718685,0.08618865634985722,1.6858047165945613,0,36.08089215409636,0.1712637073617589,0.1579093976904479,0,0.004078335622187574,0.26115719263546755,0.0038922610254030483,0.17460832476544397,0.06477512771208171,0.015281408699992801,0.44593538197382915,0.10233488554779145,0,0,0,0,0,0,0,0,0,0,0,0,0,0,0,0,0,0.0005031044205883956,0,0.015620066612050908,0,0,0.00027461916881782667,0,0,0,0,0,0,0,0,0,0,0,0,0,0,0,0.00028457897036752143,0,0,0.02784781149638016
0.102860661033796,0.03246269111152459,0.006983595736866427,0.003700362619536657,0.043994620123471204,0.03880648064845788,0.10252624283798785,0.014043379332881401,0.03844611250429369,0.015244066128573971,0.001692437329417564,0,0,0,0.0014631464033051666,0.030669665298803224,1.373277727550195,0.13756694879402007,4.017661535161696,0.07319136229403159,0.00865791708276423,0.025681603255836776,1.7079393227655049,0.10805087811920189,0.20452716182646907,0.010735787324160232,0.004537005200538825,2.182637195447383,36.08089215409636,0,10.356274645529787,29.474297103164638,0.0002700535731185085,0.11802437645011686,0.22799446033156018,0.0039083038668627276,0.31736379126583036,0.10486037568720497,0.010266674942904378,0.2095679615994183,0.040626794151468866,0,0,0,0,0,0,0,0,0,0,0.00022978374787543674,0,0,0,0,0.0003377112420915816,0,0.010789895390558595,0,0.008784932099448545,0,0,0,0,0,0,0,0,0,0,0,0,0,0,0,0,0,0,9.083813775217693e-05,0,0,0.04695071245761093
0.001188953089141466,0.002064002567146529,0,0,0.020575009409828277,0.01603224404944002,0.03062698542657405,0.005199655657581872,0.0059915643437266335,0.008139879835481348,0,0,0,0,0,0.006829661452994133,2.606473998862916,0.011208010466983446,2.8059306176470327,0.01169532300925086,0,0,0.009414996535887208,0,0.0006892290596182997,0,0,0.00021954416986202222,0.1712637073617589,10.356274645529787,0,3.977124289014791,0.00015678050085847319,0.02863663625790421,0.010213792035188721,0,0.07764610605726353,0.018987207879619123,0,0.0003082891087622006,0,0,0,0,0,0,0,0,0,0,0,0,0,0,0,0,0.0001064727565914955,0,0.0006536166488494374,0,0.0008538672806463667,0,0,0,0,0,0,0,0,0,0,0,0,0,0,0,0,0,0,0,0,0,0.007123774833778418
0.9780039505285864,0.0939699709266957,0.007500663060443122,0.03727209288215297,0.10249671269611811,0.434772004292852,0.027489132287466814,0.03784474449028545,0.0009590919506018405,1.1779711472714742,0.04075061332293139,0.0013196271746096324,0,0.0008820876021468128,0.010608465629492117,1.4740301582823538,9.240284343927726,0.32482243811024425,0.4164845275096844,0.2626944554245692,0.029215513726884836,0.027637815329478253,0.2757042030482171,0.08574858990723888,0.055195309738217756,0.0069404890530413745,0.0032235315617302335,4.225651146518717,0.1579093976904479,29.474297103164638,3.977124289014791,0,5.976437008388937,5.978854027726436,0.24553627552033908,0.01587593988423396,1.0578906927268878,0.10827406320820568,0.010012029557457565,0.09802801042070954,0.057462626042804714,0,0,0,0.000582067987574162,0,0,0,0,0,0,0.004824767840845868,0,0,0,0,0.010084929138256886,0.0039964929321604815,0.06733424185102832,0,0.06928763001834302,0,0,0,0,0,0,0,0,0,0,0,0.0004460578803059936,8.635330857343517e-05,0,0.0049361763633287235,0,0,0.0005869699838947064,0.0002182462873646068,0,0,0.07072349084429837
0.0010257925457593088,6.439393122123557e-05,0,0,0.0013906133084182828,0.007346076847500117,0,0.0002870349643473367,0,0.17142931006609918,0.0007764205598212412,0,0,0,0,0.9750736744974637,2.8517550883958505,0.017346223190739446,0.002709997326905333,0.015204677531186017,0,0,0,0,0,0,0,0,0,0.0002700535731185085,0.00015678050085847319,5.976437008388937,0,3.6883954172643585,0.0032958514984307323,0.0011032578276085696,0.12302034962445411,0.0006015691901378508,0,0,0,0,0,0,0,0,0,0,0,0,0,0,0,0,0,0,0.000212324864204049,0.00023723524813317636,0.0004667397148387699,0,0.0006509478448579045,0,0,0,0,0,0,0,0,0,0,0,8.221689013971979e-05,0,0,0,0,0,0,0,0,0,0.00044056789278917424
10.286570293798052,0.3889627018960685,0.0013001641542315957,0.00772495294549646,2.6691404376940486,11.009164277134216,0.031246879560629326,0.08992655448260471,0,4.785227802851128,0.0029661733435832447,0,0,0,0,4.361850012888291,2.4410011948691364,0.122187699625025,0.09176918005675272,0.04443567528898863,0.00010861035407824103,0.0004142540707927301,0.04542360352186736,0.0006632360062805447,0,0,0.013842198842521013,0.28264240765394494,0.004078335622187574,0.11802437645011686,0.02863663625790421,5.978854027726436,3.6883954172643585,0,0.02904757836356726,0.007230584408513078,2.702491240852563,0.006208099235058505,0.00019411796131862263,0,0.012533082294779308,0,0,0,0,0,0,0,0.0009112409434514027,0,0,0,0,0,0,0,0,0,0,0,0,0,0,0,0,0,0,0,0,0,0,0,0,0,0,0,0,0,0,0,0,0,0.0010855905882211313
0.12254556265890532,0.4455846705088832,0.11442021207543324,0.056766047175917655,0.480335551485076,0.1220224428822526,1.085836904806516,1.7161285104940898,0.09114908109945451,0.6431680199459455,0.22803830118915108,0.004736374057422072,0.017743479084627815,0.016139784226456844,0.10225160625854178,0.4907570576658304,0.20346423775805714,0.6328566589614991,0.21846630912717185,0.6568877213095407,0.07912631382560961,0.06988800459077106,0.21034739359157534,0.17704321763634634,0.346641647202238,0.05589385622606026,0.4707292413025114,0.38217778982499057,0.26115719263546755,0.22799446033156018,0.010213792035188721,0.24553627552033908,0.0032958514984307323,0.02904757836356726,0,16.246115748665893,0.8463158076604406,0.9743843671836321,0.7122628860853463,8.214602368891406,2.4718277925346763,0,0.0016424731754585955,0.0010185723785337791,0.0008643098767358811,0.0048551670773729055,0.0031908432583656232,0.07597660765740001,0.3031199865387636,0.011942416290016583,0.004127363130863225,0.029336535011141314,0.0006005992454774497,0.003634606989571942,0.002035926097513342,0.0004720452316714431,0.0003173661439441214,0.0022616903168585856,0.06763120156596918,0.001978059648712875,0.17272103921393248,0.014097001977148355,0.0075573078015103564,0.014294384099699799,0.012301930521439217,0.0007268617078014794,0.0005991692994757379,0,0,0,0,0.00011008145766880366,0.00020921409963199088,0,0,0.8557625274865801,0.016967492937750572,0.02128927145611548,0.010633767539200216,0.0019571033549152885,0.11347689645952816,0.022459287545980148,13.811615565287381
0.29456571338102644,0.8291697698174524,0.35076359434500143,0.22262411707519297,0.4642909776915726,0.06851995970487243,1.6986247155178573,1.051570994646681,0.04925665187889766,0.28653113954941856,0.06878827865271092,0.001529372862305707,0.0005670270001300964,0.0002981325889384528,0,0.09807681742895454,0.019797387341797135,0.05794352031229412,0.002598169091635227,0.07396061374802915,0.0002488212346852763,0.00014702970090806395,0.0017960831405334603,0.0004298632428233037,0.009972208151034976,0,0.03685659816489706,0.05546631517854662,0.0038922610254030483,0.0039083038668627276,0,0.01587593988423396,0.0011032578276085696,0.007230584408513078,16.246115748665893,0,2.828915084330967,1.1501331174665532,5.642421399538402,0.234328726099047,0.16902117574275616,0.00024035369149404636,0.002862884752114169,0.004708283937761003,0.026491239791712324,0.002353365875665665,0,0.04368542818165394,0.1540527647266655,0.0004313976532484515,0.0029540100138762027,0.01380110607557808,0.0015571625381441822,0.0006033748650167768,0.0012377501638885164,0,0,0,0,0,0.00186992062907544,0,0,0,0,0,0,0,0.00037329499433012646,0,0,0,0,0,0,0.07601954744277338,0.013327862372307413,0.00585495446940596,0.001454470240036928,0.008936558879545834,0,0,1.5393202620332693
0.7745399312252432,0.5965346232765365,0.2539323547792363,0.190523023071268,0.555188986976488,0.250751441968836,0.9764298313299188,1.5583420774833092,0.06629210672704895,0.9598191019933849,0.11632679865849431,0.0152659980023896,0.010704581003524949,0.005144433825883055,0.011868367319288002,0.900624036609489,0.5970133904812541,0.46132693587694956,0.3639801802642336,0.23584581423770168,0.020891309247526947,0.02691902025130297,0.22302600315395496,0.1045624198028279,0.096352572121628,0.00586468786181477,0.09163750728856221,0.5300727541795848,0.17460832476544397,0.31736379126583036,0.07764610605726353,1.0578906927268878,0.12302034962445411,2.702491240852563,0.8463158076604406,2.828915084330967,0,25.86549017168645,1.5165955859975926,0.12023891947953523,0.4493471438539759,0,0.0004817202328596353,0.0012693988864353623,0.00927096339660289,0.00032717587505532266,0.00020426129915390186,0.013440811192883687,0.15829741001535955,0.0010466856089606,0.010099474419434068,0.017195964478422483,0.0010475495674834702,0.001048006821856069,0,0,0.00034516821580818293,0.00028229745795401345,0.001238554509879233,0,0.05907715188657356,9.352880281562327e-05,0,0,0,0,0,0,0,0,0,0,0,0,0,0.010602874779496351,0.004574672840335016,0.008564385635918444,0.0003033962320822537,0.008988151444937352,0,0,0.6642328672008215
0.04018137036375595,0.10141855754871737,0.02249852354925639,0.0011100114955002033,0.09809154344691728,0.02552556627384389,0.15993312426624134,0.4146114904542759,0.013774120815972183,0.5154704414418815,0.04096594936100893,0,0.00032603275207245675,0,0.0007959758315153566,0.41055437101553555,0.12121977415274396,0.19454770400621105,0.14509756919285566,0.11653584137083131,0.0011993720469947405,0,0.05994172468851068,0,0.020876404345859988,0.0001481929066643723,0.06960488227777277,0.13470467830651858,0.06477512771208171,0.10486037568720497,0.018987207879619123,0.10827406320820568,0.0006015691901378508,0.006208099235058505,0.9743843671836321,1.1501331174665532,25.86549017168645,0,0.17515467554959396,0.06285200382973054,0.9880176858445264,0,0,0,0,0,0,0.00043204689725849656,0.047146524645100524,0,0.0018677053814427174,0.004293515860534546,0,0.00016720610673825095,0,0,0.00015735992125216565,0.0001844988262241349,0.0002272114704128058,0,0.029637713739547315,0,0,0,0,0,0,0,0,0,0,0,0,0,0,0.02301428858248096,0.0005214114332848387,0.004728913694189589,0.0010175637707686472,0.000809334034149639,0,0,3.844746029814267
0.13231172175235303,0.021619331098952418,0.09175961768769084,0.202790848682962,0,0.00015990950321500194,0.07485095881914354,0.027401380663841367,0,0.00014898022619762918,0,0.035412064368060304,0.006390878107808136,0.002087383529235048,0.0005013950318056652,0.000448297214135589,0.0008718794209156979,0.007778731789720998,0.0063166582133576885,0.007676034134302231,0,0,0.004744996292250382,0.0015682156223468275,0.013125641795554829,0.00012981108288652904,0.024554843978221694,0.07641459706863647,0.015281408699992801,0.010266674942904378,0,0.010012029557457565,0,0.00019411796131862263,0.7122628860853463,5.642421399538402,1.5165955859975926,0.17515467554959396,0,0.04936433251648521,0.12503407328845814,0.001155732685198389,0,0.0003069629252181929,0.019191299447668606,0,0,6.970382866136818e-05,0.0015009692440120282,0,0,0,0.0030078971127132054,0,0,0,0,6.628220832615086e-05,0.00040902193293390263,0.0006524250404964016,0.0022247625387286957,0,0,0.00028804983959539686,0.00018146373399676485,0.00031411723735324176,0,0,0.0013224619312061671,0.0011387940823729189,0.0006209269721578374,0,0.001052266946098287,0,0,0.01883405968902475,0.01225138901442842,0.05371694778208266,0.0006693635039340337,0.0369782351110318,0.0013552483466945297,0.0008240773576032627,0.05875891451897785
0.018994642524019327,0.021058625645629908,0.0030194854252520035,0.0032441388300483167,0.003518470296748298,0,0.03359980890765822,0.03565084599778569,0,0,0,0.002971658852409061,0.010491248748726981,0.026273257348120534,0.37624827256611276,0,0.009606788804357445,0.13783419461738497,0.09220436878220707,0.5347990133618624,0.09326058893773224,0.09525536461802009,0.09053997923355481,0.49928558910877274,1.6425832410683807,2.240460488715118,4.411634826028624,0.3065273053839108,0.44593538197382915,0.2095679615994183,0.0003082891087622006,0.09802801042070954,0,0,8.214602368891406,0.234328726099047,0.12023891947953523,0.06285200382973054,0.04936433251648521,0,8.986246652224207,0,0,4.120480324000545e-05,0,0,0,0,0,0,0,0.00010831763479801367,0,0,0,0.0003828563492194371,0,0,0.01943166925660113,0,0.10100928449093009,0.010804346603179277,0.017421861181327308,0.005692930244565148,0.028162392714267303,0.0016637815855226024,0.0008691395995859281,0,0,0.0002809661957749351,0,0,0,0,0,0.10543083566957577,0,0,0,0.0008679899237679803,0.12041724340864327,0,0.2515757504642642
0.04405315669833093,0.004646475700061333,0.0012017820334353755,0.014115935272952473,0.0005226045229795543,0,0.011293778244193557,0.005806737130696215,0,0,0,0.005082467235153504,0,0,0.0012940366085747218,0,0.0017219487902885371,0.03926422623436718,0.028998508821831106,0.03514114931452708,0.0004437403449141843,0.0019380947171576692,0.04827549620969585,0.013816330001849059,0.34812039793869093,0.06446256579822023,6.243253290916507,1.5957744720719211,0.10233488554779145,0.040626794151468866,0,0.057462626042804714,0,0.012533082294779308,2.4718277925346763,0.16902117574275616,0.4493471438539759,0.9880176858445264,0.12503407328845814,8.986246652224207,0,0,0,0,0,0,0,0,0,0,0,0,0,0,0,0,0,0,0,0,0.005528913117789663,0,0,0,0,0,0,0,0,0,0,0,0,0,0,0.0179907242732146,0,0,0,0.00039664111327209536,0,0,0.44652333851154385
0.002274940993100745,0.0017782549889459995,0.005126011057701376,0.09732909775374901,0.0003199351851422193,0,0.0037280910115047613,0.01609527071585205,0,0,0,0.009798255023867336,0,0,0,0,0,0,0,0,0,0,0,0,0,0,0,0.001710167875960143,0,0,0,0,0,0,0,0.00024035369149404636,0,0,0.001155732685198389,0,0,0,12.972252245145448,0.2543513296836812,12.968155204836107,2.9402773671255042,0.25180539516018585,2.1536994633169226,0.055777536231055615,0,0.004014594557886178,0,0.03285699054687835,0.0031650959775788075,0.0002706752209516218,0,0.0014903898364237635,0.003263938984465884,0.004280826594798877,0.005132790716333574,0.0008311844322627642,0,0.0011267860717650753,0.04825194545189496,0.02069876689316898,0.006127184636518394,0,0.068152957417643,0.44954552561179245,0.027770056245893154,0.06465068956783393,0.0009023561303888033,0.9235767735444166,0.00012139259244950026,9.193518649137333,0.2660516769050523,0.4517895401465074,0.7401589498033984,0.07230211749236715,0.18924278388550758,0.004322753161936016,0.02264701948863552,0.04613238043711581
0.00024104982029089686,0.004091959063118403,0.005197636754059079,0.005200359282845555,0.0005445633238559767,0,0.025190905595287846,0.03621070381777195,0,0,0,0,0,0,0,0,0,0,0,0,0,0,0,0,0,0,0,0,0,0,0,0,0,0,0.0016424731754585955,0.002862884752114169,0.0004817202328596353,0,0,0,0,12.972252245145448,0,0.004963894937177424,0,7.555850251548248,0.14130655635678432,1.8545357241202605,0.040642356831888084,0.0003796391316293283,0.004070556732260254,0,0,0,0,0,0.0007688994574768024,0.003017638178229541,0.001842186373679904,0.0014953544427402854,0.00076676946082842,0,7.03645684349109e-05,0.017451230457667298,0.0037881621078738894,0.0006269141609033953,0,0,0.003728324424898564,0.0064242273152675935,0.024145006937906326,0.0020217538468851044,0.12402078640813598,0,0.24382799408869138,0.37571161533172515,0.5434392535649964,0.38184197817816107,0.08475997191658301,0.006509465334220347,0.015994465916167204,0.0006297879931989607,0.057800138706604366
0.001987923276820588,0.0029453892459351716,0.027666746769960105,0.15428267643746207,0.00022737793250831502,0,0.02141247851587139,0.06843296659590095,0,3.0489278092949424e-05,0,0.011853467868742135,0.00014518109585676649,0.0001525803697963503,6.640248739686984e-05,0,0,0,0,0.00019022570745196846,0,0,0,0,0,0,0,0,0,0,0,0,0,0,0.0010185723785337791,0.004708283937761003,0.0012693988864353623,0,0.0003069629252181929,4.120480324000545e-05,0,0.2543513296836812,0.004963894937177424,0,1.2086043222031508,0,0,1.619827096298701,0.47007717928854237,0.00021384447181230416,0.00023583266994841874,0,0.007164339184158976,0.00023609653802996128,0.00017278319090285437,0.00042050519487715174,0,3.4556549962307315e-05,0.0003566137887488036,0.0012403867775553344,0.001970864715290036,2.1696125944140395e-05,3.357332966320341e-05,0.004507164989628298,0.0024921714165535777,0.000990733616603665,0,0.00014221792071176368,0.0029521471427531648,0.001230063079218721,0.0034367821343203884,0,0.007045696895993818,0,0.0040534816359626795,0.07838792555831452,0.2125922885632297,0.14805401658002912,0.014790628256179644,0.03678629832947661,0.0002463024149976789,3.917958769117574e-05,0.00957365510804828
0.027615772458753143,0.0017600507607329488,0.06345616263947085,5.2492283535479,0,0,0.025316542449885043,0.2760756943806677,0,0,0,0.7768381932795903,0.02329810221374632,0.004449654422281935,0.0003800561684412759,0,0,0,0,0.0010606884498471844,0,0,0,0,0,0,0.0003110103194153031,0.014346196261449338,0,0,0,0.000582067987574162,0,0,0.0008643098767358811,0.026491239791712324,0.00927096339660289,0,0.019191299447668606,0,0,12.968155204836107,0,1.2086043222031508,0,0,0,0.008517846031328115,3.7190767210443525,0,0,0,8.071330439162603,0.11771322976758412,0.044184811440294895,0.015212085563661992,0,0,0,0,0.02359211757138161,0,0,0.0006371938390788023,0.0002941747302873225,0,0,0.0007273701918748201,0.04092340630561553,0.0011511791491400376,0.0009633479064293287,0,0.008357763583451316,0,0.003932563536211002,0.035368836409616876,0.3610166405268553,0.08914682043615357,0.0006369139035298898,0.20659523666142096,0.0003446983253416538,0.0016597730934383489,0.0006293714933180444
0,0.0011050221880703395,0.0008173887776642243,0,0.0023733061114516512,0.00023851409012888905,0.045744861190818484,0.06986283434399325,0,0,0,0,0,0,0,0,0,0,0,0,0,0,0,0,0,0,0,0,0,0,0,0,0,0,0.0048551670773729055,0.002353365875665665,0.00032717587505532266,0,0,0,0,2.9402773671255042,7.555850251548248,0,0,0,9.408873691214232,8.215130701440069,0.15317092243479385,0.04333019821074199,0.08333860074695365,0,0,0,0,0,0.01635687029069712,0.042443819551185334,0.007666868312478868,0.009823540902905697,0.0021860530762134083,0,6.388611669595992e-05,0.017663838615407747,0,0.00046921081090850377,0,0.00019004138113135446,0.004613746607428517,0.032424097920067146,0.08238535084086811,0.02219667522836502,0.11891171802239224,0.0005101313414732596,2.5582148917983365,0.4676483470375174,0.2977994298434507,0.3997905750426711,0.14109506731492746,0,0.011950665261489047,0.00017455624323955946,0.0851169940783478
0,0,0,0,0.0004546650096679069,0.005873899592333093,0.03574969553964485,0.12778967852931572,0.024351630072387345,0.001519662719359886,0,0,0.0001914355552152757,0,0,0,0,0,0,0,0,0,0,0,0,0,0,0,0,0,0,0,0,0,0.0031908432583656232,0,0.00020426129915390186,0,0,0,0,0.25180539516018585,0.14130655635678432,0,0,9.408873691214232,0,5.747276477128479,0.40345454735130665,3.5357333756952682,12.40952831441446,0.000192632575186119,0,0,0,0,0.11777812695488218,0.16697262611344083,0.003486808867546281,0.03804117485401969,0,0,0,0.004373214894083504,0,0.0008376760511215322,0,0,0.0001546050047665394,0.07461710327471412,0.14902016428575654,0.058950514732925376,0.36843983094729227,0.008302008213633286,10.149821312113382,0.1823837224853638,0.2049718221132624,0.15900318387494997,0.04571916849535497,0,0.0004939639667478233,0,0.04588481687484345
0.0010547821458798362,0.02040277224839488,0.03782183697773496,0.0629673890235002,0.048098366635660916,0.032192994765576514,0.44812386621661593,0.6192107211721422,0.0371249188037842,0,0,0.005882965275148103,0.004185164188113496,0,0,0,0,0,0,0,0,0,0,0,0,0,0,0,0,0,0,0,0,0,0.07597660765740001,0.04368542818165394,0.013440811192883687,0.00043204689725849656,6.970382866136818e-05,0,0,2.1536994633169226,1.8545357241202605,1.619827096298701,0.008517846031328115,8.215130701440069,5.747276477128479,0,7.256839127392003,5.209146602363862,0.26358801617939576,0,0.0017469185952901406,0.0003139725490086913,0,0,0.010396801888795286,0.019368286140428227,0.025435086714080228,0.08045656870666863,0.0034223058768677616,8.559939521931976e-05,0.0004985763836407481,0.06073490315083895,0.004516875420219077,0.010743145257900386,0,0.00020964072609673366,0.013348504527300065,0.1125821485728501,0.13228372465359292,0.025973162238811267,0.05917336230630684,0,0.08737681497905314,0.8086504672351595,1.221863640899234,0.7137685739374704,0.1550659696121047,0.041861189602793496,0.019463233294945228,0.0023858061306980477,0.1460251768187925
0.0021616220482344162,0.021600771361100526,0.06594575804410908,0.3413649882378962,0.06941510468585609,0.1213096532135114,0.5731168603610973,5.7592462953991745,0.30841972059220546,0.2359601937655944,0.1901492811456674,0.3679743623109913,0.5137850712664955,0.19283856079355263,0.03785136170662461,0.00023219044644327093,0,0,0,0.11252756632978807,0.0007437619370072409,0,0,0,0,0,0,0.0005597449757972138,0,0,0,0,0,0.0009112409434514027,0.3031199865387636,0.1540527647266655,0.15829741001535955,0.047146524645100524,0.0015009692440120282,0,0,0.055777536231055615,0.040642356831888084,0.47007717928854237,3.7190767210443525,0.15317092243479385,0.40345454735130665,7.256839127392003,0,11.318436581765926,2.060234690601269,2.671891434806467,8.047420076779275,8.191376746006025,3.782913220336731,0.2151724556396728,0.044961139538980996,0.011528541902944169,0.09976846287481292,0.05313001056578941,0.5271174313502662,0.02878223826633955,0.005611566685565412,0.04620196297902728,0.017050225783276654,0.0007689836916201494,0.012714014603007053,0.010124262057867829,0.014814212417886979,0.0017179577336149483,0.008545788445016437,0.0001342012460034803,0.050671249143430956,3.559419679442755e-05,0.19881020049257966,1.5206528528251688,1.1935899976880557,1.3862212163357053,0.5308285080865461,0.024808919538851063,0.06268058943684074,0.005672447765262941,0.5285976824419109
0,0,0.0001525709900325678,0,0.0007750487583863808,0.032205728211875104,0.06162013336724122,0.32704380230078994,0.1291812836402845,0.044678658227414854,0,0,0.00024460513926724396,0.00016949676662364016,0,0,0,0,0,0,0,0,0,0,0,0,0,0,0,0,0,0,0,0,0.011942416290016583,0.0004313976532484515,0.0010466856089606,0,0,0,0,0,0.0003796391316293283,0.00021384447181230416,0,0.04333019821074199,3.5357333756952682,5.209146602363862,11.318436581765926,0,11.197738777162098,0,0,0,0,0,0.05041182391824886,0.05677339645818021,0.08430462721684498,0.2225256730900001,0,0,0,0.04677764973985293,0,0.014016867968212927,0,0,0,0.11699725149493821,0.09819826082640304,0.015238074803539952,0.004147930900368777,0,0.0033307099096278304,0.06890986250812245,0.23281498049464983,0.09413498807650797,0.029180564702459444,0.00012090021256996304,0,0,0.04353173576953185
0,0,8.735921370547399e-05,0,0,0.002537136218819221,0.0008540855012210255,0.2536043319398843,0.08017943365670062,0.27432317119539823,0.16899885394280567,0,0,0.011945942433410902,0,0.00505336040144609,0.00028876565136908044,0,0,0,0,0,0,0,0,0,0,0,0,0,0,0,0,0,0.004127363130863225,0.0029540100138762027,0.010099474419434068,0.0018677053814427174,0,0,0,0.004014594557886178,0.004070556732260254,0.00023583266994841874,0,0.08333860074695365,12.40952831441446,0.26358801617939576,2.060234690601269,11.197738777162098,0,0.4929792630741279,0,0,0.0006547655059931682,0,18.30178961300807,0.5525953232090406,0.15584287763018104,0.13823494217085325,0.0012444241729015226,0,0,0.009974103725363089,0,0.0005064679359050973,0,0,0.0033435703034847475,0.05968897783652398,0.08700529747288961,0.027798753136528378,1.4930954280672213,0.46155073710253613,6.83447953538212,0.5388249493238618,0.5994324859166363,0.7116164622671065,0.4160975872070778,0.0007125038465741532,0.06682778997285616,0.000707921554553749,0.4121470914148164
0,0,0,0,0,0,0,0.1146732478204383,0.0031901669395723495,0.16284650374494092,0.525674970521013,0,0.001489297106330713,0.1173244921025279,0.0009694120735059294,0.057153387359169104,0.01701996818451743,0.007555034612195259,0,0.08675329776971302,0,0,0,0,0,0,0,0,0,0.00022978374787543674,0,0.004824767840845868,0,0,0.029336535011141314,0.01380110607557808,0.017195964478422483,0.004293515860534546,0,0.00010831763479801367,0,0,0,0,0,0,0.000192632575186119,0,2.671891434806467,0,0.4929792630741279,0,0.002839324706491786,0.026558105527376325,7.353211498628035,0.001175611815671514,0.39510672194014196,0.011714602570643957,0.12246954295678153,0,2.4551304951863875,0,0,0,0,0,0,0,0,0,0,0,0.003240613056665408,0,0.0016812227574600708,0.12558661363025997,0.02733752295404598,0.067346558387269,0.022822285276003263,0,0.00017712799872161624,0,0.09205364557872042
0.0010218941304005146,0,0.004599465811506815,0.8531399210352337,0,0,0.003131024472402028,0.5620419759723351,0,0,0,4.870744990697253,0.6797876065306263,0.10015258448944223,0.03187399942647523,0,0,0,0,0.049145596459122295,0,0,0,0,0,0,0,0.0013772308696670466,0,0,0,0,0,0,0.0006005992454774497,0.0015571625381441822,0.0010475495674834702,0,0.0030078971127132054,0,0,0.03285699054687835,0,0.007164339184158976,8.071330439162603,0,0,0.0017469185952901406,8.047420076779275,0,0,0.002839324706491786,0,2.8880483883560073,0.3200027677622469,0.12627435175181595,0,0,0,0,0.1675022755797678,0.005034709991155931,0.00026179384059248523,0,0.0013597632937869316,0,0.0007189854990048106,0.00040810848599242503,0.007025333601692807,0,0,0,0,0,0,0.0018846864342166871,0.022609916655355396,0.006138206278815012,0,0.212338969212983,0.001369138817744123,0.0013397890316135508,0
0,0,0,0.03046904787103688,0,0,0.0027865890111158295,0.37707898906319054,0.00034804651564798126,0,0.001929010485909999,0.19965576648204092,4.4970903856844275,0.4301094467756901,0.04990197548830067,0,0,0,0,0.09168536653549461,0.00042481386022638016,0,0,0,0,0,0,0.00015819229361686588,0,0,0,0,0,0,0.003634606989571942,0.0006033748650167768,0.001048006821856069,0.00016720610673825095,0,0,0,0.0031650959775788075,0,0.00023609653802996128,0.11771322976758412,0,0,0.0003139725490086913,8.191376746006025,0,0,0.026558105527376325,2.8880483883560073,0,2.295324829731313,0.2850451762853457,0,0,0,0,0.32894468863956206,0.013224368426461791,0.0006584644162049478,0,0.0036263696472159167,0,0.0026345401718160374,0.001638819536222412,0.0005167018151671041,0,0,0,0,0,0,0.008039388557733104,0.003845975419573055,0.00788624984448837,0.0003763736610166978,0.06975255011825052,0.0030509973855489918,0.00012507580465997075,0.0008060626412996359
0,0,0,0.00638888186064075,0,0,0,0.15327900902296487,0.0006087536133560376,0.014121283030512832,0.15355539115614275,0.038579047499509224,0.21738077967165922,5.410041471705481,0.49645303833317306,0.004198595120140642,0,0.0009475670244928769,0,0.4400959349994056,0.003637417396262265,0,0,0,0,0,0,0,0,0,0,0,0,0,0.002035926097513342,0.0012377501638885164,0,0,0,0,0,0.0002706752209516218,0,0.00017278319090285437,0.044184811440294895,0,0,0,3.782913220336731,0,0.0006547655059931682,7.353211498628035,0.3200027677622469,2.295324829731313,0,3.153693652342359,0.0019827338021893176,0.00030009460869873317,0.004615569384171001,0,2.90854003262661,0.0545440930441768,0.0045824366152444,0,0.003223267144426264,0,0.0018192582597763563,0.0004976736623096342,0,0.00017184670446217462,0,0,0,0,0,0.005306280558314482,0.0011998983554599787,0.0015394133644697032,0,0.025222978644926505,0.00334839310976571,0,0.0021153126606104893
0,0,0,0.0019643829826507817,0,0,0,0.03682904277971554,0,0,0.00021545633273792748,0.01541162467326321,0.03625520672820043,0.2654177992543609,2.8919859284909273,0,0,0.003499095262427688,0,0.602377315681042,0.015927384477668165,0.00382024098030696,0,0,0,0,0,0,0,0,0,0,0,0,0.0004720452316714431,0,0,0,0,0.0003828563492194371,0,0,0,0.00042050519487715174,0.015212085563661992,0,0,0,0.2151724556396728,0,0,0.001175611815671514,0.12627435175181595,0.2850451762853457,3.153693652342359,0,0,0.003680939840744051,0.02857200368518628,0.005587696667988206,13.768550395271147,0.2808630376496247,0.3648960367961298,0.0042199530546149855,8.544917948942663,0.11629705549167985,0.9261972401386785,0.23529523813534542,0.004183798132246193,0.002863529256095383,0.0018967699648310945,0,0.008831691863299974,0,0,0.13111937055487105,0.000772285514559699,0.012876672184200817,0.0020049025342933876,0.007403308064456549,0.5892912729519278,0.012161935286184151,0.02547594922028353
0,0,0,0,0,0,0,0.0025443273466401873,0,0.03677977728597502,0.08371255599211937,0,0,0.004086611299364764,0,0.05675530410354903,0.036324333079805385,0.004693904378755113,0,0.03671311359723782,0,0,0,0,0,0,0,0,0,0.0003377112420915816,0.0001064727565914955,0.010084929138256886,0.000212324864204049,0,0.0003173661439441214,0,0.00034516821580818293,0.00015735992125216565,0,0,0,0.0014903898364237635,0.0007688994574768024,0,0,0.01635687029069712,0.11777812695488218,0.010396801888795286,0.044961139538980996,0.05041182391824886,18.30178961300807,0.39510672194014196,0,0,0.0019827338021893176,0,0,17.247787918492016,4.73347331968739,0.09530639337071674,0.015590251241358044,0,0,0.00026164846130237847,0,0,0,0,0.011460566202795114,0.009677991839905442,0.0068176542106151315,0.002807065509252547,2.2480916083901277,2.2621708395903846,5.030911889917163,0.5576369131574272,0.16571451601482848,0.8188944576575978,0.40983232176403234,0.0005552840063666687,0.06879447606960302,0.004992623875321197,0.4113367080735284
0,0,0,0,0,0,0,0,0,0.0006982923936446944,0.027667654832543326,0,0,0,0.00042045046392654643,0.03664164605244778,0.017166682134691805,0.02841090284119623,0,0.04791721073268869,0,0,0,0,0,0,0,0,0,0,0,0.0039964929321604815,0.00023723524813317636,0,0.0022616903168585856,0,0.00028229745795401345,0.0001844988262241349,6.628220832615086e-05,0,0,0.003263938984465884,0.003017638178229541,3.4556549962307315e-05,0,0.042443819551185334,0.16697262611344083,0.019368286140428227,0.011528541902944169,0.05677339645818021,0.5525953232090406,0.011714602570643957,0,0,0.00030009460869873317,0.003680939840744051,17.247787918492016,0,3.209220774630298,13.232123730718065,0.11119274766198653,0.0008225678985921893,0,0.01583978268945036,0,0.0028864119156374562,0,0,0.01055707072743679,0.1735860730463654,1.0734851589389014,2.362699805117661,9.439800066461029,1.7724438763842842,1.9771469679959897,0.2723115692041199,0.05895751343847722,0.3640608060238023,0.15583783339999077,0.0008987367250340501,0.021592282076942672,0.009278666260173185,0.13366496993736365
0,0,0,0,0,0,0,0.0004388268270101336,0,0,0.03198817501502463,0,0,0.000667120077236498,0.005465037438517632,0.020062509686337424,0.07512415975660412,0.17134054883882274,0.033513546893578786,0.31150825829827666,0.017586494418996974,0.004070237259296416,0.008019652096826382,0,0.0002739191346022263,0,0,0,0.0005031044205883956,0.010789895390558595,0.0006536166488494374,0.06733424185102832,0.0004667397148387699,0,0.06763120156596918,0,0.001238554509879233,0.0002272114704128058,0.00040902193293390263,0.01943166925660113,0,0.004280826594798877,0.001842186373679904,0.0003566137887488036,0,0.007666868312478868,0.003486808867546281,0.025435086714080228,0.09976846287481292,0.08430462721684498,0.15584287763018104,0.12246954295678153,0,0,0.004615569384171001,0.02857200368518628,4.73347331968739,3.209220774630298,0,19.718917489376764,4.499922088277409,0.9246405570232911,0.10030790681279567,2.5008891510110236,0.08095686047247334,0.11037040028230302,0.003737124097957203,0.002476320326298078,0.02158553555592995,0.1308608575925574,0.1101852553599403,0.02197118543411742,0.23892153377024894,0.014479583312390507,0.10398180047289106,0.6482336555484896,0.0407245233096218,0.38394484877626583,0.16722300499908319,0.00353601854787983,0.07574688201284312,0.05079525509762883,0.28888036910770737
0,0,0,0,0,0,0,0,0,0,0.0006715584997566062,0,0,0,0,0,0.0007649864201729125,0.03594408042918798,0.002852746995367405,0.05991225875415315,0.00043516456681938563,0,0.0008334009312714539,0,0,0,0,0,0,0,0,0,0,0,0.001978059648712875,0,0,0,0.0006524250404964016,0,0,0.005132790716333574,0.0014953544427402854,0.0012403867775553344,0,0.009823540902905697,0.03804117485401969,0.08045656870666863,0.05313001056578941,0.2225256730900001,0.13823494217085325,0,0,0,0,0.005587696667988206,0.09530639337071674,13.232123730718065,19.718917489376764,0,0.3498774597075946,0.01953486820194041,0.0003410609820272995,9.167050960285385,0.002758096609961314,0.2856431171411254,0.010223206550132286,0.007564361182261856,0.02437606624681077,1.0310743790525738,2.32609350759189,4.314574507399644,0.3475809174427545,0.004000299272965659,0.04409896752268561,0.23831717554419998,0.009350607316024282,0.2335296992789187,0.09489941551922314,0.0037220282056475537,0.039620922523183895,0.04644913067574327,0.10508454658441864
0,0,0.0003058130234418068,0.0043679593967793735,0,0,0,0.10743342061857639,0,0.0008022336102804109,0.1336734649507789,0.032046422683847726,0.07870230269728891,0.28699172238957754,0.5544899761598207,0.04641979032386721,0.06727123474561107,0.3321267921657098,0.075581158945229,3.977178206506218,0.18303375966949642,0.06605047726076002,0.06067353099724551,0.03679102459815477,0.005645642230004616,0.0008336379861998799,0,0.0019230506982749608,0.015620066612050908,0.008784932099448545,0.0008538672806463667,0.06928763001834302,0.0006509478448579045,0,0.17272103921393248,0.00186992062907544,0.05907715188657356,0.029637713739547315,0.0022247625387286957,0.10100928449093009,0.005528913117789663,0.0008311844322627642,0.00076676946082842,0.001970864715290036,0.02359211757138161,0.0021860530762134083,0,0.0034223058768677616,0.5271174313502662,0,0.0012444241729015226,2.4551304951863875,0.1675022755797678,0.32894468863956206,2.90854003262661,13.768550395271147,0.015590251241358044,0.11119274766198653,4.499922088277409,0.3498774597075946,0,14.612978050562115,5.215196095620819,0.29588601430406425,4.606411018459027,0.09377240535900033,0.22065790601056162,0.09467614243754884,0.024758167849541393,0.08961819909497762,0.062129163333796714,0.020963183859269662,0.16144853540634507,0.007410800492175457,0.018875679606961154,0.6951484415102817,0.059859722457089815,0.1756716157242913,0.09020386187398206,0.011442094967981391,0.288477512559534,0.04759473942773582,0.2572836940089951
0,0,0,0,0,0,0,0.00037946333724521295,0,0,0,0,0.00015481462716492394,0.0008580264818533868,0.004212006502551192,0,0,0.03490299095834085,0.0029096543290064694,0.12464359704110825,0.4700565412545767,0.34627954810769895,0.016315077891327523,0.023031501974143023,0.0005237791392919563,0,0,0,0,0,0,0,0,0,0.014097001977148355,0,9.352880281562327e-05,0,0,0.010804346603179277,0,0,0,2.1696125944140395e-05,0,0,0,8.559939521931976e-05,0.02878223826633955,0,0,0,0.005034709991155931,0.013224368426461791,0.0545440930441768,0.2808630376496247,0,0.0008225678985921893,0.9246405570232911,0.01953486820194041,14.612978050562115,0,2.659711722446934,0.4544307791831193,0.6964910803367438,0.027754941556048622,0.027708292796307526,0.0043983376512916166,0.0003015870595505457,0.010911445680934655,0.011626358545564026,0,0.0308164605154729,0,0.0002832822174321907,0.13267776408028575,0.00032531254256211266,0.020238616011059387,0.0012595615858866712,0,0.062443703622612715,0.0018214665040945997,0.031683338885145323
0,0,0,0,0,0,0,0,0,0,0,0,0,0,0.0008425213916703417,0,0,0.014894919375790213,0.000703003403208321,0.0642264651822183,0.09674680068959415,0.2818845453616746,0.015575128942912722,0.044987230275432256,0,0,0,0,0,0,0,0,0,0,0.0075573078015103564,0,0,0,0,0.017421861181327308,0,0.0011267860717650753,7.03645684349109e-05,3.357332966320341e-05,0,6.388611669595992e-05,0,0.0004985763836407481,0.005611566685565412,0,0,0,0.00026179384059248523,0.0006584644162049478,0.0045824366152444,0.3648960367961298,0,0,0.10030790681279567,0.0003410609820272995,5.215196095620819,2.659711722446934,0,0.9809253722143317,4.422094152995044,0.05722159480479535,0.06223849312081335,0.013425204355753083,0.0022855569671688188,0.014368287268232376,0.016164939169919165,0,0.018453907107159353,0,0,0.091530238904599,0.0002961823536185378,0.00854363346493819,0,0,0.09611309106668382,0.0031180867366928516,0.008551974725381457
0,0,0,0,0,0,0,0.0005037772093682805,0,0,0,0,0,0,0,0,0,0.04513102323518418,0.003051643743749461,0.08179123700198583,0.026343914878219767,0.030088302098463093,0.04025189491506089,0.0566990522620607,0.0014144392586855057,0,0,0,0.00027461916881782667,0,0,0,0,0,0.014294384099699799,0,0,0,0.00028804983959539686,0.005692930244565148,0,0.04825194545189496,0.017451230457667298,0.004507164989628298,0.0006371938390788023,0.017663838615407747,0.004373214894083504,0.06073490315083895,0.04620196297902728,0.04677764973985293,0.009974103725363089,0,0,0,0,0.0042199530546149855,0.00026164846130237847,0.01583978268945036,2.5008891510110236,9.167050960285385,0.29588601430406425,0.4544307791831193,0.9809253722143317,0,1.9696368024660482,3.0388237374622604,0.06437719705445265,0.025905246018073567,0.053452464528816496,4.809829114207604,2.258311718662164,0.07130952428117032,0.28362662891450713,0,0.030540881898497574,0.3830269325515436,0.005975224086096931,0.20412352098334266,0.02158328795426362,0.007568533098638061,0.08274812603494562,0.07914591433924176,0.1101192355524984
0,0,0,0,0,0,0,0,0,0,0,0,0,0,0,0,0,0.005385349598930117,0,0.05854310454409804,0.04832775033884443,0.2763687771887471,0.008995322389740762,0.8486913436725555,0.00027397531651796416,0,0,0,0,0,0,0,0,0,0.012301930521439217,0,0,0,0.00018146373399676485,0.028162392714267303,0,0.02069876689316898,0.0037881621078738894,0.0024921714165535777,0.0002941747302873225,0,0,0.004516875420219077,0.017050225783276654,0,0,0,0.0013597632937869316,0.0036263696472159167,0.003223267144426264,8.544917948942663,0,0,0.08095686047247334,0.002758096609961314,4.606411018459027,0.6964910803367438,4.422094152995044,1.9696368024660482,0,14.87621623099336,2.791216741456443,0.15845668197166632,0.05019054907335832,0.12317101256482459,0.07713325857150663,0,0.0652516798029103,0,0,0.19539186756512555,0.002372793459568444,0.028299627841233358,0,0.004399693862453981,0.5249476810314568,0.023822969878252467,0.036133528106064156
0,0,0,0,0,0,0,0,0,0,0,0,0,0,0,0,0,0,0,0.003611182571510848,0.00013157926890820343,0.0011458049357535279,0.00020317702973164683,0.0007567720800964603,0,0,0,0,0,0,0,0,0,0,0.0007268617078014794,0,0,0,0.00031411723735324176,0.0016637815855226024,0,0.006127184636518394,0.0006269141609033953,0.000990733616603665,0,0.00046921081090850377,0.0008376760511215322,0.010743145257900386,0.0007689836916201494,0.014016867968212927,0.0005064679359050973,0,0,0,0,0.11629705549167985,0,0.0028864119156374562,0.11037040028230302,0.2856431171411254,0.09377240535900033,0.027754941556048622,0.05722159480479535,3.0388237374622604,14.87621623099336,0,14.879339458645822,10.288521415267272,1.2284472233931825,29.905728771902503,0.17483117014463098,0,0.03545583119175325,0,0,0.38878297556432934,0.009417209157920152,0.029464213058451077,0.0005271320072646811,0.007810017061989049,1.3235974074017394,0.16859755872202115,0.027379254225953567
0,0,0,0,0,0,0,0,0,0,0,0,0,0,0,0,0,0.00023702184425328644,0,0.0007844737327530612,0,0,0,0,0,0,0,0,0,0,0,0,0,0,0.0005991692994757379,0,0,0,0,0.0008691395995859281,0,0,0,0,0,0,0,0,0.012714014603007053,0,0,0,0.0007189854990048106,0.0026345401718160374,0.0018192582597763563,0.9261972401386785,0,0,0.003737124097957203,0.010223206550132286,0.22065790601056162,0.027708292796307526,0.06223849312081335,0.06437719705445265,2.791216741456443,14.879339458645822,0,5.582495084132154,0.10120165440489556,0.11067691566606573,0.0014548839083253836,0,0.002397387789393184,0,0,0.08490664995850564,0,0.00025778522393470456,0,0.00016708879726774759,2.2392289257940243,0.07899306535695717,0.03284704688041218
0,0,0,0,0,0,0,0,0,0,0,0,0,0,0,0,0,0,0,0.00017786369475412356,0,0,0,0,0,0,0,0,0,0,0,0,0,0,0,0,0,0,0,0,0,0.068152957417643,0,0.00014221792071176368,0.0007273701918748201,0.00019004138113135446,0,0.00020964072609673366,0.010124262057867829,0,0,0,0.00040810848599242503,0.001638819536222412,0.0004976736623096342,0.23529523813534542,0,0,0.002476320326298078,0.007564361182261856,0.09467614243754884,0.0043983376512916166,0.013425204355753083,0.025905246018073567,0.15845668197166632,10.288521415267272,5.582495084132154,0,4.8518248011939304,0.1493310099799493,0.0005134614998106928,0,0.0033232903641055517,0,0.09326416642547185,0.37734519063837185,0.011416209041606052,0.03135834556816535,0.0006947767527965651,0.016572210381709685,3.2023835873367057,3.7021379017035416,0.05280660964589095
0,0,0,0.0014291194576104584,0,0,0,0,0,0,0,0,0,0,0,0,0,0,0,0.0003381326762045923,0,0,0,0,0,0,0,0.00026117618344591174,0,0,0,0,0,0,0,0.00037329499433012646,0,0,0.0013224619312061671,0,0,0.44954552561179245,0.003728324424898564,0.0029521471427531648,0.04092340630561553,0.004613746607428517,0.0001546050047665394,0.013348504527300065,0.014814212417886979,0,0.0033435703034847475,0,0.007025333601692807,0.0005167018151671041,0,0.004183798132246193,0.011460566202795114,0.01055707072743679,0.02158553555592995,0.02437606624681077,0.024758167849541393,0.0003015870595505457,0.0022855569671688188,0.053452464528816496,0.05019054907335832,1.2284472233931825,0.10120165440489556,4.8518248011939304,0,2.3089895796756656,2.2111498858615697,0.0007598759874596769,2.983351463191296,0.0004177725987592764,0.45490451018118055,0.5338880784424314,0.05213016358666885,0.17889632913364872,0.015759070459944707,0.07716592258461309,0.4788718599319963,1.611396572468614,0.07134002434931729
0,0,0,0,0,0,0,0,0,0,0,0,0,0,0,0,0,0.00615188804815389,0,0.02441822261838104,0,0.00013521349892791514,0,0,0,0,0,0,0,0,0,0,0,0,0,0,0,0,0.0011387940823729189,0.0002809661957749351,0,0.027770056245893154,0.0064242273152675935,0.001230063079218721,0.0011511791491400376,0.032424097920067146,0.07461710327471412,0.1125821485728501,0.0017179577336149483,0.11699725149493821,0.05968897783652398,0,0,0,0.00017184670446217462,0.002863529256095383,0.009677991839905442,0.1735860730463654,0.1308608575925574,1.0310743790525738,0.08961819909497762,0.010911445680934655,0.014368287268232376,4.809829114207604,0.12317101256482459,29.905728771902503,0.11067691566606573,0.1493310099799493,2.3089895796756656,0,37.23233826899907,0.16792114980132208,0.23176111824596604,0.0001308116676639133,0.016594879661220068,0.3759981200076161,0.011370993693213491,0.10591199482086973,0.016578033307380995,0.015574002861326229,0.34263404570326284,0.061074724505143514,0.019676904255344865
0,0,0,0,0,0,0,0,0,0,0.0005732831601731681,0,0,0,0,0,0,0.003999552949763419,0,0.004025817317581826,0,0.0003683017591931712,0,0,0,0,0,0,0,0,0,0,0,0,0,0,0,0,0.0006209269721578374,0,0,0.06465068956783393,0.024145006937906326,0.0034367821343203884,0.0009633479064293287,0.08238535084086811,0.14902016428575654,0.13228372465359292,0.008545788445016437,0.09819826082640304,0.08700529747288961,0,0,0,0,0.0018967699648310945,0.0068176542106151315,1.0734851589389014,0.1101852553599403,2.32609350759189,0.062129163333796714,0.011626358545564026,0.016164939169919165,2.258311718662164,0.07713325857150663,0.17483117014463098,0.0014548839083253836,0.0005134614998106928,2.2111498858615697,37.23233826899907,0,12.096860159927362,31.282360545217852,0.0003273701383448641,0.06455462017563582,0.21154892262934188,0.011259983208665924,0.08433625471090968,0.00901138300026195,0.009889114632770679,0.07137232167225328,0.02200896381882316,0.009653673664325178
0,0,0,0,0,0,0,0,0,0,0,0,0,0,0,0.00011447072558311552,0,0.00111994001923117,0,0.0025943816000728467,0,0,0,0,0,0,0,0,0,0,0,0,0,0,0.00011008145766880366,0,0,0,0,0,0,0.0009023561303888033,0.0020217538468851044,0,0,0.02219667522836502,0.058950514732925376,0.025973162238811267,0.0001342012460034803,0.015238074803539952,0.027798753136528378,0,0,0,0,0,0.002807065509252547,2.362699805117661,0.02197118543411742,4.314574507399644,0.020963183859269662,0,0,0.07130952428117032,0,0,0,0,0.0007598759874596769,0.16792114980132208,12.096860159927362,0,5.192268428613327,0.0028655053626638264,0.038454530012346645,0.018454521892949643,0,0.00353653688177486,0,0,0.0002428903491545453,0,0.001103695151339413
0,0,0,0,0,0,0,0,0,0,0.009866708215854276,0,0,0,0,0.005879308608226755,0.002057686272836439,0.016514792006085327,0,0.03046240428036418,0,0.0002771311545272927,0,0,0,0,0,0,0,0,0,0.0004460578803059936,8.221689013971979e-05,0,0.00020921409963199088,0,0,0,0.001052266946098287,0,0,0.9235767735444166,0.12402078640813598,0.007045696895993818,0.008357763583451316,0.11891171802239224,0.36843983094729227,0.05917336230630684,0.050671249143430956,0.004147930900368777,1.4930954280672213,0.003240613056665408,0,0,0,0.008831691863299974,2.2480916083901277,9.439800066461029,0.23892153377024894,0.3475809174427545,0.16144853540634507,0.0308164605154729,0.018453907107159353,0.28362662891450713,0.0652516798029103,0.03545583119175325,0.002397387789393184,0.0033232903641055517,2.983351463191296,0.23176111824596604,31.282360545217852,5.192268428613327,0,5.2781981336132615,5.201780066643684,0.24586108113631186,0.05691518793969885,0.3935215786578148,0.06117657608955238,0.021286661462883424,0.04613768165863877,0.09773784803419604,0.06661923431741387
0,0,0,0,0,0,0,0,0,0,0.00014987063468785747,0,0,0,0,6.020105754093287e-05,8.080391550812357e-05,0.00012730765213846533,0,0.00033183063751347465,0,0,0,0,0,0,0,0,0,0,0,8.635330857343517e-05,0,0,0,0,0,0,0,0,0,0.00012139259244950026,0,0,0,0.0005101313414732596,0.008302008213633286,0,3.559419679442755e-05,0,0.46155073710253613,0,0,0,0,0,2.2621708395903846,1.7724438763842842,0.014479583312390507,0.004000299272965659,0.007410800492175457,0,0,0,0,0,0,0,0.0004177725987592764,0.0001308116676639133,0.0003273701383448641,0.0028655053626638264,5.2781981336132615,0,4.081429030009244,0.001916414944509731,0.0006658336513652183,0.032903722986418575,0,0,0,0,0
0,0,0,0,0,0,0,0.006387995007918841,0,0,0.0006756194981084067,0,0,0,0,0,0,0,0,0,0,0,0,0,0,0,0,0,0,0,0,0,0,0,0,0,0,0,0,0,0,9.193518649137333,0.24382799408869138,0.0040534816359626795,0.003932563536211002,2.5582148917983365,10.149821312113382,0.08737681497905314,0.19881020049257966,0.0033307099096278304,6.83447953538212,0.0016812227574600708,0,0,0,0,5.030911889917163,1.9771469679959897,0.10398180047289106,0.04409896752268561,0.018875679606961154,0.0002832822174321907,0,0.030540881898497574,0,0,0,0.09326416642547185,0.45490451018118055,0.016594879661220068,0.06455462017563582,0.038454530012346645,5.201780066643684,4.081429030009244,0,0.08289369139126959,0.027304397355013905,0.6305634726511976,0.02279942955482613,0.008334709548392669,0,0.09674903841600635,0.008915197372542157
0,0.0008836456388439479,0.002747069107902754,0.0010656491961416146,0.003660596179478527,0.003159201108815635,0.07752597150260732,0.2848270263430262,0.005423224990930489,0.0044063797070215995,0.033968063276006315,0.0007422326031082819,0.005495835358227558,0.002170153415026185,0.0010750825214968418,0.0015595053336938886,0.006333862424365785,0.07136731539291848,0.0009878189722051696,0.18358530800385722,0.01502732123678502,0.014186234018102064,0.0093585449441654,0.006943666825520655,0,0,0.00025567363117435816,0.00017883463237207848,0,0,0,0.0049361763633287235,0,0,0.8557625274865801,0.07601954744277338,0.010602874779496351,0.02301428858248096,0.01883405968902475,0.10543083566957577,0.0179907242732146,0.2660516769050523,0.37571161533172515,0.07838792555831452,0.035368836409616876,0.4676483470375174,0.1823837224853638,0.8086504672351595,1.5206528528251688,0.06890986250812245,0.5388249493238618,0.12558661363025997,0.0018846864342166871,0.008039388557733104,0.005306280558314482,0.13111937055487105,0.5576369131574272,0.2723115692041199,0.6482336555484896,0.23831717554419998,0.6951484415102817,0.13267776408028575,0.091530238904599,0.3830269325515436,0.19539186756512555,0.38878297556432934,0.08490664995850564,0.37734519063837185,0.5338880784424314,0.3759981200076161,0.21154892262934188,0.018454521892949643,0.24586108113631186,0.001916414944509731,0.08289369139126959,0,8.672571621562277,1.7938472664320024,2.036665429158487,0.45064852942475253,7.890424925061584,2.6997635687810035,12.775651933326186
0.0022002143850240454,0.0031494688502640704,0.017710726291357313,0.17146328343988637,0,0.0003144662775740668,0.043202938520074945,0.16566016981452342,0.0028245429764324915,0.008070081810154974,0.009485308559968432,0.012092749546244515,0,0.00023836964590799503,0,0,0,0,0,0.004398421723109855,0,0,0,0,0,0,0,0.0036946957739070656,0,0,0,0,0,0,0.016967492937750572,0.013327862372307413,0.004574672840335016,0.0005214114332848387,0.01225138901442842,0,0,0.4517895401465074,0.5434392535649964,0.2125922885632297,0.3610166405268553,0.2977994298434507,0.2049718221132624,1.221863640899234,1.1935899976880557,0.23281498049464983,0.5994324859166363,0.02733752295404598,0.022609916655355396,0.003845975419573055,0.0011998983554599787,0.000772285514559699,0.16571451601482848,0.05895751343847722,0.0407245233096218,0.009350607316024282,0.059859722457089815,0.00032531254256211266,0.0002961823536185378,0.005975224086096931,0.002372793459568444,0.009417209157920152,0,0.011416209041606052,0.05213016358666885,0.011370993693213491,0.011259983208665924,0,0.05691518793969885,0.0006658336513652183,0.027304397355013905,8.672571621562277,0,1.7145440097408662,0.758552683712632,4.953339006695643,0.26488239851375706,0.11719089225074254,0.5884584608093326
0,0.0002537452463880956,0.0009257854219000447,0.0022965188629712665,0.0002533733629195905,0.0005502665502047406,0.018358463438373496,0.16468031157400742,0.0018099826734634871,0.016940180552151105,0.01889935012914136,0,0.0005156754787331754,0.0006481183016879718,0,0,0.0003198511733933176,0.000768711952868731,0,0.024901187843675784,0,0,0,0,0,0,0,0.0004947584993317073,0,0,0,0,0,0,0.02128927145611548,0.00585495446940596,0.008564385635918444,0.004728913694189589,0.05371694778208266,0,0,0.7401589498033984,0.38184197817816107,0.14805401658002912,0.08914682043615357,0.3997905750426711,0.15900318387494997,0.7137685739374704,1.3862212163357053,0.09413498807650797,0.7116164622671065,0.067346558387269,0.006138206278815012,0.00788624984448837,0.0015394133644697032,0.012876672184200817,0.8188944576575978,0.3640608060238023,0.38394484877626583,0.2335296992789187,0.1756716157242913,0.020238616011059387,0.00854363346493819,0.20412352098334266,0.028299627841233358,0.029464213058451077,0.00025778522393470456,0.03135834556816535,0.17889632913364872,0.10591199482086973,0.08433625471090968,0.00353653688177486,0.3935215786578148,0.032903722986418575,0.6305634726511976,1.7938472664320024,1.7145440097408662,0,31.314735764554495,0.9829101470808278,0.18432030517580658,0.37185630732044783,1.2090271147262157
0,0,0,0,0,0,0.0011143192516362254,0.06252517817544696,0,0.0013962334758539177,0.0041249668789525,0,0,0,0,0,0.00034779964980174354,0,0,0.01580890486954307,0,0,0,0,0,0,0,0,0,0,0,0.0005869699838947064,0,0,0.010633767539200216,0.001454470240036928,0.0003033962320822537,0.0010175637707686472,0.0006693635039340337,0,0,0.07230211749236715,0.08475997191658301,0.014790628256179644,0.0006369139035298898,0.14109506731492746,0.04571916849535497,0.1550659696121047,0.5308285080865461,0.029180564702459444,0.4160975872070778,0.022822285276003263,0,0.0003763736610166978,0,0.0020049025342933876,0.40983232176403234,0.15583783339999077,0.16722300499908319,0.09489941551922314,0.09020386187398206,0.0012595615858866712,0,0.02158328795426362,0,0.0005271320072646811,0,0.0006947767527965651,0.015759070459944707,0.016578033307380995,0.00901138300026195,0,0.06117657608955238,0,0.02279942955482613,2.036665429158487,0.758552683712632,31.314735764554495,0,0.01588831582357773,1.2714243313602975,0.38888126110751364,4.938506181720982
0.003204392007475867,0.00035698271939459093,0.0022225179457303103,0.057863704083748635,0,0,0.0017562819263402135,0.007968739441603903,0,0,0,0.024487325393416613,0.002623521039272299,0.0004334078181858668,0.00013710956654808135,0,0,7.90440293101976e-05,0.00010035926363424733,0.0014048871665115889,0,0,0,0,7.863064192863442e-05,0,0.0003115155996246864,0.005290304500694907,0.00028457897036752143,9.083813775217693e-05,0,0.0002182462873646068,0,0,0.0019571033549152885,0.008936558879545834,0.008988151444937352,0.000809334034149639,0.0369782351110318,0.0008679899237679803,0.00039664111327209536,0.18924278388550758,0.006509465334220347,0.03678629832947661,0.20659523666142096,0,0,0.041861189602793496,0.024808919538851063,0.00012090021256996304,0.0007125038465741532,0,0.212338969212983,0.06975255011825052,0.025222978644926505,0.007403308064456549,0.0005552840063666687,0.0008987367250340501,0.00353601854787983,0.0037220282056475537,0.011442094967981391,0,0,0.007568533098638061,0.004399693862453981,0.007810017061989049,0.00016708879726774759,0.016572210381709685,0.07716592258461309,0.015574002861326229,0.009889114632770679,0,0.021286661462883424,0,0.008334709548392669,0.45064852942475253,4.953339006695643,0.9829101470808278,0.01588831582357773,0,0.04382399897635604,0.11748405804932044,0.011557128030914788
0,0,0,0,0,0,0,0.001247629875186691,0,0.00018518162589107465,0.00020290370364029964,0,0,0,0,0,0,0.00624873392784051,0,0.06256628750914901,0.0035291777866505746,0.003945107417954066,0.0017091585082726253,0.0051954295570135955,0.0015795889122621777,0.0002812311890669024,0,0,0,0,0,0,0,0,0.11347689645952816,0,0,0,0.0013552483466945297,0.12041724340864327,0,0.004322753161936016,0.015994465916167204,0.0002463024149976789,0.0003446983253416538,0.011950665261489047,0.0004939639667478233,0.019463233294945228,0.06268058943684074,0,0.06682778997285616,0.00017712799872161624,0.001369138817744123,0.0030509973855489918,0.00334839310976571,0.5892912729519278,0.06879447606960302,0.021592282076942672,0.07574688201284312,0.039620922523183895,0.288477512559534,0.062443703622612715,0.09611309106668382,0.08274812603494562,0.5249476810314568,1.3235974074017394,2.2392289257940243,3.2023835873367057,0.4788718599319963,0.34263404570326284,0.07137232167225328,0.0002428903491545453,0.04613768165863877,0,0,7.890424925061584,0.26488239851375706,0.18432030517580658,1.2714243313602975,0.04382399897635604,0,11.118132780267722,1.5151144874934885
0,0,0,0,0,0,0,0,0,0,0,0,0,0,0,0,0,0,0,0.005012045800226439,0,0,0,0,0,0,0,0,0,0,0,0,0,0,0.022459287545980148,0,0,0,0.0008240773576032627,0,0,0.02264701948863552,0.0006297879931989607,3.917958769117574e-05,0.0016597730934383489,0.00017455624323955946,0,0.0023858061306980477,0.005672447765262941,0,0.000707921554553749,0,0.0013397890316135508,0.00012507580465997075,0,0.012161935286184151,0.004992623875321197,0.009278666260173185,0.05079525509762883,0.04644913067574327,0.04759473942773582,0.0018214665040945997,0.0031180867366928516,0.07914591433924176,0.023822969878252467,0.16859755872202115,0.07899306535695717,3.7021379017035416,1.611396572468614,0.061074724505143514,0.02200896381882316,0,0.09773784803419604,0,0.09674903841600635,2.6997635687810035,0.11719089225074254,0.37185630732044783,0.38888126110751364,0.11748405804932044,11.118132780267722,0,0.5627351532056531
0.025230389514613424,0.1030269602160949,0.021220502158626742,0.0021167518062818877,0.11636134665739253,0.04059210944974876,0.21780535420649128,0.5515160742302164,0.045548287192646156,0.5305148940141033,0.1507316129751201,0,0.001800441295000326,0.003079526932818157,0.011898965544220432,0.39891886679817123,0.09776865517569233,0.27476037556851773,0.10658363012039292,0.24896123700514544,0.012550810569271905,0.003986933902705385,0.06940556513862618,0.04356260104448727,0.056454577864880624,0.09045995756938988,0.09751765966891601,0.06637029870902772,0.02784781149638016,0.04695071245761093,0.007123774833778418,0.07072349084429837,0.00044056789278917424,0.0010855905882211313,13.811615565287381,1.5393202620332693,0.6642328672008215,3.844746029814267,0.05875891451897785,0.2515757504642642,0.44652333851154385,0.04613238043711581,0.057800138706604366,0.00957365510804828,0.0006293714933180444,0.0851169940783478,0.04588481687484345,0.1460251768187925,0.5285976824419109,0.04353173576953185,0.4121470914148164,0.09205364557872042,0,0.0008060626412996359,0.0021153126606104893,0.02547594922028353,0.4113367080735284,0.13366496993736365,0.28888036910770737,0.10508454658441864,0.2572836940089951,0.031683338885145323,0.008551974725381457,0.1101192355524984,0.036133528106064156,0.027379254225953567,0.03284704688041218,0.05280660964589095,0.07134002434931729,0.019676904255344865,0.009653673664325178,0.001103695151339413,0.06661923431741387,0,0.008915197372542157,12.775651933326186,0.5884584608093326,1.2090271147262157,4.938506181720982,0.011557128030914788,1.5151144874934885,0.5627351532056531,0
