0,0.3527547118107206,0.019279924413573703,1.1923380605519347,1.72815662890173,0.059186029619238675,2.320029523697535,0.3835987731213967,0.07015865087864677,0.010007874534789862,0.003844744176017858,0.27066948954143993,0.00962682962537439,0.004775515645985614,0.0010522719893838485,0.0011256593108041983,0.0037890384568552223,0.008316642679985473,0.00040481951722494804,0.0016593822131688119,0,0,0,0.00013915252549682257,0,0,0,0,0.0000688616665662424,0.0000288380429519262,0,0,0,0.2715781700448621,0.0008466908545160111,0.6946965067742721,3.2536320838000257,0.005828439011632745,0.1963028690693297,0.00022584487443832432,0.004934817378624386,0,0,0,0,0,0,0.0000446277136545946,0,0,0,0,0.00039287334770132944,0,0,0,0,0,0,0,0,0,0,0,0,0,0,0,0,0,0,0,0,0,0,0,0.002494005431901532,0,0.000036678408128278654,0.00013337601799394002,0,0,0
0.3527547118107206,0,0,0.0029329217309695624,0.5328533614074269,0.02466051484422062,0.52510286064563,0.004437489512409473,0.015032359413915158,0.0021008079718241993,0.0007110934715192011,0.0007196988295901626,0.00021424558444125768,0.0001295484747856864,0,0.0001954010774978062,0.0006973991906130357,0.0012796427944962994,0.00020030111210549118,0.00042813384022093577,0,0,0,0.0001531132598553021,0,0,0,0,0,0,0,0,0,0.010019086165496903,0.000022924003713903377,0.000689303086048929,0.011083876392567481,0.0000729011820761419,0.00009465395536814694,0.00007829077131739973,0,0,0,0,0,0,0,0,0,0,0,0,0,0,0,0,0,0,0,0,0,0,0,0,0,0,0,0,0,0,0,0,0,0,0,0,0,0,0,0,0,0,0
0.019279924413573703,0,0,0.05758913240259223,0.0007219297686675077,0.0001597317555370507,0.011257969728152994,0.011676479418304124,0.00004075376953549898,0.00008997770190651874,0,0.0006571308570432374,0,0,0,0,0,0,0,0,0,0,0,0,0,0,0,0,0,0,0,0,0,0,0,0.0012214300784772962,0.0029385204893254985,0,0.00012827420873207644,0,0,0,0,0,0,0,0,0,0,0,0,0,0,0,0,0,0,0,0,0,0,0,0,0,0,0,0,0,0,0,0,0,0,0,0,0,0,0,0,0,0,0,0
1.1923380605519347,0.0029329217309695624,0.05758913240259223,0,0.09759482649850833,0.003190375282070534,1.4174542651291093,0.28251612678452415,0.005640543073735954,0.001196332691714895,0.0011109941758256456,0.1266387258783824,0.019084745327885205,0.009458071808520613,0.0021190032362119198,0.00009452688806074617,0.00009516557831163487,0.0006168273144706866,0.000019241117806506108,0.0011355314050200463,0,0,0,0,0,0,0,0,0.000021615276498581544,0,0.00002476178279683409,0,0,0.013714936902631647,0.00036358835331230755,0.7173168756652725,0.8780312242985192,0.0014444698732583533,0.12945789117248035,0.0006645266230256359,0.000167672668618863,0,0,0,0,0,0,0,0,0,0,0,0.0006837143487378369,0,0,0.000015947147276168943,0,0,0,0,0,0,0,0,0,0,0,0,0,0,0,0,0,0,0,0.00004331028555170991,0.0007066480333074662,0,0,0.0004476009245091532,0,0,0.0005664010121857068
1.72815662890173,0.5328533614074269,0.0007219297686675077,0.09759482649850833,0,0.8608496093213833,2.98750688791791,0.27797279664919367,0.053218746893858096,0.03313304466692757,0.00042511254343007146,0.2760756726163212,0.06933217574896071,0.0008018385168560135,0.00033862806992243606,0.004060544967735521,0.01717949142471449,0.005529152526265762,0.0028680383682615053,0.0024999464134572652,0,0.0001263436270973822,0.00023224335539093782,0.002847574005965638,0.00007625614137116951,0.00003449550018852307,0,0,0,0,0.00002912428861805821,0,0,0.08167582749223637,0.00024657749040844665,0.12581101912785644,0.17321698789760587,0.0014037629502799357,0.004526058539220995,0.0008056914188609268,0,0,0,0,0,0.00007709089111723417,0.00006484578166211911,0.00011142805621421169,0,0,0,0,0.00029808474195485823,0.000046027811120048235,0,0,0,0,0,0,0,0,0,0,0,0,0,0,0,0,0,0,0,0,0.00003702551709587303,0,0.0016532851785836355,0.000031382580565703014,0,0,0,0,0
0.059186029619238675,0.02466051484422062,0.0001597317555370507,0.003190375282070534,0.8608496093213833,0,1.0862817954341288,0.6326488310868207,0.3578645956796952,0.5210130372525307,0.003251142334550957,0.048053637742439724,0.2447358543214893,0.00739061092094467,0.0022395899982362824,0.09397624129263787,0.13417647974273475,0.02789771712108486,0.025236646147219554,0.01586744658073807,0,0.0003507535244988637,0.0010023264035898545,0.00926495754622283,0.001160532085696841,0.0002244344171061096,0,0,0.00012597945958968586,0,0.0008564632425596954,0.00003180781534701208,0.0003414359872369827,0.6113293023949956,0.008992440972649016,0.6215080060731688,1.5014289187022012,0.11327642205708706,0.0008227961761464043,0.011615234987827957,0.0014460396921060173,0,0,0,0,0,0,0.000032876985810670754,0,0.00007381815514172692,0,0,0,0.0004221130744422326,0,0,0,0,0,0,0,0,0,0,0,0,0,0,0,0,0,0,0,0,0,0.00009327488107465017,0.0016940181564159497,0,0,0,0,0,0
2.320029523697535,0.52510286064563,0.011257969728152994,1.4174542651291093,2.98750688791791,1.0862817954341288,0,4.704604379252066,1.7599386691733596,0.13855920132554014,0.05267089929948972,0.637170183015648,0.418656719768823,0.024355786365512323,0.0007681013015342119,0.013916562402870281,0.03053515273500272,0.07197858640567598,0.008800889652616384,0.028802241617024268,0.000047374730101314574,0.000415764981701457,0.0004369236191066367,0.0017310952760234736,0,0.00004180619654621497,0,0,0.00015118498810374093,0,0.000019209631911980877,0,0.00003482816496539011,0.6511088544895504,0.0021879174487580014,1.2391594811456672,2.687974563515832,0.015124792425886678,0.010456817809499058,0.000705017977306562,0.00007290121014486508,0,0,0,0,0,0.0000286270494973512,0.000028980472624479294,0,0.00016456937740520048,0,0,0.0005963798740189209,0.0011213396790268181,0,0,0,0,0,0,0.000019594474787690655,0,0,0,0,0,0,0,0,0,0,0,0,0,0,0.0000809454480954099,0.0035507197945766978,0,0,0.00010867674035353072,0.000022313851972465102,0,0
0.3835987731213967,0.004437489512409473,0.011676479418304124,0.28251612678452415,0.27797279664919367,0.6326488310868207,4.704604379252066,0,3.009227216023411,2.021910771762349,1.9999811720379126,0.32108506758024163,0.8714541574887144,0.7370313956174441,0.010300040635175364,0.2113114123758003,0.019923210037338667,0.2640332508926046,0.002371536906301565,0.07804375180880445,0,0,0,0.00005656429050962652,0,0,0,0,0.000022103743602214585,0,0.000025739238026851395,0,0,0.1718610521951411,0.011676343601232224,1.2941657013610561,0.8856409758631386,0.044414384181946584,0.001647258751955075,0.0019992792688508154,0.00017121936357488297,0,0,0,0,0,0,0,0,0,0,0,0.0001833920388195396,0.00010409836444997105,0,0.00001999505136508602,0,0,0,0,0,0,0,0,0,0,0,0,0,0,0,0,0,0,0.00003702552155143309,0.000037984093850645856,0.0006024168985549765,0,0,0,0,0,0
0.07015865087864677,0.015032359413915158,0.00004075376953549898,0.005640543073735954,0.053218746893858096,0.3578645956796952,1.7599386691733596,3.009227216023411,0,2.996194826617665,0.15893558896295437,0.020682855839197416,0.39909493648096517,0.20550496792249606,0.001160866256726973,0.25274835588521194,0.2103383265224852,0.34017133802737265,0.0447334602240585,0.08489699834738472,0.0001498510886075522,0.0004307481286712313,0.0025013271762592743,0.004625622509106839,0.0008606601264128153,0.000025186885462232832,0,0,0.000028350442903069984,0,0.00010407272386905221,0.00019795510340807912,0,0.9835810588491511,0.03237114077989085,1.6317341781939692,2.7489870236380956,0.15403844402472894,0,0.007940038613394668,0.0029598356841984063,0,0,0,0,0,0,0,0,0.00003589326343532784,0,0,0,0.0009229061113853773,0.00010994930157956091,0,0,0,0,0,0,0,0,0,0,0,0,0,0,0,0,0,0,0,0,0,0.0008083613759817225,0,0,0,0,0,0
0.010007874534789862,0.0021008079718241993,0.00008997770190651874,0.001196332691714895,0.03313304466692757,0.5210130372525307,0.13855920132554014,2.021910771762349,2.996194826617665,0,4.777794482381588,0.003863670679896092,0.02648474435225702,0.8422371902568946,0.008510736522551852,3.47919620354492,2.4374727321024126,1.3259348865709528,0.11036286237429879,0.2564159062024754,0.0006864402416440196,0.0017652678788284111,0.005586991284309948,0.021359810749616084,0.004433176607098466,0.0003463278616401871,0,0,0.0003085017163093489,0.00004685463466907963,0.002774407924114438,0.0019509082869188588,0.0011445906730099087,1.730733367920532,0.7448608818745984,1.3720905253139017,6.2499398729405975,0.8620996226533528,0.00003992206745324338,0.07300446432331972,0.006300509437446683,0.000016461554978220586,0,0,0,0,0,0,0,0.0000321564054115275,0,0.0009245839587462568,0,0.00009863100881031834,0.00017783468316370782,0.00011890669762179035,0,0,0,0,0,0,0,0,0,0,0,0,0,0,0,0,0,0,0,0.00023644947872598457,0.00027547800280209797,0.000030328398262079655,0,0,0,0,0.000030095106405010212
0.003844744176017858,0.0007110934715192011,0,0.0011109941758256456,0.00042511254343007146,0.003251142334550957,0.05267089929948972,1.9999811720379126,0.15893558896295437,4.777794482381588,0,0.005520694425488152,0.011838360731166704,0.04532971556970807,0.006317829511150205,1.009710879344531,0.2767725518937927,1.4479093760630644,0.021100475901914544,0.2386929395496326,0.00006706905922373047,0,0,0.00006081391205244077,0,0,0,0,0,0,0.0013131405290969871,0.0008120071027346683,0.0002657454350187289,0.025740091180088243,0.03442046936747303,0.028906741653722222,0.0978082729820701,0.019503007588316926,0,0.0030384562399550868,0,0,0,0,0,0,0,0,0,0,0.00022680364771552326,0.00021340182536782687,0,0,0,0,0,0,0,0,0.00017010268092894072,0,0,0,0,0,0,0,0,0,0,0,0,0,0,0.00005193401775757583,0,0,0,0,0,0,0
0.27066948954143993,0.0007196988295901626,0.0006571308570432374,0.1266387258783824,0.2760756726163212,0.048053637742439724,0.637170183015648,0.32108506758024163,0.020682855839197416,0.003863670679896092,0.005520694425488152,0,0.28263140508085993,0.07300779391792757,0.021182479377271725,0.0008016860270271465,0.00012593443968197918,0.00280591512638995,0.0001018844508290092,0.006114855180730215,0,0,0,0,0,0,0,0,0,0,0.00002118607371417451,0,0,0.058811202631363295,0.0020029730666925923,2.7597990372434853,1.0727617948749912,0.00787430689356431,0.21997368484576635,0.005110213975458541,0,0.0005975245577637998,0,0,0.0004476008159839573,0.00017197201377168247,0,0.0012075229861514137,0.0003321816921604343,0,0.000020306380289862167,0,0.008614666824417713,0.015400808801273027,0.002881832537801939,0.000053594024889362146,0,0,0,0,0.00002425018353686856,0,0,0,0,0,0,0,0,0,0,0,0,0,0.0013943025877007878,0.00032101442645433213,0.1928625707906028,0.00288415026009819,0.00011976622566958554,0.010770938840326566,0,0,0
0.00962682962537439,0.00021424558444125768,0,0.019084745327885205,0.06933217574896071,0.2447358543214893,0.418656719768823,0.8714541574887144,0.39909493648096517,0.02648474435225702,0.011838360731166704,0.28263140508085993,0,0.6424579923387965,0.11050143377792736,0.0012319501905549892,0.0007882302567972784,0.004034906849741653,0.0010780534549137096,0.03322778835536041,0,0.000031721862707778205,0,0.0004625137245746036,0,0.0005318453873984687,0,0,0,0,0,0,0,0.0658399804039354,0.004840101298775014,3.2691912919854462,0.2691927892609241,0.004734079690493556,0.02391033310516511,0.011025113117639089,0,0,0,0,0.00010386805304724996,0.0003489719234205902,0.0005782032610173084,0.0009335778286763935,0.0007079419467362607,0.0006753215206980724,0,0,0.013977968547698878,0.008378871299089225,0.0027693908671506096,0.00014574199799709237,0,0,0,0,0,0,0,0,0,0,0,0,0,0,0,0,0,0,0.0001564944928429895,0.0016877984178337805,0.22183050678046962,0.0006954166632291413,0.000050158513945738604,0,0,0,0.00008289877490302097
0.004775515645985614,0.0001295484747856864,0,0.009458071808520613,0.0008018385168560135,0.00739061092094467,0.024355786365512323,0.7370313956174441,0.20550496792249606,0.8422371902568946,0.04532971556970807,0.07300779391792757,0.6424579923387965,0,0.24127310198288285,0.3258398390816502,0.6647318593235955,0.3800333928902414,0.017623983375582537,0.19683703973245825,0.00013767845647016784,0,0,0.0003642419479285817,0,0.0004268032239698531,0,0,0,0,0.002706003428992246,0.0009426660546338798,0.0007281638382949999,0.08231307031093088,0.5136304228986099,2.2582912605020744,0.6027772630918243,0.14949703215605403,0.03648891138251782,0.054816930580789396,0.001169834503587388,0,0,0,0,0,0,0,0.00008808320337555089,0.00008150761464353335,0.00014270016604878388,0,0.000488918140633311,0.0020916488458581455,0.018820345717270183,0.0011444473741544531,0.0002951488868506336,0,0,0,0,0,0,0,0,0,0,0,0,0,0,0,0,0,0,0.07965689453819931,0.054099178265647745,0,0,0.008059277651693264,0.00010341048493523504,0,0.0005640249578694007
0.0010522719893838485,0,0,0.0021190032362119198,0.00033862806992243606,0.0022395899982362824,0.0007681013015342119,0.010300040635175364,0.001160866256726973,0.008510736522551852,0.006317829511150205,0.021182479377271725,0.11050143377792736,0.24127310198288285,0,0.02350627495551618,0.16104856899488587,0.37027020709070785,0.05468997343073823,0.7632456857366592,0.0006808054739602758,0.001259513425904991,0.004190832000765058,0.07095975975429523,0.0016072089398021163,0.028543345081119453,0,0,0.0005630584652626757,0.0005152083258272269,0.008494022980593503,0.0014202960390600154,0.0024737455040196366,0.03840000077150088,0.335627946056275,0.522915315872708,0.048367026963024605,0.005890275742611061,0.0005140357881870259,0.7431095446497558,0.0001277313084609951,0,0,0,0,0,0.000026198869195078707,0.0003064514518198758,0.0006781258577272167,0,0,0,0,0.00009890806637697478,0.002191995170114217,0.027369828946090483,0,0.00041918180182635534,0.00006557036008168226,0,0.000967152699595127,0,0,0,0.00011151627078649917,0,0.00006945021785490136,0,0,0,0,0,0.00004810284791108305,0,0.0008853805491625683,0.1019183397540192,0.01647793808656559,0.0002857476342956619,0.00010969240973774637,0.00005839344426135317,0.02105686586453265,0,0.0024080112277259868
0.0011256593108041983,0.0001954010774978062,0,0.00009452688806074617,0.004060544967735521,0.09397624129263787,0.013916562402870281,0.2113114123758003,0.25274835588521194,3.47919620354492,1.009710879344531,0.0008016860270271465,0.0012319501905549892,0.3258398390816502,0.02350627495551618,0,2.643032884318559,0.6845859906200206,0.09101308561127772,0.14682313829203433,0.00008136627498677983,0.0005269471180658154,0.0016165463032316745,0.014885436623344342,0.0018892450085281113,0.0005694319442380687,0,0,0.0002810905387888955,0.00020959086432767714,0.004265950385481554,0.004868798588231626,0.0022346225090632064,0.44971781962162877,0.2098522526974576,0.2702153834311086,1.315343227011852,0.1813442624625007,0,0.048826417750743055,0.0016739279653334097,0,0,0,0,0,0,0,0,0,0,0.00019241122619622605,0,0.0000454925783350779,0.0001289789427439097,0,0,0,0,0,0,0,0,0,0,0,0,0,0,0,0,0,0,0,0,0.0002831626103989974,0.00003155132088261722,0,0,0,0,0,0
0.0037890384568552223,0.0006973991906130357,0,0.00009516557831163487,0.01717949142471449,0.13417647974273475,0.03053515273500272,0.019923210037338667,0.2103383265224852,2.4374727321024126,0.2767725518937927,0.00012593443968197918,0.0007882302567972784,0.6647318593235955,0.16104856899488587,2.643032884318559,0,2.35695814182773,2.2642547084729943,0.4547317987479164,0.00020265478314787037,0.00635906578708417,0.008711028794475257,0.09725865192453631,0.018684438853586952,0.01364589764782095,0.000025852607657288104,0,0.0058141009120952335,0.0038215478082555395,0.30342958771656625,0.12676466913701515,0.031614894937360694,0.7958984873726476,0.31645053647505855,0.5536084359785969,0.8884717223002067,0.11581770985859262,0,0.5012822889368008,0.008115739385672444,0,0,0,0,0,0,0,0,0,0,0,0,0,0.00009260030789155364,0.001562319429060289,0,0.00010375326888145547,0.00007513070585871247,0,0,0,0,0,0,0,0,0,0,0,0,0,0,0,0.00009660158046985809,0.005330697570910947,0.00087746219330841,0,0,0,0.0011580414378548536,0,0.00177792852923192
0.008316642679985473,0.0012796427944962994,0,0.0006168273144706866,0.005529152526265762,0.02789771712108486,0.07197858640567598,0.2640332508926046,0.34017133802737265,1.3259348865709528,1.4479093760630644,0.00280591512638995,0.004034906849741653,0.3800333928902414,0.37027020709070785,0.6845859906200206,2.35695814182773,0,2.096411861071367,9.76764091784736,0.7870500025163111,1.3153041892595645,0.7251499544687043,0.261547744869117,0.14412008735071852,0.012517051651215671,0.0000248667099893572,0,0.012439332515710777,0.0033908217405355444,0.1703753510728341,0.05315492562585369,0.05942282290799772,0.5521912061581566,0.061339912099973005,0.06149020019608866,0.5986882175783839,0.05427949899424663,0.00001548430150777051,0.11014512968949294,0.0006496680736213507,0,0,0,0,0,0,0,0,0,0,0.00019561809117927122,0,0,0,0.0009561294397969839,0,0.0000772176817821329,0,0,0,0.0002214545052737515,0,0,0,0,0,0,0,0,0,0,0,0,0,0.00006945024136965929,0.0003589933744107099,0,0,0,0,0,0.00019058871972834005
0.00040481951722494804,0.00020030111210549118,0,0.000019241117806506108,0.0028680383682615053,0.025236646147219554,0.008800889652616384,0.002371536906301565,0.0447334602240585,0.11036286237429879,0.021100475901914544,0.0001018844508290092,0.0010780534549137096,0.017623983375582537,0.05468997343073823,0.09101308561127772,2.2642547084729943,2.096411861071367,0,1.8336991364097461,0.06041060934594712,0.49365479936127066,1.9618499386368713,1.1116892734515342,1.499799001480486,0.19638831570173076,0.0018493602135170944,0.0005978529147424606,0.6262274762343006,0.3256520328988618,0.7821002731290291,0.6345026985105896,0.3061581835552645,1.5640645427515885,0.027713204622224256,0.004584134100383632,0.20987611818248444,0.007251557765330166,0,0.9275817126319867,0.008155637450223192,0,0,0,0,0,0,0,0,0,0,0,0,0,0,0.0001213135213004558,0,0.00006520601657412861,0.00002333418079595171,0,0,0,0,0,0,0,0,0,0,0,0,0,0,0,0,0.00037775271508428576,0.000047518600313404504,0,0,0,0,0,0.0002767094053270997
0.0016593822131688119,0.00042813384022093577,0,0.0011355314050200463,0.0024999464134572652,0.01586744658073807,0.028802241617024268,0.07804375180880445,0.08489699834738472,0.2564159062024754,0.2386929395496326,0.006114855180730215,0.03322778835536041,0.19683703973245825,0.7632456857366592,0.14682313829203433,0.4547317987479164,9.76764091784736,1.8336991364097461,0,0.11455253191933044,0.29310983549034003,0.8786457436505744,0.33052139175812595,0.057933398530918376,0.02406019100394252,0,0,0.005764199914291744,0.002398825552971849,0.03676262626238416,0.007578403696606727,0.008253049278902844,0.08571540786957346,0.051722471072692566,0.0366491741590632,0.07640647964984047,0.007250711999499074,0.0003433675578540067,0.5689224652684818,0.0003831518155831437,0,0,0,0,0,0,0,0.00007042252088380573,0,0,0,0,0.00003452085059375863,0.00007059900039457323,0.0005826921983153071,0,0,0.00018339205375851147,0,0,0,0,0,0,0,0,0,0,0,0,0,0,0,0.000037379274510431675,0.0003238029509865242,0.00003633774690857225,0,0,0,0,0,0.00031664803349321124
0,0,0,0,0,0,0.000047374730101314574,0,0.0001498510886075522,0.0006864402416440196,0.00006706905922373047,0,0,0.00013767845647016784,0.0006808054739602758,0.00008136627498677983,0.00020265478314787037,0.7870500025163111,0.06041060934594712,0.11455253191933044,0,0.6360545760899226,0.8280865162366485,0.05563648273018853,0.012791136417310755,0.00044543035603643695,0,0,0.00046864660336858033,0,0.00005383987945095898,0,0.00004713692681156138,0.0005113994016276205,0,0,0.000032244755961364326,0,0,0.00041694814053981475,0.00003589321737595663,0,0,0,0,0,0,0,0,0,0,0,0,0,0,0,0,0,0,0,0,0.00019893390500494857,0.00020959088217362216,0,0,0,0,0,0,0,0,0,0,0,0,0,0,0,0,0,0,0,0
0,0,0,0,0.0001263436270973822,0.0003507535244988637,0.000415764981701457,0,0.0004307481286712313,0.0017652678788284111,0,0,0.000031721862707778205,0,0.001259513425904991,0.0005269471180658154,0.00635906578708417,1.3153041892595645,0.49365479936127066,0.29310983549034003,0.6360545760899226,0,4.019074247540095,0.6865313516227062,0.2738815856177605,0.0009003518744445612,0,0,0.009019283206868609,0.0018746014832658933,0.0018866009747887924,0.0007418972396198588,0.00023623796502540565,0.004577386882706223,0,0,0.0017549128941332052,0.00003452083897434883,0,0.003022742560268714,0.00009423174832841181,0,0,0,0,0,0,0,0,0,0,0,0,0,0,0,0,0,0,0,0,0.0003726061079351161,0,0.00023013900826108783,0.00020236355036308405,0,0,0,0,0,0,0,0,0,0,0,0,0,0,0,0,0,0
0,0,0,0,0.00023224335539093782,0.0010023264035898545,0.0004369236191066367,0,0.0025013271762592743,0.005586991284309948,0,0,0,0,0.004190832000765058,0.0016165463032316745,0.008711028794475257,0.7251499544687043,1.9618499386368713,0.8786457436505744,0.8280865162366485,4.019074247540095,0,3.100839496155074,3.5584037813671867,0.05875503566667431,0.00010573953670653513,0.00003372726486381072,0.2758509565310186,0.1069255946775821,0.0605948621202656,0.016584760457367093,0.0021974103000130833,0.07122532526213049,0.0006669236024593314,0.00012048340919822391,0.008155997069066468,0.00022752422654929714,0,0.11387810610795793,0.0011164610751407465,0,0,0,0,0,0,0,0,0,0,0,0,0,0,0,0,0,0,0,0,0.00016767262293167557,0,0,0.00006986360557899922,0,0,0,0,0,0,0,0,0,0,0,0,0,0,0,0,0,0
0.00013915252549682257,0.0001531132598553021,0,0,0.002847574005965638,0.00926495754622283,0.0017310952760234736,0.00005656429050962652,0.004625622509106839,0.021359810749616084,0.00006081391205244077,0,0.0004625137245746036,0.0003642419479285817,0.07095975975429523,0.014885436623344342,0.09725865192453631,0.261547744869117,1.1116892734515342,0.33052139175812595,0.05563648273018853,0.6865313516227062,3.100839496155074,0,0.8529861917937138,0.10286805446247228,0.00043959131639785526,0.00003786158505915085,0.08924821568726528,0.04797308400477672,0.08971451434169947,0.007551933413970282,0.0006178770684742848,0.01620966483689011,0.0016480556529934924,0.0000545276923101279,0.002686424011020504,0.00021916286521055952,0.000016554436197853334,0.16098710697866275,0.0004013224156455374,0,0,0,0,0,0,0,0,0,0,0,0,0,0,0.0002134015848504313,0,0,0,0,0.0001771637381088201,0.0006150436272985884,0,0.0000875902391193391,0.001376976938134503,0,0,0,0,0,0,0,0,0,0,0.0005667810022979739,0.00008891733729911448,0,0,0,0.00030420117142431635,0,0.00009780905336300764
0,0,0,0,0.00007625614137116951,0.001160532085696841,0,0,0.0008606601264128153,0.004433176607098466,0,0,0,0,0.0016072089398021163,0.0018892450085281113,0.018684438853586952,0.14412008735071852,1.499799001480486,0.057933398530918376,0.012791136417310755,0.2738815856177605,3.5584037813671867,0.8529861917937138,0,0.20364727498804794,0.03472702252541559,0.007333636346111034,1.124978235692576,0.9062913051810865,0.5423038331336022,0.3024055188845175,0.0030926558412120836,0.18707930357910546,0.0013412742204583737,0.00012978712827402134,0.011300455417443652,0.00016531108443277454,0,0.3240132114718142,0.07846710973082673,0,0,0,0,0,0,0,0,0,0,0,0,0,0,0,0,0,0,0,0,0,0,0,0,0,0,0,0,0,0,0,0,0,0,0,0,0,0,0,0,0,0
0,0,0,0,0.00003449550018852307,0.0002244344171061096,0.00004180619654621497,0,0.000025186885462232832,0.0003463278616401871,0,0,0.0005318453873984687,0.0004268032239698531,0.028543345081119453,0.0005694319442380687,0.01364589764782095,0.012517051651215671,0.19638831570173076,0.02406019100394252,0.00044543035603643695,0.0009003518744445612,0.05875503566667431,0.10286805446247228,0.20364727498804794,0,0.09950164238133741,0.0001524296770330944,0.14212738674549935,0.13109873946358205,0.14427578429402307,0.046611441946327964,0.00046575744984402284,0.007713828384059645,0.027800788020227948,0.0006432171448093548,0.0003353454655964237,0.002070192025161126,0.0029724838260277962,0.3772779163937683,0.005103411941253003,0,0,0,0,0,0,0,0,0,0,0,0,0,0,0,0,0,0,0,0,0,0,0,0,0,0,0,0,0,0,0,0,0,0,0.00010295690042991324,0,0,0,0,0,0,0.0011807366453212024
0,0,0,0,0,0,0,0,0,0,0,0,0,0,0,0,0.000025852607657288104,0.0000248667099893572,0.0018493602135170944,0,0,0,0.00010573953670653513,0.00043959131639785526,0.03472702252541559,0.09950164238133741,0,0.005672803334027726,0.057297760242072636,0.020457534649330783,0.0018651093354748105,0.023126342567298553,0.00012194377183304592,0.048644363986595274,0.00009465392624908472,0,0.0015550713437603712,0,0.00009315145647919673,0.14359615590026886,0.018301950840311866,0,0,0,0,0,0,0,0,0,0,0,0,0,0,0,0,0,0,0,0,0,0,0,0,0,0,0,0,0,0,0,0,0,0,0,0,0,0,0,0,0,0
0,0,0,0,0,0,0,0,0,0,0,0,0,0,0,0,0,0,0.0005978529147424606,0,0,0,0.00003372726486381072,0.00003786158505915085,0.007333636346111034,0.0001524296770330944,0.005672803334027726,0,0.013872885012222528,0.008152798052818287,0.0015977535791138256,0.03475057701929717,0,0.09321475156624008,0,0,0.005647866018599791,0.0002268037104103118,0,0.008990231922203084,0.05349438461275072,0,0,0,0,0,0,0,0,0,0,0,0,0,0,0,0,0,0,0,0,0,0,0,0,0,0,0,0,0,0,0,0,0,0,0,0,0,0,0,0,0,0
0.0000688616665662424,0,0,0.000021615276498581544,0,0.00012597945958968586,0.00015118498810374093,0.000022103743602214585,0.000028350442903069984,0.0003085017163093489,0,0,0,0,0.0005630584652626757,0.0002810905387888955,0.0058141009120952335,0.012439332515710777,0.6262274762343006,0.005764199914291744,0.00046864660336858033,0.009019283206868609,0.2758509565310186,0.08924821568726528,1.124978235692576,0.14212738674549935,0.057297760242072636,0.013872885012222528,0,3.371912316320394,1.2632458951206125,0.596736053761582,0.0032658396378547785,0.4439919024806384,0.0022099945023478637,0,0.01999767731276388,0.0005282727702908604,0,0.3838702139486025,0.3978181457366915,0,0,0,0,0,0,0,0,0,0,0,0,0,0,0,0,0,0,0,0,0,0,0,0,0,0,0,0,0,0,0,0,0,0,0,0,0,0,0,0,0,0
0.0000288380429519262,0,0,0,0,0,0,0,0,0.00004685463466907963,0,0,0,0,0.0005152083258272269,0.00020959086432767714,0.0038215478082555395,0.0033908217405355444,0.3256520328988618,0.002398825552971849,0,0.0018746014832658933,0.1069255946775821,0.04797308400477672,0.9062913051810865,0.13109873946358205,0.020457534649330783,0.008152798052818287,3.371912316320394,0,0.8373182351388038,0.826822474657685,0.008602579267340557,0.3672171369111448,0.0012501582622589699,0.00012862565189286935,0.01310758331362102,0.0002867074723955732,0,0.45345030866652225,0.10985503229361403,0,0,0,0,0,0,0,0,0,0,0,0,0,0,0,0,0,0,0,0,0,0,0,0,0,0,0,0,0,0,0,0,0,0,0,0,0,0,0,0,0,0
0,0,0,0.00002476178279683409,0.00002912428861805821,0.0008564632425596954,0.000019209631911980877,0.000025739238026851395,0.00010407272386905221,0.002774407924114438,0.0013131405290969871,0.00002118607371417451,0,0.002706003428992246,0.008494022980593503,0.004265950385481554,0.30342958771656625,0.1703753510728341,0.7821002731290291,0.03676262626238416,0.00005383987945095898,0.0018866009747887924,0.0605948621202656,0.08971451434169947,0.5423038331336022,0.14427578429402307,0.0018651093354748105,0.0015977535791138256,1.2632458951206125,0.8373182351388038,0,0.8384402873571268,0.12540287684813883,0.3691282362935907,0.01543880592888149,0.001711779402080154,0.03399410978751153,0.0029897999658459722,0,0.8743829680260704,0.009489371326131911,0,0,0,0,0,0,0,0,0,0,0,0,0,0,0.0001468666337816748,0,0,0,0,0,0,0,0,0,0,0,0,0,0,0,0,0,0,0,0.00004639166881572196,0,0,0,0,0,0,0
0,0,0,0,0,0.00003180781534701208,0,0,0.00019795510340807912,0.0019509082869188588,0.0008120071027346683,0,0,0.0009426660546338798,0.0014202960390600154,0.004868798588231626,0.12676466913701515,0.05315492562585369,0.6345026985105896,0.007578403696606727,0,0.0007418972396198588,0.016584760457367093,0.007551933413970282,0.3024055188845175,0.046611441946327964,0.023126342567298553,0.03475057701929717,0.596736053761582,0.826822474657685,0.8384402873571268,0,0.4319939271059153,0.6369740196464956,0.04656050173178969,0.0013664011523693335,0.07880782286202029,0.012017188892374511,0,1.0567431991230951,0.09388265786028076,0,0,0,0,0,0,0,0,0,0,0,0,0,0,0.00006668802706478429,0,0,0,0,0,0,0,0,0,0,0,0,0,0,0,0,0,0,0,0,0,0,0,0,0,0,0.0005907222859265141
0,0,0,0,0,0.0003414359872369827,0.00003482816496539011,0,0,0.0011445906730099087,0.0002657454350187289,0,0,0.0007281638382949999,0.0024737455040196366,0.0022346225090632064,0.031614894937360694,0.05942282290799772,0.3061581835552645,0.008253049278902844,0.00004713692681156138,0.00023623796502540565,0.0021974103000130833,0.0006178770684742848,0.0030926558412120836,0.00046575744984402284,0.00012194377183304592,0,0.0032658396378547785,0.008602579267340557,0.12540287684813883,0.4319939271059153,0,0.03800293023747223,0.08888824467561837,0.007115061031728095,0.07628917189031757,0.015597357613392865,0,0.1222361472228245,0.007759011181291886,0,0,0,0,0,0,0,0,0,0,0,0,0,0,0.00007772906068926079,0,0,0,0,0,0,0,0,0,0,0,0,0,0,0,0,0,0,0,0.00038853814302124205,0.00003938619882106359,0,0,0,0.000047518592974568266,0,0.0004920351723192611
0.2715781700448621,0.010019086165496903,0,0.013714936902631647,0.08167582749223637,0.6113293023949956,0.6511088544895504,0.1718610521951411,0.9835810588491511,1.730733367920532,0.025740091180088243,0.058811202631363295,0.0658399804039354,0.08231307031093088,0.03840000077150088,0.44971781962162877,0.7958984873726476,0.5521912061581566,1.5640645427515885,0.08571540786957346,0.0005113994016276205,0.004577386882706223,0.07122532526213049,0.01620966483689011,0.18707930357910546,0.007713828384059645,0.048644363986595274,0.09321475156624008,0.4439919024806384,0.3672171369111448,0.3691282362935907,0.6369740196464956,0.03800293023747223,0,0.7601893531566206,0.3209338311140922,4.684720180277817,0.17414670492326628,0.010147474996792166,1.4353030200746306,1.717244722555857,0,0,0,0,0,0,0,0.000030250212651914327,0,0.00003088708304836066,0.000037498672464401125,0,0.0000962056732609391,0.00003535269781672092,0.0022583881149571402,0,0,0,0,0,0,0,0,0,0,0,0,0,0,0,0,0,0,0.0002661184205977441,0.009117665074878345,0.00301476635832155,0.00008459164551583846,0,0.00010479543216387755,0.00014732748187301804,0,0.005519040928848374
0.0008466908545160111,0.000022924003713903377,0,0.00036358835331230755,0.00024657749040844665,0.008992440972649016,0.0021879174487580014,0.011676343601232224,0.03237114077989085,0.7448608818745984,0.03442046936747303,0.0020029730666925923,0.004840101298775014,0.5136304228986099,0.335627946056275,0.2098522526974576,0.31645053647505855,0.061339912099973005,0.027713204622224256,0.051722471072692566,0,0,0.0006669236024593314,0.0016480556529934924,0.0013412742204583737,0.027800788020227948,0.00009465392624908472,0,0.0022099945023478637,0.0012501582622589699,0.01543880592888149,0.04656050173178969,0.08888824467561837,0.7601893531566206,0,1.267985715475745,1.0733452909165868,0.5260921357182492,0.3379365389120792,3.499200258109645,0.2919894384459921,0,0,0,0.0008863531797530317,0,0,0,0,0.00002723222166997514,0,0,0.0010469393416634954,0.001206898274565155,0.05222065303452892,0.0445835401287298,0.00007877240520487158,0.0017130962875253303,0.0006595032935099756,0,0,0,0,0,0,0,0,0,0,0,0,0,0.00019621776086132316,0,0.0021373155654867255,2.0412739030666645,0.09736722283567394,0.0010164548003499996,0.01614456487108017,0.044312935186645495,0.022781547667756454,0.00035838440571932267,2.1218475413787043
0.6946965067742721,0.000689303086048929,0.0012214300784772962,0.7173168756652725,0.12581101912785644,0.6215080060731688,1.2391594811456672,1.2941657013610561,1.6317341781939692,1.3720905253139017,0.028906741653722222,2.7597990372434853,3.2691912919854462,2.2582912605020744,0.522915315872708,0.2702153834311086,0.5536084359785969,0.06149020019608866,0.004584134100383632,0.0366491741590632,0,0,0.00012048340919822391,0.0000545276923101279,0.00012978712827402134,0.0006432171448093548,0,0,0,0.00012862565189286935,0.001711779402080154,0.0013664011523693335,0.007115061031728095,0.3209338311140922,1.267985715475745,0,3.4560074220456687,3.0176094867841763,0.12584934205609863,0.639170969052213,0.1831559012780581,0.0011112804640622535,0,0,0.0011772591000737559,0.0021927268547320914,0.002712786562986052,0.006620608427504666,0.0009488870898391259,0.003128679480819077,0.0005817297375713031,0,0.21027694742277667,0.3158131620552982,0.10676074180481232,0.01858234999549894,0.00005193402214060004,0.0006839444570800714,0.00044392158068236694,0.00011672244389178474,0.0000161223847391294,0,0,0,0,0,0,0,0,0,0,0,0.00020015497086585475,0,0.0034310848222363103,0.27701260996537275,7.005521294150786,0.01618436015102098,0.0018687933294626283,0.19266460471924515,0.0038054158133799484,0.00014671362814081874,0.05489684108692849
3.2536320838000257,0.011083876392567481,0.0029385204893254985,0.8780312242985192,0.17321698789760587,1.5014289187022012,2.687974563515832,0.8856409758631386,2.7489870236380956,6.2499398729405975,0.0978082729820701,1.0727617948749912,0.2691927892609241,0.6027772630918243,0.048367026963024605,1.315343227011852,0.8884717223002067,0.5986882175783839,0.20987611818248444,0.07640647964984047,0.000032244755961364326,0.0017549128941332052,0.008155997069066468,0.002686424011020504,0.011300455417443652,0.0003353454655964237,0.0015550713437603712,0.005647866018599791,0.01999767731276388,0.01310758331362102,0.03399410978751153,0.07880782286202029,0.07628917189031757,4.684720180277817,1.0733452909165868,3.4560074220456687,0,0.5835162313417332,0.08005162206315977,0.2513094934485914,0.31786838483753665,0,0,0,0,0,0,0.0001398659715402771,0,0,0,0,0.004678792974096551,0.0003526769721271248,0.0002748732662267881,0.00048004453315461583,0,0,0,0,0,0,0,0,0,0,0,0,0,0,0,0,0,0,0,0.002425748673527266,0.025458168559990293,0.0005633266282604776,0.0005725408881633586,0.0012835921192289423,0.0001248626561510399,0.00005359402955702981,0.009584816112210612
0.005828439011632745,0.0000729011820761419,0,0.0014444698732583533,0.0014037629502799357,0.11327642205708706,0.015124792425886678,0.044414384181946584,0.15403844402472894,0.8620996226533528,0.019503007588316926,0.00787430689356431,0.004734079690493556,0.14949703215605403,0.005890275742611061,0.1813442624625007,0.11581770985859262,0.05427949899424663,0.007251557765330166,0.007250711999499074,0,0.00003452083897434883,0.00022752422654929714,0.00021916286521055952,0.00016531108443277454,0.002070192025161126,0,0.0002268037104103118,0.0005282727702908604,0.0002867074723955732,0.0029897999658459722,0.012017188892374511,0.015597357613392865,0.17414670492326628,0.5260921357182492,3.0176094867841763,0.5835162313417332,0,0.16374628416037432,0.660597821827186,0.19326079364885207,0,0,0,0,0,0,0,0,0,0,0,0.00014014428484530032,0,0,0,0,0,0,0,0,0,0,0,0,0,0,0,0,0,0,0,0,0,0,0.047848417648744736,0.008725259761847884,0.00015177267525005145,0.06487087963982785,0.043024135209514244,0.001007475461688588,0.0005477308149111247,0.06768057346723538
0.1963028690693297,0.00009465395536814694,0.00012827420873207644,0.12945789117248035,0.004526058539220995,0.0008227961761464043,0.010456817809499058,0.001647258751955075,0,0.00003992206745324338,0,0.21997368484576635,0.02391033310516511,0.03648891138251782,0.0005140357881870259,0,0,0.00001548430150777051,0,0.0003433675578540067,0,0,0,0.000016554436197853334,0,0.0029724838260277962,0.00009315145647919673,0,0,0,0,0,0,0.010147474996792166,0.3379365389120792,0.12584934205609863,0.08005162206315977,0.16374628416037432,0,0.2620915430862916,0.07107261617115834,0.00007028194397660999,0,0,0.0014659614417112938,0,0,0.00005642830001702937,0,0,0,0,0.025056070194169285,0.0010009756140857285,0.01710645692753056,0.0006800285962281081,0,0,0,0,0.000041843462094000074,0,0,0,0,0,0.00007156761042577907,0,0,0,0,0,0,0,0.00013077540328155373,0.04695151587945505,0.07372897125689445,0.0007537580045524158,0.017724118927383167,0.036458586199828134,0.0024065205326084314,0.0011489741483179385,0.17526412972476796
0.00022584487443832432,0.00007829077131739973,0,0.0006645266230256359,0.0008056914188609268,0.011615234987827957,0.000705017977306562,0.0019992792688508154,0.007940038613394668,0.07300446432331972,0.0030384562399550868,0.005110213975458541,0.011025113117639089,0.054816930580789396,0.7431095446497558,0.048826417750743055,0.5012822889368008,0.11014512968949294,0.9275817126319867,0.5689224652684818,0.00041694814053981475,0.003022742560268714,0.11387810610795793,0.16098710697866275,0.3240132114718142,0.3772779163937683,0.14359615590026886,0.008990231922203084,0.3838702139486025,0.45345030866652225,0.8743829680260704,1.0567431991230951,0.1222361472228245,1.4353030200746306,3.499200258109645,0.639170969052213,0.2513094934485914,0.660597821827186,0.2620915430862916,0,0.19445891423908263,0,0,0,0.00006113066442450938,0,0,0.000017544224599652553,0,0,0,0,0,0,0,0.015772486797899013,0,0.00006784444550567408,0,0.000030485930875698464,0.00006448945785504158,0,0,0,0,0,0,0,0,0,0,0,0.000039786727622525554,0,0.0012863744597720872,0.088553195408397,0.009983701503113274,0.00026890556382124794,0.0008840993604987013,0.000997565314535615,0.02486670799129628,0,0.171360033528335
0.004934817378624386,0,0,0.000167672668618863,0,0.0014460396921060173,0.00007290121014486508,0.00017121936357488297,0.0029598356841984063,0.006300509437446683,0,0,0,0.001169834503587388,0.0001277313084609951,0.0016739279653334097,0.008115739385672444,0.0006496680736213507,0.008155637450223192,0.0003831518155831437,0.00003589321737595663,0.00009423174832841181,0.0011164610751407465,0.0004013224156455374,0.07846710973082673,0.005103411941253003,0.018301950840311866,0.05349438461275072,0.3978181457366915,0.10985503229361403,0.009489371326131911,0.09388265786028076,0.007759011181291886,1.717244722555857,0.2919894384459921,0.1831559012780581,0.31786838483753665,0.19326079364885207,0.07107261617115834,0.19445891423908263,0,0,0,0,0.00020773603596611852,0,0,0,0,0,0,0,0,0,0,0,0,0,0,0,0,0,0,0,0,0,0,0,0,0,0,0,0,0,0,0.0019614884541621588,0.00007646311043505345,0,0.0011168946901091291,0.001419924808528439,0.00019453733131979958,0.0005142208013303428,0.046871347133305465
0,0,0,0,0,0,0,0,0,0.000016461554978220586,0,0.0005975245577637998,0,0,0,0,0,0,0,0,0,0,0,0,0,0,0,0,0,0,0,0,0,0,0,0.0011112804640622535,0,0,0.00007028194397660999,0,0,0,0.2694001117376627,0.011115648777391794,1.3954952472555082,2.002873389498371,0.07820642554790917,2.645822107219964,0.36659057572372283,0.16935113723058604,0.029601969252941757,0.006012215693125766,0.46629617349581237,0.006621875091411531,0.004640995165609194,0.0009998418265114231,0.002572901273565232,0.005486732895992411,0.024758034589670398,0.0011820679283824189,0.014213147304602974,0,0.00022484100403078936,0.00004065977412348768,0.0006964422322180863,0.00002882039026141387,0,0,0,0,0,0,0.000887872978396627,0.00009449519084723207,0.16024816773506556,0.00102195294705134,0.7288836379002616,2.6201764157629164,0.007373817673095734,0.30037736817989447,0.0011658616821223582,0.008731756928043916,0
0,0,0,0,0,0,0,0,0,0,0,0,0,0,0,0,0,0,0,0,0,0,0,0,0,0,0,0,0,0,0,0,0,0,0,0,0,0,0,0,0,0.2694001117376627,0,0.00005927821344551541,0.0041588408709966355,0.4333515544249863,0.012020045394291697,0.4429822267067324,0.002107985686864212,0.015491658684184182,0.003255977466521323,0.00004584798693187489,0.0026289485039220394,0.00006276518033695717,0.00012582190501336826,0.00008756301429991512,0.00013931263778416825,0.0010581653046823152,0.0009299020069403587,0.00010389871987777111,0.0004196399200196508,0,0.00001851274852299143,0,0.00011344750316800329,0,0.000018839630921768924,0,0,0,0,0,0.0002493956709106059,0,0.0020655436081045662,0.0001435729886067686,0.0013427797327313974,0.0045413327673932725,0.000025295468750884904,0.00005868541802598165,0.00007955101270524614,0,0
0,0,0,0,0,0,0,0,0,0,0,0,0,0,0,0,0,0,0,0,0,0,0,0,0,0,0,0,0,0,0,0,0,0,0,0,0,0,0,0,0,0.011115648777391794,0.00005927821344551541,0,0.06690460438916741,0.0009020680768243933,0.0001266592351224148,0.007403140196968009,0.017427603909383384,0.000211207289698817,0,0.00011889270264811984,0.004856093022958581,0.00002375928547906063,0.00026304646967162127,0,0,0,0,0,0,0,0,0,0,0,0,0,0,0,0,0,0,0,0.00015719316609232717,0,0.0005786351934647184,0.0029594196477340023,0,0.0002748732621341594,0,0,0
0,0,0,0,0,0,0,0,0,0,0,0.0004476008159839573,0.00010386805304724996,0,0,0,0,0,0,0,0,0,0,0,0,0,0,0,0,0,0,0,0,0,0.0008863531797530317,0.0011772591000737559,0,0,0.0014659614417112938,0.00006113066442450938,0.00020773603596611852,1.3954952472555082,0.0041588408709966355,0.06690460438916741,0,0.17341261504231484,0.010372635528729891,1.3026091654131717,0.7827431737617632,0.02085947025506669,0.002280431007703526,0.0032554785854988244,0.30684030195971096,0.016730213375517375,0.00863275514839421,0.0023462037283334893,0.000843247835714111,0.0005307495067391086,0.003311963492024009,0.0002816550757854757,0.0028070666886650204,0,0.00003021135239994142,0,0.000018689642931541593,0.000017465905360678747,0,0,0,0,0,0,0.000021224385742471577,0,0.02526991746621658,0.002179182099465989,0.8890639561540686,0.876306848616044,0.0034544888950304043,0.1658330385491721,0.0010380553919221676,0.0016680391250340706,0.001362907040818899
0,0,0,0,0.00007709089111723417,0,0,0,0,0,0,0.00017197201377168247,0.0003489719234205902,0,0,0,0,0,0,0,0,0,0,0,0,0,0,0,0,0,0,0,0,0,0,0.0021927268547320914,0,0,0,0,0,2.002873389498371,0.4333515544249863,0.0009020680768243933,0.17341261504231484,0,1.2288307178646187,2.7916190959512615,0.3178614897902362,0.10675075104203256,0.04023504259125024,0.00037922258456447226,0.37718803792423233,0.034101223914655004,0.0007762326571448359,0.0007427111916604652,0.005046461796392582,0.02471824170489633,0.007200118029964624,0.0013258745656498797,0.0030565454955558133,0,0,0.00005902977925759497,0.002009925669659157,0.00013247692891513635,0.000045448573306306565,0,0,0.00010209717029747115,0,0,0.0018508214943739815,0.0003061294233140143,0.07128694862903727,0.0018638669496175448,0.09654860560583454,0.12313122007137887,0.0011593024150393918,0.0017986320305545906,0.004730440272381245,0,0
0,0,0,0,0.00006484578166211911,0,0.0000286270494973512,0,0,0,0,0,0.0005782032610173084,0,0.000026198869195078707,0,0,0,0,0,0,0,0,0,0,0,0,0,0,0,0,0,0,0,0,0.002712786562986052,0,0,0,0,0,0.07820642554790917,0.012020045394291697,0.0001266592351224148,0.010372635528729891,1.2288307178646187,0,0.9253041389414156,0.321944315952817,0.2429147963435762,0.6438166397263527,0.0011019192796059847,0.09011907824836649,0.1624466252528741,0.003985833590263188,0.003141144692431536,0.10824946638700556,0.21526391479805868,0.01624583516796913,0.007270683201381597,0.007102120071554093,0.00014244040029772907,0.0006704202483737131,0.00011083182132503761,0.00944266172081671,0.0013953829181478953,0.0005723487752092932,0,0,0.0001587369649814549,0.00002723222890079432,0.0004675293360542205,0.017501665355935923,0.0004898303723077208,0.5097034885739682,0.014227436125206468,0.5049649254983711,0.8955982029353289,0.04116147042302822,0.0011628592176941978,0.034164809979897265,0.0003391303426275477,0.00007837789915076262
0.0000446277136545946,0,0,0,0.00011142805621421169,0.000032876985810670754,0.000028980472624479294,0,0,0,0,0.0012075229861514137,0.0009335778286763935,0,0.0003064514518198758,0,0,0,0,0,0,0,0,0,0,0,0,0,0,0,0,0,0,0,0,0.006620608427504666,0.0001398659715402771,0,0.00005642830001702937,0.000017544224599652553,0,2.645822107219964,0.4429822267067324,0.007403140196968009,1.3026091654131717,2.7916190959512615,0.9253041389414156,0,3.6628590077652388,1.8949699304567316,0.13558881837817832,0.030065286996957576,1.2619774032474336,0.47191172414896687,0.027316464065675543,0.0029590969194170213,0.01411156358409166,0.023641244987849513,0.07319646266978719,0.007383283259628687,0.044335655842559114,0.00015230022864588027,0.0011126506839384544,0.0006754098475140398,0.003064875706945371,0.0001833522352738673,0.00017156616458320894,0,0,0.0000816848009701542,0,0.0003137920268095749,0.001563526256692587,0.00008921772621792089,0.6758776500831528,0.006677471503990122,1.2919549119386977,1.807238658635123,0.0293169023435341,0.018577220642902573,0.005099137561279045,0.00021635192793529736,0
0,0,0,0,0,0,0,0,0,0,0,0.0003321816921604343,0.0007079419467362607,0.00008808320337555089,0.0006781258577272167,0,0,0,0,0.00007042252088380573,0,0,0,0,0,0,0,0,0,0,0,0,0,0.000030250212651914327,0,0.0009488870898391259,0,0,0,0,0,0.36659057572372283,0.002107985686864212,0.017427603909383384,0.7827431737617632,0.3178614897902362,0.321944315952817,3.6628590077652388,0,2.4863334697559063,1.832105233091531,2.0888025983336256,1.1075640222599277,1.8778314753751013,0.7594442587531842,0.011485621751164432,0.11593235703042924,0.006037248571532834,0.1452980931080836,0.001871438750231928,0.08213563091717062,0.00010450384778701295,0.000047042424069310546,0.0003404111726639086,0.00025555766973292456,0.000025909693987439596,0.000044082979928493977,0,0,0,0,0,0.00013971138032720765,0,0.2159306590159424,0.027442098533230944,1.789740253482065,0.9840149082143057,0.0332779487603388,0.002583452327105101,0.0006384222913867883,0.00006259779634111891,0.00014003344382664616
0,0,0,0,0,0.00007381815514172692,0.00016456937740520048,0,0.00003589326343532784,0.0000321564054115275,0,0,0.0006753215206980724,0.00008150761464353335,0,0,0,0,0,0,0,0,0,0,0,0,0,0,0,0,0,0,0,0,0.00002723222166997514,0.003128679480819077,0,0,0,0,0,0.16935113723058604,0.015491658684184182,0.000211207289698817,0.02085947025506669,0.10675075104203256,0.2429147963435762,1.8949699304567316,2.4863334697559063,0,2.9665852296804665,0.20615573277345856,0.0798651983532634,0.7467909935798283,0.26474454886356075,0.005736850589408488,0.22474062449626753,0.09024859832015526,0.34902410840605697,0.043643192992827325,0.1549934809366726,0.0005074887451175032,0.004541705242788426,0.006369823368988143,0.026651354240666284,0.0034914673737391436,0.0018408104795937835,0,0,0.0002416144038876442,0,0.0016659744472180091,0.005336065579640328,0.00003260300483232495,0.7489657118980244,0.13245085682177388,2.547765939468594,3.5011023451629852,0.17033031697422232,0.0012617008848279255,0.026952276635728887,0.00199371198731802,0.00012194377586059504
0,0,0,0,0,0,0,0,0,0,0.00022680364771552326,0.000020306380289862167,0,0.00014270016604878388,0,0,0,0,0,0,0,0,0,0,0,0,0,0,0,0,0,0,0,0.00003088708304836066,0,0.0005817297375713031,0,0,0,0,0,0.029601969252941757,0.003255977466521323,0,0.002280431007703526,0.04023504259125024,0.6438166397263527,0.13558881837817832,1.832105233091531,2.9665852296804665,0,4.436701263663891,0.010620461047868767,0.04615101111171794,0.9357998905224991,0.014715875794578443,3.126739297663333,1.8042248905570224,1.6007898287074631,0.07767161291672749,0.3805932454450195,0.001185976102844918,0.004990702603613667,0.0064648549711605685,0.04296164131944186,0.005985728397763141,0.005309335554312122,0,0,0.001104766255462454,0.00009296703616071324,0.005853794017723576,0.02320255987988961,0.00136341778794138,2.000380385119859,1.5019594352375654,1.678543489002289,5.969440705887076,0.77604168928492,0.00012948490273586498,0.06266375017208332,0.002489115983279694,0
0,0,0,0,0,0,0,0,0,0.0009245839587462568,0.00021340182536782687,0,0,0,0,0.00019241122619622605,0,0.00019561809117927122,0,0,0,0,0,0,0,0,0,0,0,0,0,0,0,0.000037498672464401125,0,0,0,0,0,0,0,0.006012215693125766,0.00004584798693187489,0.00011889270264811984,0.0032554785854988244,0.00037922258456447226,0.0011019192796059847,0.030065286996957576,2.0888025983336256,0.20615573277345856,4.436701263663891,0,0.01782503696339473,0.03671849065968977,0.08692379669609554,0.003399352856212282,0.8707351327940478,0.1547633129603501,0.8107361496657437,0.0014878715431505458,0.28632532224376583,0,0,0,0,0,0,0,0,0,0,0,0.0007401366470428654,0,0.01822528704341166,0.08471767106970973,0.036648856952470096,0.08582975011758802,0.022215680296868375,0.00003310886705158721,0.0000962056431794181,0,0
0.00039287334770132944,0,0,0.0006837143487378369,0.00029808474195485823,0,0.0005963798740189209,0.0001833920388195396,0,0,0,0.008614666824417713,0.013977968547698878,0.000488918140633311,0,0,0,0,0,0,0,0,0,0,0,0,0,0,0,0,0,0,0,0,0.0010469393416634954,0.21027694742277667,0.004678792974096551,0.00014014428484530032,0.025056070194169285,0,0,0.46629617349581237,0.0026289485039220394,0.004856093022958581,0.30684030195971096,0.37718803792423233,0.09011907824836649,1.2619774032474336,1.1075640222599277,0.0798651983532634,0.010620461047868767,0.01782503696339473,0,0.6557388061026245,0.287794281486184,0.09382952238205018,0.0018699741340105504,0.0011475961254018572,0.009645996564678457,0.0007795902212942963,0.015775329482580133,0,0.000020736908673732408,0,0.0003114973680025683,0,0.00021453935660169823,0,0,0,0,0,0.00006913206162181257,0,0.19215127500697285,0.004757055136477617,3.1481247231151555,1.300207503239254,0.015314767594735507,0.1806989341366121,0.009102588516208448,0.00028453550676662816,0.0001062756939981127
0,0,0,0,0.000046027811120048235,0.0004221130744422326,0.0011213396790268181,0.00010409836444997105,0.0009229061113853773,0.00009863100881031834,0,0.015400808801273027,0.008378871299089225,0.0020916488458581455,0.00009890806637697478,0.0000454925783350779,0,0,0,0.00003452085059375863,0,0,0,0,0,0,0,0,0,0,0,0,0,0.0000962056732609391,0.001206898274565155,0.3158131620552982,0.0003526769721271248,0,0.0010009756140857285,0,0,0.006621875091411531,0.00006276518033695717,0.00002375928547906063,0.016730213375517375,0.034101223914655004,0.1624466252528741,0.47191172414896687,1.8778314753751013,0.7467909935798283,0.04615101111171794,0.03671849065968977,0.6557388061026245,0,0.7699389954403265,0.1137651725208104,0.0038422522463232617,0.0009878771535220523,0.008474877168503729,0.0005499683609059169,0.019800126680227,0,0,0.00012700185061761195,0.000021147912832513658,0,0.00022880802438396408,0,0,0,0,0,0.00002704399527062223,0,0.08682804770592192,0.00894226735866223,3.92479312484224,0.43001457655901915,0.009410902603281736,0.029929554268444444,0.007693435166657182,0,0.00005503912300638591
0,0,0,0,0,0,0,0,0.00010994930157956091,0.00017783468316370782,0,0.002881832537801939,0.0027693908671506096,0.018820345717270183,0.002191995170114217,0.0001289789427439097,0.00009260030789155364,0,0,0.00007059900039457323,0,0,0,0,0,0,0,0,0,0,0,0,0,0.00003535269781672092,0.05222065303452892,0.10676074180481232,0.0002748732662267881,0,0.01710645692753056,0,0,0.004640995165609194,0.00012582190501336826,0.00026304646967162127,0.00863275514839421,0.0007762326571448359,0.003985833590263188,0.027316464065675543,0.7594442587531842,0.26474454886356075,0.9357998905224991,0.08692379669609554,0.287794281486184,0.7699389954403265,0,0.3334365581808081,0.39512558074260445,0.5709126646496175,0.5034953323018622,0.0038007953156232862,0.22342819976736442,0,0,0,0.00012127873353498796,0,0.00016228255552026713,0,0,0,0,0,0.0020773183054776973,0,0.064758933719078,0.8714017423195738,2.8451409644189773,0.60201260633094,0.18264921178527724,0.01726211962097836,0.03283321224346681,0.00020651762694830133,0.00040844951089036156
0,0,0,0.000015947147276168943,0,0,0,0.00001999505136508602,0,0.00011890669762179035,0,0.000053594024889362146,0.00014574199799709237,0.0011444473741544531,0.027369828946090483,0,0.001562319429060289,0.0009561294397969839,0.0001213135213004558,0.0005826921983153071,0,0,0,0.0002134015848504313,0,0,0,0,0,0,0.0001468666337816748,0.00006668802706478429,0.00007772906068926079,0.0022583881149571402,0.0445835401287298,0.01858234999549894,0.00048004453315461583,0,0.0006800285962281081,0.015772486797899013,0,0.0009998418265114231,0.00008756301429991512,0,0.0023462037283334893,0.0007427111916604652,0.003141144692431536,0.0029590969194170213,0.011485621751164432,0.005736850589408488,0.014715875794578443,0.003399352856212282,0.09382952238205018,0.1137651725208104,0.3334365581808081,0,0.04149310019112026,0.24184317400674868,0.7255828499572696,0.06558883086729052,1.1646877793685935,0.004146958663714642,0.006714234536386971,0.018498415232544925,0.1323363967368012,0.005382113942848169,0.08474480847748367,0,0,0.00035423803467164917,0.0002856897140149753,0.0012636699460940087,0.01953535609836251,0.0012975364458810259,0.0667376312024981,0.7099052283815065,0.5284251357705795,0.0697016607844178,0.030218943595668103,0.002396338130537402,0.8528744578190693,0.00011107653346538389,0.0064029951240846825
0,0,0,0,0,0,0,0,0,0,0,0,0,0.0002951488868506336,0,0,0,0,0,0,0,0,0,0,0,0,0,0,0,0,0,0,0,0,0.00007877240520487158,0.00005193402214060004,0,0,0,0,0,0.002572901273565232,0.00013931263778416825,0,0.000843247835714111,0.005046461796392582,0.10824946638700556,0.01411156358409166,0.11593235703042924,0.22474062449626753,3.126739297663333,0.8707351327940478,0.0018699741340105504,0.0038422522463232617,0.39512558074260445,0.04149310019112026,0,2.2295683953112784,0.9545618693269529,0.046416979100410406,0.19560454103268243,0.0003325458517886201,0.002322129857592793,0.004753799370370409,0.013394382202020006,0.0025674110350240335,0.0008059652397092728,0.00003685116732477871,0,0.0008343047535911487,0.00008255865128048533,0.0024248058020518,0.013391604701708196,0.0008792058857623032,1.0219566617257312,0.49487261345227906,0.3258289809025955,1.3169311479382353,0.20512843536241226,0,0.019870841233493832,0.0003822310885224585,0
0,0,0,0,0,0,0,0,0,0,0,0,0,0,0.00041918180182635534,0,0.00010375326888145547,0.0000772176817821329,0.00006520601657412861,0,0,0,0,0,0,0,0,0,0,0,0,0,0,0,0.0017130962875253303,0.0006839444570800714,0,0,0,0.00006784444550567408,0,0.005486732895992411,0.0010581653046823152,0,0.0005307495067391086,0.02471824170489633,0.21526391479805868,0.023641244987849513,0.006037248571532834,0.09024859832015526,1.8042248905570224,0.1547633129603501,0.0011475961254018572,0.0009878771535220523,0.5709126646496175,0.24184317400674868,2.2295683953112784,0,2.8074052903349496,1.4315342420670165,0.4277921753761638,0.0009292681112423759,0.013674493021690213,0.01671366692765691,0.07334510608876003,0.035627001758469515,0.013920713983961538,0.0005003871261225122,0.0002287559450099716,0.017755678791168326,0.005062555573832547,0.09669964275601275,0.2540797404148921,0.008789745319050237,0.9675654210397495,0.36861096624701084,0.5057059205979636,0.3602553833566876,0.09159640132996835,0.000018869911155876604,0.2335357182818484,0.000897682346688151,0.00016827371712579953
0,0,0,0,0,0,0,0,0,0,0,0,0,0,0.00006557036008168226,0,0.00007513070585871247,0,0.00002333418079595171,0.00018339205375851147,0,0,0,0,0,0,0,0,0,0,0,0,0,0,0.0006595032935099756,0.00044392158068236694,0,0,0,0,0,0.024758034589670398,0.0009299020069403587,0,0.003311963492024009,0.007200118029964624,0.01624583516796913,0.07319646266978719,0.1452980931080836,0.34902410840605697,1.6007898287074631,0.8107361496657437,0.009645996564678457,0.008474877168503729,0.5034953323018622,0.7255828499572696,0.9545618693269529,2.8074052903349496,0,1.4795050446595737,9.189875462284412,1.06414329981733,1.3102468327496195,0.5685440422179078,0.24426091936694663,0.11107285036053786,0.00420212483331132,0.00005832094013355495,0,0.011184662096863918,0.0015816220827833316,0.07266563142204273,0.4370245977185975,0.03720202459201618,1.2621492750186867,0.4070911755304798,0.09157811349120296,0.7044891721777674,0.1831338002179887,0.000017439953446672447,0.06262762654601538,0.000895339154529815,0
0,0,0,0,0,0,0,0,0,0,0,0,0,0,0,0,0,0,0,0,0,0,0,0,0,0,0,0,0,0,0,0,0,0,0,0.00011672244389178474,0,0,0,0.000030485930875698464,0,0.0011820679283824189,0.00010389871987777111,0,0.0002816550757854757,0.0013258745656498797,0.007270683201381597,0.007383283259628687,0.001871438750231928,0.043643192992827325,0.07767161291672749,0.0014878715431505458,0.0007795902212942963,0.0005499683609059169,0.0038007953156232862,0.06558883086729052,0.046416979100410406,1.4315342420670165,1.4795050446595737,0,1.5511717724010912,0.19741778155435213,0.8437245617178226,1.7416382791530205,1.0413031715663363,1.2394730514077132,0.09625093773630801,0.005050291285510457,0.001839289388500455,0.39204391978882197,0.07730478331971452,0.39367800920104407,1.3572279679874721,0.19644783801418608,0.9651444170864487,0.05735232173233854,0.0013882888988975184,0.25595532267063914,0.012742154313329614,0,0.6312353315475271,0.00850245934547955,0.0002246762496560655
0,0,0,0,0,0,0.000019594474787690655,0,0,0,0.00017010268092894072,0.00002425018353686856,0,0,0.000967152699595127,0,0,0,0,0,0,0,0,0.0001771637381088201,0,0,0,0,0,0,0,0,0,0,0,0.0000161223847391294,0,0,0.000041843462094000074,0.00006448945785504158,0,0.014213147304602974,0.0004196399200196508,0,0.0028070666886650204,0.0030565454955558133,0.007102120071554093,0.044335655842559114,0.08213563091717062,0.1549934809366726,0.3805932454450195,0.28632532224376583,0.015775329482580133,0.019800126680227,0.22342819976736442,1.1646877793685935,0.19560454103268243,0.4277921753761638,9.189875462284412,1.5511717724010912,0,0.1506231513261487,0.29919854431008025,0.46647427436816763,0.3262381427913493,0.05225131501913144,0.0235845434889422,0.0002468491821678381,0.000021186069337761383,0.00708688909920733,0.0026107598990759407,0.018571916999482265,0.06044971672028743,0.006186584049999389,0.11627674376483378,0.10805458327800892,0.03256280912767128,0.09423668019524024,0.02325260975983965,0.00048324663943540935,0.38388525430738707,0.00008207758682500624,0.0012339986175934161
0,0,0,0,0,0,0,0,0,0,0,0,0,0,0,0,0,0.0002214545052737515,0,0,0.00019893390500494857,0.0003726061079351161,0.00016767262293167557,0.0006150436272985884,0,0,0,0,0,0,0,0,0,0,0,0,0,0,0,0,0,0,0,0,0,0,0.00014244040029772907,0.00015230022864588027,0.00010450384778701295,0.0005074887451175032,0.001185976102844918,0,0,0,0,0.004146958663714642,0.0003325458517886201,0.0009292681112423759,1.06414329981733,0.19741778155435213,0.1506231513261487,0,0.9091768183022053,0.9939346101742906,0.08068246119879627,0.018669049593171155,0.00022762834401618756,0,0,0.00034890287185287744,0,0.00039287326409229525,0.0007526455879730017,0.001626343162209813,0.001004370831897574,0.00031171904652715356,0,0.0006066259334300632,0.00005510370221254069,0,0.002817147877178509,0,0
0,0,0,0,0,0,0,0,0,0,0,0,0,0,0,0,0,0,0,0,0.00020959088217362216,0,0,0,0,0,0,0,0,0,0,0,0,0,0,0,0,0,0,0,0,0.00022484100403078936,0.00001851274852299143,0,0.00003021135239994142,0,0.0006704202483737131,0.0011126506839384544,0.000047042424069310546,0.004541705242788426,0.004990702603613667,0,0.000020736908673732408,0,0,0.006714234536386971,0.002322129857592793,0.013674493021690213,1.3102468327496195,0.8437245617178226,0.29919854431008025,0.9091768183022053,0,4.623207027915884,1.0469429188464165,0.4565667881437079,0.0033796409427493583,0.000024554570514228083,0,0.012019985603819129,0.003410436756390877,0.008920266568196757,0.002903571523316098,0.0014001088000172993,0.006415411897968517,0.001021055022147028,0,0.004149667181625421,0.00021396896132177596,0,0.011941573931364592,0.00009611810859898385,0
0,0,0,0,0,0,0,0,0,0,0,0,0,0,0,0,0,0,0,0,0,0.00023013900826108783,0,0.0000875902391193391,0,0,0,0,0,0,0,0,0,0,0,0,0,0,0,0,0,0.00004065977412348768,0,0,0,0.00005902977925759497,0.00011083182132503761,0.0006754098475140398,0.0003404111726639086,0.006369823368988143,0.0064648549711605685,0,0,0.00012700185061761195,0,0.018498415232544925,0.004753799370370409,0.01671366692765691,0.5685440422179078,1.7416382791530205,0.46647427436816763,0.9939346101742906,4.623207027915884,0,3.302794455479541,2.9857874902172985,0.05542496301474648,0.0024044599423691843,0.0003373755335062891,0.20377853173485835,0.07665677932347205,0.1634450305820485,0.0400124473538028,0.009430328164439821,0.07729736010535315,0.002220927865735854,0,0.0279743153113541,0.0006400593997312816,0,0.1710202331739459,0.0020730531511181944,0
0,0,0,0,0,0,0,0,0,0,0,0,0,0,0.00011151627078649917,0,0,0,0,0,0,0.00020236355036308405,0.00006986360557899922,0.001376976938134503,0,0,0,0,0,0,0,0,0,0,0,0,0,0,0,0,0,0.0006964422322180863,0.00011344750316800329,0,0.000018689642931541593,0.002009925669659157,0.00944266172081671,0.003064875706945371,0.00025555766973292456,0.026651354240666284,0.04296164131944186,0,0.0003114973680025683,0.000021147912832513658,0.00012127873353498796,0.1323363967368012,0.013394382202020006,0.07334510608876003,0.24426091936694663,1.0413031715663363,0.3262381427913493,0.08068246119879627,1.0469429188464165,3.302794455479541,0,1.147464577363638,0.1140703826505797,0.0003204665951963807,0.000338028111245567,0.14012393224571518,0.03693435023286681,0.14763229297111735,0.048631496450676846,0.0024665319565390664,0.029149498097769625,0.001741235555987241,0.00018741860622278862,0.006721048766106553,0.0002022183140931126,0,0.18955428204922853,0.00043200692907448203,0.0008412247220340651
0,0,0,0,0,0,0,0,0,0,0,0,0,0,0,0,0,0,0,0,0,0,0,0,0,0,0,0,0,0,0,0,0,0,0,0,0,0,0,0,0,0.00002882039026141387,0,0,0.000017465905360678747,0.00013247692891513635,0.0013953829181478953,0.0001833522352738673,0.000025909693987439596,0.0034914673737391436,0.005985728397763141,0,0,0,0,0.005382113942848169,0.0025674110350240335,0.035627001758469515,0.11107285036053786,1.2394730514077132,0.05225131501913144,0.018669049593171155,0.4565667881437079,2.9857874902172985,1.147464577363638,0,0.17700776017945424,0.048941565276368476,0.03423935538551991,1.4691495840707451,0.8861150944752527,1.1597437310808931,0.46873025350560954,0.011264358943902628,0.11142476041030873,0.0035500219375954748,0,0.024671259591231887,0.0004179378126897322,0,0.4334952546555448,0.09712414918694816,0.0001676727143057759
0,0,0,0,0,0,0,0,0,0,0,0,0,0,0.00006945021785490136,0,0,0,0,0,0,0,0,0,0,0,0,0,0,0,0,0,0,0,0,0,0,0,0.00007156761042577907,0,0,0,0.000018839630921768924,0,0,0.000045448573306306565,0.0005723487752092932,0.00017156616458320894,0.000044082979928493977,0.0018408104795937835,0.005309335554312122,0,0.00021453935660169823,0.00022880802438396408,0.00016228255552026713,0.08474480847748367,0.0008059652397092728,0.013920713983961538,0.00420212483331132,0.09625093773630801,0.0235845434889422,0.00022762834401618756,0.0033796409427493583,0.05542496301474648,0.1140703826505797,0.17700776017945424,0,0.13629025507619405,0.0026931971251570037,0.12346433599347102,0.06034394291964102,0.13644216108802515,0.08733108010901523,0.0024177762970183903,0.00794082247226235,0.006123698126598117,0.00020208491589899377,0.001060048205988595,0.00010867674035344688,0,0.4478474410191773,0.003948262879516001,0.006818750189607185
0,0,0,0,0,0,0,0,0,0,0,0,0,0,0,0,0,0,0,0,0,0,0,0,0,0,0,0,0,0,0,0,0,0,0,0,0,0,0,0,0,0,0,0,0,0,0,0,0,0,0,0,0,0,0,0,0.00003685116732477871,0.0005003871261225122,0.00005832094013355495,0.005050291285510457,0.0002468491821678381,0,0.000024554570514228083,0.0024044599423691843,0.0003204665951963807,0.048941565276368476,0.13629025507619405,0,0.0339785994950163,0.05608510839122056,0.02467325564418686,0.022237807544326853,0.09137039548035521,0.001896654486991317,0.10706615786103292,0.00027903928678060824,0,0.017324370201514356,0.00008094541615253231,0,0.2414870766679073,0.1102204578497592,0.0002095909357147504
0,0,0,0,0,0,0,0,0,0,0,0,0,0,0,0,0,0,0,0,0,0,0,0,0,0,0,0,0,0,0,0,0,0,0,0,0,0,0,0,0,0,0,0,0,0,0,0,0,0,0,0,0,0,0,0,0,0.0002287559450099716,0,0.001839289388500455,0.000021186069337761383,0,0,0.0003373755335062891,0.000338028111245567,0.03423935538551991,0.0026931971251570037,0.0339785994950163,0,0.026120256659201417,0.024614610883427982,0.012410516074004329,0.10901773450353018,0.0009575275714569178,0.12966027897294669,0.00009011199207298299,0,0.02574817142368571,0,0,0.05894243541531297,0.33077712875881976,0
0,0,0,0,0,0,0,0,0,0,0,0,0,0,0,0,0,0,0,0,0,0,0,0,0,0,0,0,0,0,0,0,0,0,0,0,0,0,0,0,0,0,0,0,0,0.00010209717029747115,0.0001587369649814549,0.0000816848009701542,0,0.0002416144038876442,0.001104766255462454,0,0,0,0,0.00035423803467164917,0.0008343047535911487,0.017755678791168326,0.011184662096863918,0.39204391978882197,0.00708688909920733,0.00034890287185287744,0.012019985603819129,0.20377853173485835,0.14012393224571518,1.4691495840707451,0.12346433599347102,0.05608510839122056,0.026120256659201417,0,2.3562149838831226,1.6722225744216392,0.5276303865804848,0.007715714314517894,0.19397874318402136,0.0015466017741296598,0.00005408794299997968,0.02499666138715675,0.00007984414008644264,0,0.4263594372808264,0.2503232115534931,0
0,0,0,0,0,0,0,0,0,0,0,0,0,0,0,0,0,0,0,0,0,0,0,0,0,0,0,0,0,0,0,0,0,0,0,0,0,0,0,0,0,0,0,0,0,0,0.00002723222890079432,0,0,0,0.00009296703616071324,0,0,0,0,0.0002856897140149753,0.00008255865128048533,0.005062555573832547,0.0015816220827833316,0.07730478331971452,0.0026107598990759407,0,0.003410436756390877,0.07665677932347205,0.03693435023286681,0.8861150944752527,0.06034394291964102,0.02467325564418686,0.024614610883427982,2.3562149838831226,0,0.5589601426178319,0.6311011318020003,0.0095182247291331,0.10390229209999556,0.0014961634927926635,0,0.013168194268877728,0.00008265551446065618,0,0.29387958928022945,0.08421129538443028,0.00005642833623817986
0,0,0,0,0,0,0,0,0,0,0,0,0,0,0,0,0,0,0,0,0,0,0,0,0,0,0,0,0,0,0,0,0,0,0,0,0,0,0,0,0,0,0,0,0,0,0.0004675293360542205,0.0003137920268095749,0,0.0016659744472180091,0.005853794017723576,0,0,0,0,0.0012636699460940087,0.0024248058020518,0.09669964275601275,0.07266563142204273,0.39367800920104407,0.018571916999482265,0.00039287326409229525,0.008920266568196757,0.1634450305820485,0.14763229297111735,1.1597437310808931,0.13644216108802515,0.022237807544326853,0.012410516074004329,1.6722225744216392,0.5589601426178319,0,0.8371202552383356,0.11207188741630934,0.2755173043425969,0.011683904294096348,0,0.029380719807395417,0.0024003465153489764,0,0.7110138178811294,0.018755937742853192,0.0007331236241870343
0,0,0,0,0,0,0,0,0,0,0,0,0,0,0.00004810284791108305,0,0,0,0,0,0,0,0,0,0,0,0,0,0,0,0,0,0,0,0.00019621776086132316,0.00020015497086585475,0,0,0,0.000039786727622525554,0,0.000887872978396627,0.0002493956709106059,0,0.000021224385742471577,0.0018508214943739815,0.017501665355935923,0.001563526256692587,0.00013971138032720765,0.005336065579640328,0.02320255987988961,0.0007401366470428654,0.00006913206162181257,0.00002704399527062223,0.0020773183054776973,0.01953535609836251,0.013391604701708196,0.2540797404148921,0.4370245977185975,1.3572279679874721,0.06044971672028743,0.0007526455879730017,0.002903571523316098,0.0400124473538028,0.048631496450676846,0.46873025350560954,0.08733108010901523,0.09137039548035521,0.10901773450353018,0.5276303865804848,0.6311011318020003,0.8371202552383356,0,0.46765407342016774,0.47222551136016844,0.166069606474165,0.0033547080431328793,0.1324022447537967,0.037979926779310294,0.00004694835680751174,1.658072023736494,0.12154338581955426,0.00418758044892888
0,0,0,0,0,0,0,0,0,0,0,0,0,0,0,0,0,0,0,0,0,0,0,0,0,0,0,0,0,0,0,0,0,0,0,0,0,0,0,0,0,0.00009449519084723207,0,0,0,0.0003061294233140143,0.0004898303723077208,0.00008921772621792089,0,0.00003260300483232495,0.00136341778794138,0,0,0,0,0.0012975364458810259,0.0008792058857623032,0.008789745319050237,0.03720202459201618,0.19644783801418608,0.006186584049999389,0.001626343162209813,0.0014001088000172993,0.009430328164439821,0.0024665319565390664,0.011264358943902628,0.0024177762970183903,0.001896654486991317,0.0009575275714569178,0.007715714314517894,0.0095182247291331,0.11207188741630934,0.46765407342016774,0,0.05539193404199227,0.12724858292197386,0.0013071466642606468,0.08394436463471634,0.03452627189373007,0.00004315108018716741,0.14582157999344003,0.015576617401793781,0.0017086611953660144
0,0,0,0,0.00003702551709587303,0,0,0.00003702552155143309,0,0,0,0.0013943025877007878,0.0001564944928429895,0,0.0008853805491625683,0,0.00009660158046985809,0,0,0.000037379274510431675,0,0,0,0,0,0,0,0,0,0,0,0,0,0.0002661184205977441,0.0021373155654867255,0.0034310848222363103,0,0,0.00013077540328155373,0.0012863744597720872,0,0.16024816773506556,0.0020655436081045662,0.00015719316609232717,0.02526991746621658,0.07128694862903727,0.5097034885739682,0.6758776500831528,0.2159306590159424,0.7489657118980244,2.000380385119859,0.01822528704341166,0.19215127500697285,0.08682804770592192,0.064758933719078,0.0667376312024981,1.0219566617257312,0.9675654210397495,1.2621492750186867,0.9651444170864487,0.11627674376483378,0.001004370831897574,0.006415411897968517,0.07729736010535315,0.029149498097769625,0.11142476041030873,0.00794082247226235,0.10706615786103292,0.12966027897294669,0.19397874318402136,0.10390229209999556,0.2755173043425969,0.47222551136016844,0.05539193404199227,0,0.565837647897975,0.2580801726738509,2.8565577532713156,0.2011473690779566,0.02519305058121957,1.0977841242453565,1.0536786723128346,0.00504322480629139
0,0,0,0.00004331028555170991,0,0.00009327488107465017,0.0000809454480954099,0.000037984093850645856,0,0.00023644947872598457,0.00005193401775757583,0.00032101442645433213,0.0016877984178337805,0.07965689453819931,0.1019183397540192,0.0002831626103989974,0.005330697570910947,0.00006945024136965929,0.00037775271508428576,0.0003238029509865242,0,0,0,0.0005667810022979739,0,0.00010295690042991324,0,0,0,0,0.00004639166881572196,0,0.00038853814302124205,0.009117665074878345,2.0412739030666645,0.27701260996537275,0.002425748673527266,0.047848417648744736,0.04695151587945505,0.088553195408397,0.0019614884541621588,0.00102195294705134,0.0001435729886067686,0,0.002179182099465989,0.0018638669496175448,0.014227436125206468,0.006677471503990122,0.027442098533230944,0.13245085682177388,1.5019594352375654,0.08471767106970973,0.004757055136477617,0.00894226735866223,0.8714017423195738,0.7099052283815065,0.49487261345227906,0.36861096624701084,0.4070911755304798,0.05735232173233854,0.10805458327800892,0.00031171904652715356,0.001021055022147028,0.002220927865735854,0.001741235555987241,0.0035500219375954748,0.006123698126598117,0.00027903928678060824,0.00009011199207298299,0.0015466017741296598,0.0014961634927926635,0.011683904294096348,0.166069606474165,0.12724858292197386,0.565837647897975,0,1.6839296611830605,1.3505039687722886,0.8309640492946458,0.34996713886162545,3.6027231662086634,0.3541562049440265,3.097807252981167
0.002494005431901532,0,0,0.0007066480333074662,0.0016532851785836355,0.0016940181564159497,0.0035507197945766978,0.0006024168985549765,0.0008083613759817225,0.00027547800280209797,0,0.1928625707906028,0.22183050678046962,0.054099178265647745,0.01647793808656559,0.00003155132088261722,0.00087746219330841,0.0003589933744107099,0.000047518600313404504,0.00003633774690857225,0,0,0,0.00008891733729911448,0,0,0,0,0,0,0,0,0.00003938619882106359,0.00301476635832155,0.09736722283567394,7.005521294150786,0.025458168559990293,0.008725259761847884,0.07372897125689445,0.009983701503113274,0.00007646311043505345,0.7288836379002616,0.0013427797327313974,0.0005786351934647184,0.8890639561540686,0.09654860560583454,0.5049649254983711,1.2919549119386977,1.789740253482065,2.547765939468594,1.678543489002289,0.036648856952470096,3.1481247231151555,3.92479312484224,2.8451409644189773,0.5284251357705795,0.3258289809025955,0.5057059205979636,0.09157811349120296,0.0013882888988975184,0.03256280912767128,0,0,0,0.00018741860622278862,0,0.00020208491589899377,0,0,0.00005408794299997968,0,0,0.0033547080431328793,0.0013071466642606468,0.2580801726738509,1.6839296611830605,0,2.9794784127209377,3.04310879258411,0.08981770891722672,0.2990319069654726,0.07389429449042771,0.022033862165157916
0,0,0,0,0.000031382580565703014,0,0,0,0,0.000030328398262079655,0,0.00288415026009819,0.0006954166632291413,0,0.0002857476342956619,0,0,0,0,0,0,0,0,0,0,0,0,0,0,0,0,0,0,0.00008459164551583846,0.0010164548003499996,0.01618436015102098,0.0005633266282604776,0.00015177267525005145,0.0007537580045524158,0.00026890556382124794,0,2.6201764157629164,0.0045413327673932725,0.0029594196477340023,0.876306848616044,0.12313122007137887,0.8955982029353289,1.807238658635123,0.9840149082143057,3.5011023451629852,5.969440705887076,0.08582975011758802,1.300207503239254,0.43001457655901915,0.60201260633094,0.0697016607844178,1.3169311479382353,0.3602553833566876,0.7044891721777674,0.25595532267063914,0.09423668019524024,0.0006066259334300632,0.004149667181625421,0.0279743153113541,0.006721048766106553,0.024671259591231887,0.001060048205988595,0.017324370201514356,0.02574817142368571,0.02499666138715675,0.013168194268877728,0.029380719807395417,0.1324022447537967,0.08394436463471634,2.8565577532713156,1.3505039687722886,2.9794784127209377,0,0.3197487051535114,0.08271495602248677,0.690995585844556,0.9350540103947136,0.004815522970110031
0.000036678408128278654,0,0,0,0,0,0,0,0,0,0,0.00011976622566958554,0.000050158513945738604,0,0.00010969240973774637,0,0,0,0,0,0,0,0,0,0,0,0,0,0,0,0,0,0,0,0.01614456487108017,0.0018687933294626283,0.0005725408881633586,0.06487087963982785,0.017724118927383167,0.0008840993604987013,0.0011168946901091291,0.007373817673095734,0.000025295468750884904,0,0.0034544888950304043,0.0011593024150393918,0.04116147042302822,0.0293169023435341,0.0332779487603388,0.17033031697422232,0.77604168928492,0.022215680296868375,0.015314767594735507,0.009410902603281736,0.18264921178527724,0.030218943595668103,0.20512843536241226,0.09159640132996835,0.1831338002179887,0.012742154313329614,0.02325260975983965,0.00005510370221254069,0.00021396896132177596,0.0006400593997312816,0.0002022183140931126,0.0004179378126897322,0.00010867674035344688,0.00008094541615253231,0,0.00007984414008644264,0.00008265551446065618,0.0024003465153489764,0.037979926779310294,0.03452627189373007,0.2011473690779566,0.8309640492946458,3.04310879258411,0.3197487051535114,0,0.14808483977503276,0.20102586769236158,0.09271962088153138,0.0149418703201129
0.00013337601799394002,0,0,0.0004476009245091532,0,0,0.00010867674035353072,0,0,0,0,0.010770938840326566,0,0.008059277651693264,0.00005839344426135317,0,0,0,0,0,0,0,0,0,0,0,0,0,0,0,0,0,0,0.00010479543216387755,0.044312935186645495,0.19266460471924515,0.0012835921192289423,0.043024135209514244,0.036458586199828134,0.000997565314535615,0.001419924808528439,0.30037736817989447,0.00005868541802598165,0.0002748732621341594,0.1658330385491721,0.0017986320305545906,0.0011628592176941978,0.018577220642902573,0.002583452327105101,0.0012617008848279255,0.00012948490273586498,0.00003310886705158721,0.1806989341366121,0.029929554268444444,0.01726211962097836,0.002396338130537402,0,0.000018869911155876604,0.000017439953446672447,0,0.00048324663943540935,0,0,0,0,0,0,0,0,0,0,0,0.00004694835680751174,0.00004315108018716741,0.02519305058121957,0.34996713886162545,0.08981770891722672,0.08271495602248677,0.14808483977503276,0,0.24366563949913708,0.06921885252132386,0.1757918599226416
0,0,0,0,0,0,0.000022313851972465102,0,0,0,0,0,0,0.00010341048493523504,0.02105686586453265,0,0.0011580414378548536,0,0,0,0,0,0,0.00030420117142431635,0,0,0,0,0,0,0,0,0.000047518592974568266,0.00014732748187301804,0.022781547667756454,0.0038054158133799484,0.0001248626561510399,0.001007475461688588,0.0024065205326084314,0.02486670799129628,0.00019453733131979958,0.0011658616821223582,0.00007955101270524614,0,0.0010380553919221676,0.004730440272381245,0.034164809979897265,0.005099137561279045,0.0006384222913867883,0.026952276635728887,0.06266375017208332,0.0000962056431794181,0.009102588516208448,0.007693435166657182,0.03283321224346681,0.8528744578190693,0.019870841233493832,0.2335357182818484,0.06262762654601538,0.6312353315475271,0.38388525430738707,0.002817147877178509,0.011941573931364592,0.1710202331739459,0.18955428204922853,0.4334952546555448,0.4478474410191773,0.2414870766679073,0.05894243541531297,0.4263594372808264,0.29387958928022945,0.7110138178811294,1.658072023736494,0.14582157999344003,1.0977841242453565,3.6027231662086634,0.2990319069654726,0.690995585844556,0.20102586769236158,0.24366563949913708,0,0.3133923445076698,0.16292158082536146
0,0,0,0,0,0,0,0,0,0,0,0,0,0,0,0,0,0,0,0,0,0,0,0,0,0,0,0,0,0,0,0,0,0,0.00035838440571932267,0.00014671362814081874,0.00005359402955702981,0.0005477308149111247,0.0011489741483179385,0,0.0005142208013303428,0.008731756928043916,0,0,0.0016680391250340706,0,0.0003391303426275477,0.00021635192793529736,0.00006259779634111891,0.00199371198731802,0.002489115983279694,0,0.00028453550676662816,0,0.00020651762694830133,0.00011107653346538389,0.0003822310885224585,0.000897682346688151,0.000895339154529815,0.00850245934547955,0.00008207758682500624,0,0.00009611810859898385,0.0020730531511181944,0.00043200692907448203,0.09712414918694816,0.003948262879516001,0.1102204578497592,0.33077712875881976,0.2503232115534931,0.08421129538443028,0.018755937742853192,0.12154338581955426,0.015576617401793781,1.0536786723128346,0.3541562049440265,0.07389429449042771,0.9350540103947136,0.09271962088153138,0.06921885252132386,0.3133923445076698,0,0.03507134443454751
0,0,0,0.0005664010121857068,0,0,0,0,0,0.000030095106405010212,0,0,0.00008289877490302097,0.0005640249578694007,0.0024080112277259868,0,0.00177792852923192,0.00019058871972834005,0.0002767094053270997,0.00031664803349321124,0,0,0,0.00009780905336300764,0,0.0011807366453212024,0,0,0,0,0,0.0005907222859265141,0.0004920351723192611,0.005519040928848374,2.1218475413787043,0.05489684108692849,0.009584816112210612,0.06768057346723538,0.17526412972476796,0.171360033528335,0.046871347133305465,0,0,0,0.001362907040818899,0,0.00007837789915076262,0,0.00014003344382664616,0.00012194377586059504,0,0,0.0001062756939981127,0.00005503912300638591,0.00040844951089036156,0.0064029951240846825,0,0.00016827371712579953,0,0.0002246762496560655,0.0012339986175934161,0,0,0,0.0008412247220340651,0.0001676727143057759,0.006818750189607185,0.0002095909357147504,0,0,0.00005642833623817986,0.0007331236241870343,0.00418758044892888,0.0017086611953660144,0.00504322480629139,3.097807252981167,0.022033862165157916,0.004815522970110031,0.0149418703201129,0.1757918599226416,0.16292158082536146,0.03507134443454751,0
