0,129.65527068322262,6.518664970047416,85.73378936655632,34.46586970174645,5.7128508006368035,49.74331324035841,0,0,0,0,0.9436021582823354,0.04809122314138617,0,0,0,0.4625817004730032,0,0,0,0,0.49563814240493254,3.044390355629689,3.827854856124964,0.13621746514094477,0,1.3016536141699746,27.944122714757697,0.3270481025118199,3.7512398862538157,0,42.324567474559274,0.035503413344531956,134.94841123152617,1.520387257583897,14.532752222224465,41.028582359448826,1.7059712136557634,6.886871972678305,0.22406607593368094,1.424654017581757,0.04397274757305844,0.0228930196901401,0.13034800330424814,1.2173084293393241,0,0,0,0,0,0,0,0,0,0,0,0,0,0,0,0,0,0,0,0,0,0,0,0,0,0,0,0,0,0,0,0.08510694706598279,0,0,0.11182168193879882,0,0,0
129.65527068322262,0,0.6730118971982786,0.01736761750270656,94.94215623421755,8.080557447726482,61.84391000041707,0,0,0,0,0,0,0,0,0,1.0866976405149693,0,0,0,0,0.2098426711087463,0.5753344018365031,1.7566121527468965,0,0,0,0.7542300121929564,0.04853366837962492,0.14769954475588443,0.1726297779492006,3.080571807544483,0.00719624719273235,19.260351545554517,36.644354564299036,44.22960313486018,35.29076169126229,6.539671918324399,1.2831527175087427,0.7894208623990843,0.3227580180557093,0.13418505396206942,0.433371320808481,0.30167444311373204,0.1424668479573904,0.042944694374786256,0,1.0305708675648062,0.19259281771955306,0,0,0,0,0,0,0,0,0,0,0,0,0,0,0,0,0,0,0,0,0,0,0,0,0,0,0,0.11254691503679919,0,0,0.028335842485529075,0,0,3.6314023968992846
6.518664970047416,0.6730118971982786,0,20.380554764915477,0,0,27.876627306811116,15.864872784423675,0,0,0,0.07948455475641783,0,0,0,0,0,0,0,0,0,0.02545008376142747,0.0412152219194156,0.25257395325047716,0.042942775883951914,0,0.0035927994642135377,1.4027111804153387,0.08316014317963001,0.17875373834974617,0,0.14697689913428408,0,0,10.498009741575347,19.723267501252206,16.790854759894184,1.608417076507994,5.645405227733561,0.04890078152406121,0.06133051698446059,0.33648178029330317,0.5783697013932156,2.642005638586317,5.908490870216534,0.024509438490849595,0,3.803853312434992,6.499921160277433,0,0,0,0.397257321794638,0,0,0,0,0,0,0,0,0,0,0,0,0,0,0,0,0,0,0,0,0,0,0,1.110234430634,0.011136862983382113,0,0.3339345766924265,0,0,0.07935358874076584
85.73378936655632,0.01736761750270656,20.380554764915477,0,0,0,0,92.03580978391095,0,0,0,111.0638067323414,4.30930518558258,2.5235284932209545,0.7287751585771367,0,0,0,0,0,0,0,0,0,0.14005038259572744,0,2.038099653192825,14.229295588991196,0,0,0,0.2095171770889545,0,0,0.13712196426503676,10.170754729922397,7.87692306826167,0,9.99349233515871,0,0.6202355969002521,6.392346761295221,0.31233538876961153,11.316710375340614,134.6019781680388,0,0,2.3921647151048364,22.629788346225787,0,0,0,28.069179741399136,1.4107454369338255,0.18717214964106613,0,0,0,0,0,0,0,0,0,0,0,0,0,0.08270794763664606,0,0,0,0,0,0,0,10.92530810452209,0,0,3.466292359774045,0,0,0
34.46586970174645,94.94215623421755,0,0,0,131.114279603059,176.70251948732837,4.400754083238121,3.2514896889345803,2.204364435169627,0,0,0,0,0,0.08660851361537418,11.557677103669766,0.07432025526345959,2.4946647164616693,0,0,0.05697853122041767,0.13709117906334448,0.06155297085430432,0,0,0,0,0,0.7636671563799828,1.657902826689428,3.3974078803247885,0,73.79133672219058,37.30155435645892,28.82167453301993,33.930067686101225,4.44117816740373,0,0,0,0,0.060596283862073816,0.015406853958294133,0,0.19250822749339808,0,1.9081766979242654,0,0,0,0,0,0,0,0,0,0,0,0,0,0,0,0,0,0,0,0,0,0,0,0,0,0,0,0,0,0,0,0,0,0,0.8958381214423683
5.7128508006368035,8.080557447726482,0,0,131.114279603059,0,74.18817728772699,32.05289464063315,69.49542269210542,159.25120241027068,0,0,0,0,0,6.437261115851907,16.102813738208575,0.20580999095068783,2.4646591859960933,0,0,0,0,0,0,0,0,0,0,0.3760152037939298,1.0364599357796582,16.474330554795397,0.053668767326083305,141.00251850740378,1.7453591808759372,1.4876577153780408,10.7515466175673,0.3211763376197031,0.015113326990480461,0,0,0,0,0,0,0,0.20036246651208647,0.5322114197488206,2.635577312992666,1.5028402100084015,0,0,0,0,0,0,0,0,0,0,0,0,0,0,0,0,0,0,0,0,0,0,0,0,0,0,0,0,0,0,0,0,0
49.74331324035841,61.84391000041707,27.876627306811116,0,176.70251948732837,74.18817728772699,0,195.0116920668692,112.34287843511028,9.876954040449224,0,0,0,0,0,0,0.44569955932660854,0.6398119035700212,16.447753685209456,0,0,0.05697941265138223,0.44932019835203524,0.05135360194727624,0,0,0,0.3020802741676479,1.5733626550725985,2.642850251848149,2.2859111483682675,0,0,0,90.0476253972837,94.5144011039286,63.60708452078284,7.5662585500949895,4.433142816729547,0,0,0.26949304247856226,1.0529569046730811,1.8535454881515168,0.8560999533472035,2.3651939276209455,0.9537053078246517,48.29947014532649,60.143110700546124,3.1951760269729856,0,0,0,0,0,0,0,0,0,0,0,0,0,0,0,0,0,0,0,0,0,0,0,0,0,0.14066745465867664,0.6744431806870274,0,0,0,0,0,1.8340079820400055
0,0,15.864872784423675,92.03580978391095,4.400754083238121,32.05289464063315,195.0116920668692,0,193.82716729439682,79.73998031395482,74.15775446790697,112.40799230069612,151.22769407789784,92.3036521118915,18.777252656852557,0,0,0,0,45.12389745187823,0.12361507632431769,0,0,0,0,0,0,0,0,0,0,0,0,0,141.94183713138216,64.37720526520772,107.97519824971404,29.681460452153015,0.3107963641712424,0,0,0,0.32767509472727874,7.295683759953188,16.320180085542816,0.7152981222457839,1.051757971178509,65.9160050672773,368.35464025325035,28.896741501211046,5.960597141911347,5.208838223835272,25.183403477598908,17.249735261858017,1.6731277686594734,0,0,0,0,0,0,0,0,0,0,0,0,0,0,0,0,0,0,0,0,1.841662742768657,3.473713234171646,1.1951754724272317,0,0,0,0,21.88276090510499
0,0,0,0,3.2514896889345803,69.49542269210542,112.34287843511028,193.82716729439682,0,173.10859142974397,0,0,0,0,0,0.2598852685891983,0.19506478261995025,7.314549137433854,26.06405174899499,0,0,0,0.35030922948155807,0,0,0,0,0,3.0877985165696207,1.2363465997001322,0.373941844732577,0,0,0,0.24304763568798599,0.7370652056011653,0.8619512796388827,0.190884200436895,0,0,0,0,0,0,0,0,0.9321597838526176,1.3420393947852658,29.323754822145986,12.663381877835091,5.033284740040334,0.1613375372672607,0,0,0,0,0,0,0,0,0,0,0,0,0,0,0,0,0,0,0,0,0,0,0,0,0.10005418760562351,0,0,0,0,0,0
0,0,0,0,2.204364435169627,159.25120241027068,9.876954040449224,79.73998031395482,173.10859142974397,0,15.485419680938012,0,0,0,0,258.80712407803253,26.171894564251158,4.604727098913716,1.9364444083107217,0,0,0,0,0,0,0,0,0,0,0,0.15029927170143031,32.3260921004041,5.290368102520666,94.33399685481517,36.477667443680595,11.611500132963217,58.13843403339116,33.55972102603349,0,0,0,0,0,0,0,0,0,0,7.274053798035994,1.8498089428876316,27.734409378365193,18.002615755169845,0,0,0.10326632979420201,0,0.6447794077885405,0,0,0,0,0,0,0,0,0,0,0,0,0,0,0,0,0,0,0,0.07293143175316728,0,0,0,0,0,54.01992718687433
0,0,0,0,0,0,0,74.15775446790697,0,15.485419680938012,0,0,4.299578807989016,124.60953470813153,0.1957980625935993,11.84629929414381,1.5097138177872047,3.9565287772655706,0,91.51654473164055,0,0,0,0,0,0,0,0,0,0,0,0.45511567439512957,0.013127344704093212,0,12.636408918126182,1.9530926830376232,5.99612086092805,1.925024450142884,0,0,0,0,0,0,0,0,0,0,9.741304724705964,0,18.33016805339049,38.27549759883626,0,0.06708890217165878,9.678882810278747,0,7.702673046094392,1.3582335753766057,0.5441811228976207,0,8.266603742686083,0,0,0,0,0,0,0,0,0,0,0,0.0638984483402904,0,0,0.36596163625792294,0.32426876378843944,0.4528322240052799,0.07967814338593251,0,0,0,10.86256912855064
0.9436021582823354,0,0.07948455475641783,111.0638067323414,0,0,0,112.40799230069612,0,0,0,0,55.36427392912672,27.305213323609426,14.74678388823372,0,0,0,0,14.156469392268917,0.2542061333099857,0,0,0,0,0.03796235663758651,0.34436806520239754,1.601005241727492,0,0,0,0,0,0,0,0,0.09936313002628971,0,1.1714590901717443,0.03829747474308775,0.2533953383614367,0.32638729468867766,0,1.0414013027400397,28.239872998065618,0,0,0.0469264525818799,17.292621260944102,0,0,0,72.51875360183367,8.491751237244365,2.769133796205873,1.1270999583096786,0,0,0,0,0,0,0,0,0,0,0,0,0,0,0,0,0,0,0,0,0.3165079561831973,0,0,1.0757377186143195,0,0,0
0.04809122314138617,0,0,4.30930518558258,0,0,0,151.22769407789784,0,0,4.299578807989016,55.36427392912672,0,82.24835154231869,27.32916709927156,0,0,0,0,36.98369363725704,1.1386863962780365,0.010045197040073875,0,0,0,0.37257093741425845,0.3352905220941618,0.11337344953086298,0,0,0,0,0,0,0,0,0.17884443692794205,0,0.35379605840970574,0.4154659775964371,0,0,0,0.014828969466662447,1.0096174632863837,0,0,0,22.78395579815012,0,0,0,19.416105146289496,48.09590658753929,10.295853983743829,2.3905567098963836,0,0,0,0,2.535665434120947,0.018034588140382737,0,0,0,0,0,0,0,0,0,0,0,0,0,0,0,0,0,0.13799393231297455,0,0,0
0,0,0,2.5235284932209545,0,0,0,92.3036521118915,0,0,124.60953470813153,27.305213323609426,82.24835154231869,0,65.38876240558176,0,0,0,0,97.34530560059326,1.8448079068054006,0.06542308069534389,0,0,0,0.20748464355990884,0.19626870309281885,0,0,0,0,0,0,0,0,0,0,0,0.097455090114113,0.3251357880289456,0,0,0,0,0.12681206289686445,0,0,0,2.362898459884961,0,0,7.2748153295250635,7.4285521123213085,16.203141307201005,70.33421384747498,10.447845745508054,0,0,0,0,15.134174329971197,0,0,0,0,0,0,0,0,0,0,0,0,0,0,0,0,0,0,0.011823821107244888,0,0,0
0,0,0,0.7287751585771367,0,0,0,18.777252656852557,0,0,0.1957980625935993,14.74678388823372,27.32916709927156,65.38876240558176,0,0,0.12280824493454341,0,0,209.89158534015706,9.823475370250266,7.097362781660044,0,59.816557728131016,0.5064184237425731,10.513378572276189,6.676381661523554,0,0,0,0,0,0,0,0.4440936890331254,0,0.06434275069371646,0,0.033750709593020733,14.010862270983694,0.02268284938059841,0,0,0,0,0,0,0,0,0,0,0.01587395486470754,3.075686593748647,3.971743557023033,15.840246239025687,40.85694783676345,0,0,0,0,24.480610068753524,0.11918327591987622,0.016436782204393728,0,0,0,0,0,0,0,0,0,0,0,0,0,0,0,0,0.019699868244236692,0,0,0
0,0,0,0,0.08660851361537418,6.437261115851907,0,0,0.2598852685891983,258.80712407803253,11.84629929414381,0,0,0,0,0,245.28925105678306,71.65735573156884,3.383656381908293,0,0,0,0,0,0,0,0,0.18412818920654156,0,0.13926581137792599,0.1806705982385138,51.192586828834315,22.88392509151553,111.18627341932002,24.089596584635558,1.1432541864878836,56.57113540789834,27.510394760776677,0,0,0,0,0,0,0,0,0,0,0,0,0,5.577187331831708,0,0,0,0,2.3292774760729404,1.3252340867491579,0,0,0,0,0,0,0,0,0,0,0,0,0,0,0,0,0,0,0,0,0,0,0,0,35.104282365177106
0.4625817004730032,1.0866976405149693,0,0,11.557677103669766,16.102813738208575,0.44569955932660854,0,0.19506478261995025,26.171894564251158,1.5097138177872047,0,0,0,0.12280824493454341,245.28925105678306,0,75.36515619386513,196.1931670704119,4.569282983325053,0,0,0,0,0,0,0,0.10753717914449774,1.94528941180854,68.64108273945492,77.29986176206069,221.35106819737672,50.5559759117239,95.02044882036749,0.4642415418079432,0.12776611142793984,34.70937110414888,3.5203771972377984,0,0,0,0,0,0,0,0,0,0,0,0,0,0.2247358231513574,0,0,0,0,0.24952217699366253,0.22263850453385628,2.15679827844413,0,0.17988841873873168,0,0,0,0,0,0,0,0,0,0,0,0,0,0,0,0,0,0,0,0,0,0
0,0,0,0,0.07432025526345959,0.20580999095068783,0.6398119035700212,0,7.314549137433854,4.604727098913716,3.9565287772655706,0,0,0,0,71.65735573156884,75.36515619386513,0,334.6712252445165,102.87953510742724,16.094928189870306,3.136818735743995,88.49793087968008,2.43807326446206,6.532145485798437,0.44655734986671075,0,0.13617295486202155,4.465879747858793,1.4626390786944579,0,31.89997018753396,0.08016512036197691,3.8296522748965747,52.86930919414325,0.1320109749360838,40.79696076176903,16.43661653713682,0.018927427542586035,3.497883895997083,0.2891835139944402,0,0,0,0,0,0,0,0,0,0,0.11090015779296478,0,0,0,0,0,0,18.529992797395185,0,38.75773638039511,1.1513553343303393,0.22435834471250224,0.9079764665083899,0,0,0,0,0,0,0,0,0,0,0,0,0,0,0,0,0,0,9.296609511919318
0,0,0,0,2.4946647164616693,2.4646591859960933,16.447753685209456,0,26.06405174899499,1.9364444083107217,0,0,0,0,0,3.383656381908293,196.1931670704119,334.6712252445165,0,0.3249417319549975,0,0,137.2517408561766,0,21.03455261818002,0.278617634325445,0,0.34357029667793815,76.34024341184212,149.2817615312629,76.00057688055614,32.3104073200169,0,1.1524386463326934,2.0825213405033005,0,27.5157038003602,7.946414310048365,0.07866315772347793,1.9622458557761897,0.221369433341436,0,0,0,0,0,0,0,0,0,0,0,0,0,0,0,0,0,0.4264275773311,0,0.3861816383073362,0,0,0,0,0,0,0,0,0,0,0,0,0,0,0,0,0,0,0,0,0,0
0,0,0,0,0,0,0,45.12389745187823,0,0,91.51654473164055,14.156469392268917,36.98369363725704,97.34530560059326,209.89158534015706,0,4.569282983325053,102.87953510742724,0.3249417319549975,0,142.3052611553937,52.77293721936307,0.5991503624884987,79.43450419488697,0,10.270522653034611,2.670615753857317,0,0.18253415909672815,0.15406891359248007,0,7.036127211573021,0,0,38.43263190806409,0.19725829076254855,6.1516328065681565,1.6821503133469582,0,34.531214613093645,0,0,0,0,0,0,0,0,0,0,0,4.372800000899401,0.6423222697955778,5.4625176628205425,23.049678899246764,25.856896003474485,0,0,35.80690024871202,0,177.0351613070941,9.275899427343074,3.686302156345595,0.5917499768246781,0,0,0,0,0,0,0,0,0,0,0,0,0,0,0,0,0.16975512778343374,0,1.3728978682350927
0,0,0,0,0,0,0,0.12361507632431769,0,0,0,0.2542061333099857,1.1386863962780365,1.8448079068054006,9.823475370250266,0,0,16.094928189870306,0,142.3052611553937,0,59.6818503679981,6.4415193097712455,26.83440099099446,0.15203117940718813,2.168584232054822,0.07520912313976247,0,0,0,0,0.5330399010289569,0,0,1.2121086180881286,0,0.03212628344478814,0,0,6.623910550255666,0,0,0,0,0,0,0,0,0,0,0,0,0,0.07590835169737827,0.09882579214700354,0.6556404318721473,0,0,0.12594320915730078,0,12.454869975865629,15.090330150678577,5.524508500255706,1.654779380838654,2.9132833874430486,0,0,0,0,0,0,0,0,0,0,0,0,0,0,0,0,0,0
0.49563814240493254,0.2098426711087463,0.02545008376142747,0,0.05697853122041767,0,0.05697941265138223,0,0,0,0,0,0.010045197040073875,0.06542308069534389,7.097362781660044,0,0,3.136818735743995,0,52.77293721936307,59.6818503679981,0,7.842213375267837,82.63870519194391,1.9970730841747077,3.6385571255260634,0.07364103749048555,0.6515747668884009,0.08133063521493487,0.37522652200510276,0,0.679747642862381,0,0,1.3675475512889725,0,0.4490415321965311,0,0,6.313688372810473,0.1602156148160534,0,0,0,0,0,0,0,0,0,0,0,0,0,0,0.07803788888178374,0,0,0,0,1.57518520098599,9.504125500788598,7.300218426701166,1.3801903877206168,9.029776523667463,0,0,0,0,0,0,0,0,0,0,0,0,0,0,0,0,0,0
3.044390355629689,0.5753344018365031,0.0412152219194156,0,0.13709117906334448,0,0.44932019835203524,0,0.35030922948155807,0,0,0,0,0,0,0,0,88.49793087968008,137.2517408561766,0.5991503624884987,6.4415193097712455,7.842213375267837,0,47.88488815029922,112.66338051836794,8.30879147576971,0.47899940595851537,3.5836280311691184,139.86902137092488,66.3110558303875,0.0936179616009497,29.617432249696943,0,0.6242749462419688,8.645766411253803,0,21.644236956226408,1.9513947219070682,0.16123604449761464,3.0563689312390903,3.131126829751847,0,0,0,0,0,0,0,0,0,0,0,0,0,0,0,0,0,0,0,0.4840707746544597,0.9789627308781228,1.247114366230369,3.5302400662322997,0.40387976969048195,0,0,0,0,0,0,0,0,0,0,0,0,0,0,0,0,0,0
3.827854856124964,1.7566121527468965,0.25257395325047716,0,0.06155297085430432,0,0.05135360194727624,0,0,0,0,0,0,0,59.816557728131016,0,0,2.43807326446206,0,79.43450419488697,26.83440099099446,82.63870519194391,47.88488815029922,0,178.66349045195966,56.42422779807676,4.403713054776531,4.940579198144736,2.8058558406972742,4.1248550943686935,0,2.040279039170373,0,0,2.9395211588120294,0,4.139931154777729,0,0.058126917165719584,25.67603223125425,0.5724597597808312,0,0,0,0,0,0,0,0,0,0,0,0,0,0,0,0,0,0,0,0,0.798558622975429,2.0305470898404137,0.6693709994778214,19.20731624410762,0,0,0,0,0,0,0,0,0,0,0,0,0,0,0,0,0,0
0.13621746514094477,0,0.042942775883951914,0.14005038259572744,0,0,0,0,0,0,0,0,0,0,0.5064184237425731,0,0,6.532145485798437,21.03455261818002,0,0.15203117940718813,1.9970730841747077,112.66338051836794,178.66349045195966,0,192.19382874949534,117.73776982167492,22.530007865378405,360.7321093039016,0.666538191701259,0,0,0,0,9.168598656370769,0,0.44369238590198606,0.1377416605784415,0.16999439193366123,66.46109747828982,14.477021041714405,0,0,0,0,0,0,0,0,0,0,0,0,0,0,0,0,0,0,0,0,0,0,0,0,0,0,0,0,0,0,0,0,0,0,0,0,0,0,0,0,0,0
0,0,0,0,0,0,0,0,0,0,0,0.03796235663758651,0.37257093741425845,0.20748464355990884,10.513378572276189,0,0,0.44655734986671075,0.278617634325445,10.270522653034611,2.168584232054822,3.6385571255260634,8.30879147576971,56.42422779807676,192.19382874949534,0,57.884866721819776,1.7517900268842042,4.167635452031015,0,0,0,0,0,0,0,0,0,0.011473086448205952,45.67767711516353,2.561659940787135,0,0,0,0,0,0,0,0,0,0,0,0,0,0,0,0,0,0,0,0,0,0,0,0,0,0,0,0,0,0,0,0,0,0,0,0,0,0,0,0,0,0.8599879213917826
1.3016536141699746,0,0.0035927994642135377,2.038099653192825,0,0,0,0,0,0,0,0.34436806520239754,0.3352905220941618,0.19626870309281885,6.676381661523554,0,0,0,0,2.670615753857317,0.07520912313976247,0.07364103749048555,0.47899940595851537,4.403713054776531,117.73776982167492,57.884866721819776,0,34.98587275189359,2.0714360767163584,0,0,0,0,0,33.77357703582416,0.9693855907459069,1.2936554459989114,2.4347701200241034,1.655122949152756,110.87694730769155,83.30693261796529,0,0,0,0,0,0,0,0,0,0,0,0,0,0,0,0,0,0,0,0,0,0,0,0,0,0,0,0,0,0,0,0,0,0,0,0,0,0,0.004254052942572588,0,0,0.06534651254269438
27.944122714757697,0.7542300121929564,1.4027111804153387,14.229295588991196,0,0,0.3020802741676479,0,0,0,0,1.601005241727492,0.11337344953086298,0,0,0.18412818920654156,0.10753717914449774,0.13617295486202155,0.34357029667793815,0,0,0.6515747668884009,3.5836280311691184,4.940579198144736,22.530007865378405,1.7517900268842042,34.98587275189359,0,39.53579901995605,46.572499487267294,0,56.69998984110895,0.006540701297162578,9.12685226240692,30.409327689665975,2.4000581406392727,25.27207139298128,7.389264052256871,5.0803146416702365,20.016024706815315,45.43046506097571,0.0515654532266718,0,0.003334483989438872,0.9285577661404104,0,0,0,0,0,0,0,0.08207220244263078,0.0197239688411785,0,0,0,0,0,0,0,0,0,0,0,0,0,0,0.03487407224698225,0,0,0,0,0,0,0,0.11763399651088136,0,0,0.43227698957163835,0,0,0.35030404129899606
0.3270481025118199,0.04853366837962492,0.08316014317963001,0,0,0,1.5733626550725985,0,3.0877985165696207,0,0,0,0,0,0,0,1.94528941180854,4.465879747858793,76.34024341184212,0.18253415909672815,0,0.08133063521493487,139.86902137092488,2.8058558406972742,360.7321093039016,4.167635452031015,2.0714360767163584,39.53579901995605,0,422.9281085765121,8.070326919804662,0.8475123813296969,0,0,2.624480524361292,0,3.1641610487806235,0.7883541920375035,0.245282123634317,22.716191853982053,2.1158079350578576,0,0,0,0,0,0,0,0,0,0,0,0,0,0,0,0,0,0,0,0,0,0,0,0,0,0,0,0,0,0,0,0,0,0,0,0,0,0,0,0,0,0
3.7512398862538157,0.14769954475588443,0.17875373834974617,0,0.7636671563799828,0.3760152037939298,2.642850251848149,0,1.2363465997001322,0,0,0,0,0,0,0.13926581137792599,68.64108273945492,1.4626390786944579,149.2817615312629,0.15406891359248007,0,0.37522652200510276,66.3110558303875,4.1248550943686935,0.666538191701259,0,0,46.572499487267294,422.9281085765121,0,200.30720027382318,431.62056914559344,0,0.12835743877994643,0,0,12.399388036736456,0.9619256680161699,0.10348782827417297,4.10021188302972,0,0,0,0,0,0,0,0,0,0,0,0,0,0,0,0,0,0,0,0,0,0,0,0,0,0,0,0,0,0,0,0,0,0,0,0,0,0,0,0,0,0,0
0,0.1726297779492006,0,0,1.657902826689428,1.0364599357796582,2.2859111483682675,0,0.373941844732577,0.15029927170143031,0,0,0,0,0,0.1806705982385138,77.29986176206069,0,76.00057688055614,0,0,0,0.0936179616009497,0,0,0,0,0,8.070326919804662,200.30720027382318,0,105.96009313027965,0,0.46081059261049995,0,0,2.6988428617298323,0.6548843516577665,0,0,0,0,0,0,0,0,0,0,0,0,0,0,0,0,0,0,0,0,0,0,0,0,0,0,0,0,0,0,0,0,0,0,0,0,0,0,0,0,0,0,0,0,0
42.324567474559274,3.080571807544483,0.14697689913428408,0.2095171770889545,3.3974078803247885,16.474330554795397,0,0,0,32.3260921004041,0.45511567439512957,0,0,0,0,51.192586828834315,221.35106819737672,31.89997018753396,32.3104073200169,7.036127211573021,0.5330399010289569,0.679747642862381,29.617432249696943,2.040279039170373,0,0,0,56.69998984110895,0.8475123813296969,431.62056914559344,105.96009313027965,0,77.55164881180677,164.6497310535213,0,0,55.13980480639088,0.08154485153741728,0.02951490707969911,0.3423242684647963,0.2231834620015546,0,0,0,0,0,0,0,0,0,0,0.05955122979230702,0,0,0,0,0,0,0.16875419145231663,0,0,0,0,0,0,0,0,0,0,0,0,0,0,0,0,0,0,0,0,0,0,0,0
0.035503413344531956,0.00719624719273235,0,0,0,0.053668767326083305,0,0,0,5.290368102520666,0.013127344704093212,0,0,0,0,22.88392509151553,50.5559759117239,0.08016512036197691,0,0,0,0,0,0,0,0,0,0.006540701297162578,0,0,0,77.55164881180677,0,60.98792656138131,0,0.05874890711614016,4.637050973476702,0,0,0,0,0,0,0,0,0,0,0,0,0,0,0,0,0,0,0,0,0.024035262198729538,0,0,0,0,0,0,0,0,0,0,0,0,0,0,0,0,0,0,0,0,0,0,0,0,0
134.94841123152617,19.260351545554517,0,0,73.79133672219058,141.00251850740378,0,0,0,94.33399685481517,0,0,0,0,0,111.18627341932002,95.02044882036749,3.8296522748965747,1.1524386463326934,0,0,0,0.6242749462419688,0,0,0,0,9.12685226240692,0,0.12835743877994643,0.46081059261049995,164.6497310535213,60.98792656138131,0,0,0.07599409299104111,75.06770923319611,0.05844673709638498,0,0,0,0,0,0,0,0,0,0,0,0,0,0,0,0,0,0,0,0,0,0,0,0,0,0,0,0,0,0,0,0,0,0,0,0,0,0,0,0,0,0,0,0,0
1.520387257583897,36.644354564299036,10.498009741575347,0.13712196426503676,37.30155435645892,1.7453591808759372,90.0476253972837,141.94183713138216,0.24304763568798599,36.477667443680595,12.636408918126182,0,0,0,0.4440936890331254,24.089596584635558,0.4642415418079432,52.86930919414325,2.0825213405033005,38.43263190806409,1.2121086180881286,1.3675475512889725,8.645766411253803,2.9395211588120294,9.168598656370769,0,33.77357703582416,30.409327689665975,2.624480524361292,0,0,0,0,0,0,340.46762934243594,32.520470792200584,37.86718931362553,26.451640231218356,219.62892119686384,115.39312753468725,0,0,0,0,0,0,0.18199563021935386,0,0,0,0.10365716122305542,0,0,0,0,0,0,0,0,0,0,0,0,0,0,0,0,0,0,0,0,0,0,0,8.34256666299335,0,0,0,0,0,0,412.2555670057153
14.532752222224465,44.22960313486018,19.723267501252206,10.170754729922397,28.82167453301993,1.4876577153780408,94.5144011039286,64.37720526520772,0.7370652056011653,11.611500132963217,1.9530926830376232,0,0,0,0,1.1432541864878836,0.12776611142793984,0.1320109749360838,0,0.19725829076254855,0,0,0,0,0,0,0.9693855907459069,2.4000581406392727,0,0,0,0,0.05874890711614016,0.07599409299104111,340.46762934243594,0,81.11023888669267,34.779906423322025,60.70264304512128,15.719624983000129,12.188624744658245,0,0.15331697898538746,0.13284776290123862,0.4782298669202759,0.08082627066961334,0,1.0138305490013746,2.692283611006707,0,0,0.3918802288899709,0,0,0,0,0,0,0,0,0,0,0,0,0,0,0,0,0,0,0,0,0,0,0,0.4753806967799412,0.561219625735367,0,0,0.13932511438090878,0,0,94.37000952607623
41.028582359448826,35.29076169126229,16.790854759894184,7.87692306826167,33.930067686101225,10.7515466175673,63.60708452078284,107.97519824971404,0.8619512796388827,58.13843403339116,5.99612086092805,0.09936313002628971,0.17884443692794205,0,0.06434275069371646,56.57113540789834,34.70937110414888,40.79696076176903,27.5157038003602,6.1516328065681565,0.03212628344478814,0.4490415321965311,21.644236956226408,4.139931154777729,0.44369238590198606,0,1.2936554459989114,25.27207139298128,3.1641610487806235,12.399388036736456,2.6988428617298323,55.13980480639088,4.637050973476702,75.06770923319611,32.520470792200584,81.11023888669267,0,191.52749666810493,27.40124511460901,0.9805929794122741,12.511394594536997,0,0,0.01799788318229976,0.06202152631632079,0,0,0,0.2225741691959887,0,0,0.04194113684964973,0,0,0,0,0,0,0,0,0,0,0,0,0,0,0,0,0,0,0,0,0,0,0,0,0,0,0,0.031157522212560598,0,0,30.4000529016889
1.7059712136557634,6.539671918324399,1.608417076507994,0,4.44117816740373,0.3211763376197031,7.5662585500949895,29.681460452153015,0.190884200436895,33.55972102603349,1.925024450142884,0,0,0,0,27.510394760776677,3.5203771972377984,16.43661653713682,7.946414310048365,1.6821503133469582,0,0,1.9513947219070682,0,0.1377416605784415,0,2.4347701200241034,7.389264052256871,0.7883541920375035,0.9619256680161699,0.6548843516577665,0.08154485153741728,0,0.05844673709638498,37.86718931362553,34.779906423322025,191.52749666810493,0,5.673010062126511,0.6434519709752285,19.648895788423278,0,0,0,0,0,0,0,0,0,0,0.10521184803491664,0,0,0,0,0,0,0,0,0,0,0,0,0,0,0,0,0,0,0,0,0,0,0,0,0,0,0,0.009165485634458279,0,0,150.4002299022752
6.886871972678305,1.2831527175087427,5.645405227733561,9.99349233515871,0,0.015113326990480461,4.433142816729547,0.3107963641712424,0,0,0,1.1714590901717443,0.35379605840970574,0.097455090114113,0.033750709593020733,0,0,0.018927427542586035,0.07866315772347793,0,0,0,0.16123604449761464,0.058126917165719584,0.16999439193366123,0.011473086448205952,1.655122949152756,5.0803146416702365,0.245282123634317,0.10348782827417297,0,0.02951490707969911,0,0,26.451640231218356,60.70264304512128,27.40124511460901,5.673010062126511,0,3.9657028401105787,6.876879295457757,0.02505150512111946,0,0.0808841116380835,1.071900065168528,0,0,0,0,0,0,0,0.1180304246060916,0,0,0,0,0,0,0,0,0,0,0,0,0,0,0,0.14684365136526353,0.02435179119219941,0,0,0,0,0,0,0.23664820628167033,1.0359451409233211,0,1.2977725125461401,0,0,1.2823580010794013
0.22406607593368094,0.7894208623990843,0.04890078152406121,0,0,0,0,0,0,0,0,0.03829747474308775,0.4154659775964371,0.3251357880289456,14.010862270983694,0,0,3.497883895997083,1.9622458557761897,34.531214613093645,6.623910550255666,6.313688372810473,3.0563689312390903,25.67603223125425,66.46109747828982,45.67767711516353,110.87694730769155,20.016024706815315,22.716191853982053,4.10021188302972,0,0.3423242684647963,0,0,219.62892119686384,15.719624983000129,0.9805929794122741,0.6434519709752285,3.9657028401105787,0,151.2212602214816,0,0,0,0,0,0,0,0,0,0,0,0,0,0,0,0,0,0,0,0,0.05061107178226579,0.297800810272209,0,0.18179133374479642,0,0,0,0,0,0,0,0,0,0,0,0,0,0,0.031583569762299916,2.807301965823932,0,0.7952417665773812
1.424654017581757,0.3227580180557093,0.06133051698446059,0.6202355969002521,0,0,0,0,0,0,0,0.2533953383614367,0,0,0.02268284938059841,0,0,0.2891835139944402,0.221369433341436,0,0,0.1602156148160534,3.131126829751847,0.5724597597808312,14.477021041714405,2.561659940787135,83.30693261796529,45.43046506097571,2.1158079350578576,0,0,0.2231834620015546,0,0,115.39312753468725,12.188624744658245,12.511394594536997,19.648895788423278,6.876879295457757,151.2212602214816,0,0,0,0,0,0,0,0,0,0,0,0,0,0,0,0,0,0,0,0,0,0,0,0,0,0,0,0,0,0,0,0,0,0,0,0,0,0,0,0.02151549970860986,0,0,24.476636814676795
0.04397274757305844,0.13418505396206942,0.33648178029330317,6.392346761295221,0,0,0.26949304247856226,0,0,0,0,0.32638729468867766,0,0,0,0,0,0,0,0,0,0,0,0,0,0,0,0.0515654532266718,0,0,0,0,0,0,0,0,0,0,0.02505150512111946,0,0,0,142.83072124498972,6.410078720979739,90.0991507150697,50.21393969453979,9.714849672255221,47.83227928171944,0,0,0,0,0.9223234276318647,0.06681962211227019,0,0,0,0,0,0,0,0,0.017746369148549813,3.367365806757376,1.122187893870014,0,0,1.8585193551827566,21.58595132549007,0.17552397000277098,0.8410582379939197,0.044109989127395596,39.119128735616954,0,133.96341506023296,14.365627391589737,22.586106892045706,38.03376667465577,2.2008219213710527,9.083609474691757,0,0.6477289941137897,0
0.0228930196901401,0.433371320808481,0.5783697013932156,0.31233538876961153,0.060596283862073816,0,1.0529569046730811,0.32767509472727874,0,0,0,0,0,0,0,0,0,0,0,0,0,0,0,0,0,0,0,0,0,0,0,0,0,0,0,0.15331697898538746,0,0,0,0,0,142.83072124498972,0,0.3258545198723182,0,80.52092404084127,6.795708713250231,45.207528931579375,0.1512060622506236,0,0,0,0,0,0,0,0,0,0,0,0,0,0.011873915376538561,0.5829098551994414,0.18158437541582373,0,0,0,0.3180542686355377,0,0.3031574616392944,0.121993726271487,6.261201381443547,0,13.223888799423442,31.030989490216527,30.64609347109284,22.118316423690505,5.032563716933496,0.4229746665997875,0.4109174979399318,0,0.21690496822850872
0.13034800330424814,0.30167444311373204,2.642005638586317,11.316710375340614,0.015406853958294133,0,1.8535454881515168,7.295683759953188,0,0,0,1.0414013027400397,0.014828969466662447,0,0,0,0,0,0,0,0,0,0,0,0,0,0,0.003334483989438872,0,0,0,0,0,0,0,0.13284776290123862,0.01799788318229976,0,0.0808841116380835,0,0,6.410078720979739,0.3258545198723182,0,18.99814933661149,0,0,19.237377346683687,14.867707357446173,0,0,0,0.5440960921992228,0.027551528447472353,0.007052552591349085,0.04446434665665772,0,0,0,0,0.019260378061985356,0,0.008638984669761781,0.38131364312880467,0.2225747737065886,0,0,0.011711731101366167,0.36543632871036696,0,0.01851090105485636,0,0.11328696785855204,0,0.013183671109534298,7.33905872189756,12.599329846045478,10.18250987467288,0.9257273210308468,2.4748809327458923,0,0,0
1.2173084293393241,0.1424668479573904,5.908490870216534,134.6019781680388,0,0,0.8560999533472035,16.320180085542816,0,0,0,28.239872998065618,1.0096174632863837,0.12681206289686445,0,0,0,0,0,0,0,0,0,0,0,0,0,0.9285577661404104,0,0,0,0,0,0,0,0.4782298669202759,0.06202152631632079,0,1.071900065168528,0,0,90.0991507150697,0,18.99814933661149,0,0,0,0,74.39967111836334,0,0,0,98.06138354247568,6.823033325731896,3.4052559327603684,0.9898590211911524,0,0,0,0,0.3439312174613128,0,0,0,0,0,0,0.019634482781069648,3.0391230997640424,0,0,0,0,0,0.04842384759496336,0.11728265527292175,18.224079094413334,3.520192523621934,0,9.38904932032109,0,0.11109419413085538,0
0,0.042944694374786256,0.024509438490849595,0,0.19250822749339808,0,2.3651939276209455,0.7152981222457839,0,0,0,0,0,0,0,0,0,0,0,0,0,0,0,0,0,0,0,0,0,0,0,0,0,0,0,0.08082627066961334,0,0,0,0,0,50.21393969453979,80.52092404084127,0,0,0,132.66494875100912,139.51839606417533,1.8860242860407554,1.633810915567857,0.7868835850959738,0,0,0,0,0,0,0.6460766091129914,0,0.16256173899644727,0,0,0,0.27752141818097975,0,0,0,0,0.077892844441557,0.5617521676367804,5.485825784220971,1.6685297380794943,6.580305829053445,0.02554131075672757,69.9804987085231,37.78334891529892,19.390934967934577,23.181454863441513,8.11132354128318,0,0.22766825215581912,0,0.15788594717849186
0,0,0,0,0,0.20036246651208647,0.9537053078246517,1.051757971178509,0.9321597838526176,0,0,0,0,0,0,0,0,0,0,0,0,0,0,0,0,0,0,0,0,0,0,0,0,0,0,0,0,0,0,0,0,9.714849672255221,6.795708713250231,0,0,132.66494875100912,0,116.81519369849134,25.080942478320246,88.15849656430493,172.6192939865019,0,0,0,0,0,1.968072097685996,8.585173352638101,0,1.4492643169990873,0,0,0,0,0,0,0,0,0,2.68140205463345,11.24268984987857,3.874649807432873,22.124446327488208,0.09912245378332757,149.80650697537573,4.497245309966285,11.118364465809757,5.389881646670209,0.7524852156839683,0,0,0,0
0,1.0305708675648062,3.803853312434992,2.3921647151048364,1.9081766979242654,0.5322114197488206,48.29947014532649,65.9160050672773,1.3420393947852658,0,0,0.0469264525818799,0,0,0,0,0,0,0,0,0,0,0,0,0,0,0,0,0,0,0,0,0,0,0.18199563021935386,1.0138305490013746,0,0,0,0,0,47.83227928171944,45.207528931579375,19.237377346683687,0,139.51839606417533,116.81519369849134,0,210.57925061848556,137.20775020984976,10.097203681597243,0,0,0,0,0,0,0.11905568758933634,0.07756553160045694,3.6372043014292776,0,0,0,2.2540580344815795,0,0.1676713242531584,0,0,0,6.894725482263877,7.475720731194647,0.9430329655297893,0,0,0.6796612189607746,68.39062576054731,70.37154686742826,46.75943276199325,7.047130166779059,2.257946394849958,0,0,0
0,0.19259281771955306,6.499921160277433,22.629788346225787,0,2.635577312992666,60.143110700546124,368.35464025325035,29.323754822145986,7.274053798035994,9.741304724705964,17.292621260944102,22.78395579815012,2.362898459884961,0,0,0,0,0,0,0,0,0,0,0,0,0,0,0,0,0,0,0,0,0,2.692283611006707,0.2225741691959887,0,0,0,0,0,0.1512060622506236,14.867707357446173,74.39967111836334,1.8860242860407554,25.080942478320246,210.57925061848556,0,196.49062357890304,84.75104133727109,64.47643721961965,124.15111744934592,121.64666310280634,92.5731522725979,19.343429632100523,0,0,0,0,42.613881715683554,0.3006188030550215,0,0.19847502613142612,0,0,0.23196515346900518,0,0,0,0,0,0,0,0.9078003576521554,129.64431230872333,73.60215833851159,94.83557355555016,39.1457563147523,0.2673292443226988,0,0,13.08292549190314
0,0,0,0,0,1.5028402100084015,3.1951760269729856,28.896741501211046,12.663381877835091,1.8498089428876316,0,0,0,0,0,0,0,0,0,0,0,0,0,0,0,0,0,0,0,0,0,0,0,0,0,0,0,0,0,0,0,0,0,0,0,1.633810915567857,88.15849656430493,137.20775020984976,196.49062357890304,0,186.4562630116314,0,0,0,0,0,0.15596079493458487,0.7730640808359551,2.6733315331874348,21.733926811323556,0,0,0,2.2833639693308436,0,0.2091635312073308,0,0,0,11.130900098302412,5.838521980883303,0.9233045783506859,0,0,0,0,10.758881626997718,2.1366198726576155,0.4231901209858216,0.010785931114110399,0,0,0
0,0,0,0,0,0,0,5.960597141911347,5.033284740040334,27.734409378365193,18.33016805339049,0,0,0,0,0,0,0,0,0,0,0,0,0,0,0,0,0,0,0,0,0,0,0,0,0,0,0,0,0,0,0,0,0,0,0.7868835850959738,172.6192939865019,10.097203681597243,84.75104133727109,186.4562630116314,0,16.332314335866094,0,0,0,0,259.10273754219435,32.91355751509631,1.5075445691013734,1.7080896386430149,0,0,0,0.17934030653565164,0,0,0,0,0,0.7650135067119647,0.7362289223538563,0.35385437150964416,47.14246665295576,10.509329689940452,129.55865862806266,24.252324695225745,33.294730374198345,45.26276312995321,27.483790819719555,0,0.10884208617404972,0,29.849272785893078
0,0,0,0,0,0,0,5.208838223835272,0.1613375372672607,18.002615755169845,38.27549759883626,0,0,7.2748153295250635,0.01587395486470754,5.577187331831708,0.2247358231513574,0.11090015779296478,0,4.372800000899401,0,0,0,0,0,0,0,0,0,0,0,0.05955122979230702,0,0,0.10365716122305542,0.3918802288899709,0.04194113684964973,0.10521184803491664,0,0,0,0,0,0,0,0,0,0,64.47643721961965,0,16.332314335866094,0,0.21790394354267315,1.8358789764613976,89.48659470108723,0,12.336313212827356,0.3399024158663172,2.7960562177727306,0,51.78255712908301,0,0,0,0,0,0,0,0,0,0,0,0,0,0,6.4328534918297064,0.8955598771567125,3.95330822934084,0.8741951432199188,0,0,0,6.101972654771533
0,0,0.397257321794638,28.069179741399136,0,0,0,25.183403477598908,0,0,0,72.51875360183367,19.416105146289496,7.4285521123213085,3.075686593748647,0,0,0,0,0.6423222697955778,0,0,0,0,0,0,0,0.08207220244263078,0,0,0,0,0,0,0,0,0,0,0.1180304246060916,0,0,0.9223234276318647,0,0.5440960921992228,98.06138354247568,0,0,0,124.15111744934592,0,0,0.21790394354267315,0,52.00791727876378,21.244898435611017,13.32635347054494,0,0,0,0,17.854433152546907,0.5952372772516126,0.036082914151941946,0,0.04382442207913727,0,0.10972689345237065,0.05357050531012305,0.4297427238426599,0,0,0,0,0,0,0,0.3813843740778254,0,0,6.314957159552262,0,0.07275842717387161,0
0,0,0,1.4107454369338255,0,0,0,17.249735261858017,0,0,0.06708890217165878,8.491751237244365,48.09590658753929,16.203141307201005,3.971743557023033,0,0,0,0,5.4625176628205425,0.07590835169737827,0,0,0,0,0,0,0.0197239688411785,0,0,0,0,0,0,0,0,0,0,0,0,0,0.06681962211227019,0,0.027551528447472353,6.823033325731896,0,0,0,121.64666310280634,0,0,1.8358789764613976,52.00791727876378,0,53.538432861349754,20.175055424067356,0,0,0,0,28.06086298518731,1.3926432595289424,0.057730113635970186,0,0.06295474568251225,0,0.2993841696136214,0.21439852290404074,0.06684353424552615,0,0,0,0,0,0,0,0.07838711395888161,0.08798070500032813,0,3.693827592586159,0.09551173209762845,0,0
0,0,0,0.18717214964106613,0,0,0,1.6731277686594734,0,0.10326632979420201,9.678882810278747,2.769133796205873,10.295853983743829,70.33421384747498,15.840246239025687,0,0,0,0,23.049678899246764,0.09882579214700354,0,0,0,0,0,0,0,0,0,0,0,0,0,0,0,0,0,0,0,0,0,0,0.007052552591349085,3.4052559327603684,0,0,0,92.5731522725979,0,0,89.48659470108723,21.244898435611017,53.538432861349754,0,60.106606029592655,0,0,0,0,95.95302823125574,3.6585005869927945,0.21195806071906578,0,0.09332752783238658,0,0.07646180948563962,0,0,0,0,0,0,0,0,0,0.059506523255461755,0,0,2.1603453426080583,0.05074061126716622,0,0
0,0,0,0,0,0,0,0,0,0,0,1.1270999583096786,2.3905567098963836,10.447845745508054,40.85694783676345,0,0,0,0,25.856896003474485,0.6556404318721473,0.07803788888178374,0,0,0,0,0,0,0,0,0,0,0,0,0,0,0,0,0,0,0,0,0,0.04446434665665772,0.9898590211911524,0,0,0,19.343429632100523,0,0,0,13.32635347054494,20.175055424067356,60.106606029592655,0,0,0,0.07238423605472356,0,199.54263816168455,12.902205249584974,11.393654049820706,0,79.23681676388165,2.836513619954643,21.61713756060244,13.318698040825135,0.1470815969107035,0,0,0,0.08283116333946472,0,0,1.6203527953932289,0,0,0,0.8026369474975917,18.931026055436188,0.40842834183631904,0
0,0,0,0,0,0,0,0,0,0.6447794077885405,7.702673046094392,0,0,0,0,2.3292774760729404,0.24952217699366253,0,0,0,0,0,0,0,0,0,0,0,0,0,0,0,0,0,0,0,0,0,0,0,0,0,0,0,0,0,1.968072097685996,0,0,0.15596079493458487,259.10273754219435,12.336313212827356,0,0,0,0,0,241.38149379631028,89.22587796026352,0.6208869689379196,0,0,0,0,0,0,0,0,0.1055558366303865,0,0,0,66.30426733297068,36.37164901747946,116.7613646165541,32.138976292232925,6.3227351841633,52.0364754341332,27.44511969971758,0,0.25535189099740263,0,34.844830689518886
0,0,0,0,0,0,0,0,0,0,1.3582335753766057,0,0,0,0,1.3252340867491579,0.22263850453385628,0,0,0,0,0,0,0,0,0,0,0,0,0,0,0,0.024035262198729538,0,0,0,0,0,0,0,0,0,0,0,0,0.6460766091129914,8.585173352638101,0.11905568758933634,0,0.7730640808359551,32.91355751509631,0.3399024158663172,0,0,0,0,241.38149379631028,0,99.95946119080662,212.25903098697583,0.889033812439781,0,0,0,0,0,0,0,0,3.976614441256519,59.67685517976269,72.21729087649534,206.38536572481308,35.99864245662174,69.6766154870733,4.126222410318204,0.7680982898661282,19.358232773049707,6.422250463338263,0,0,0.0970338440012418,1.5579944860273962
0,0,0,0,0,0,0,0,0,0,0.5441811228976207,0,0,0,0,0,2.15679827844413,18.529992797395185,0.4264275773311,35.80690024871202,0.12594320915730078,0,0,0,0,0,0,0,0,0,0,0.16875419145231663,0,0,0,0,0,0,0,0,0,0,0,0,0,0,0,0.07756553160045694,0,2.6733315331874348,1.5075445691013734,2.7960562177727306,0,0,0,0.07238423605472356,89.22587796026352,99.95946119080662,0,317.8652656046962,112.25251040561831,20.672652875824646,3.7795797540708818,80.26489215771912,0.9237194866124139,0.6414892475172426,0,0,0,1.6611285962277453,0,0.06949813754649789,19.38657485545741,0.10461475518414555,2.3005401254315294,55.04896682733812,0,33.22999141833712,11.17157745981588,0,0.353411977497899,0.570689823907429,14.212041506824661
0,0,0,0,0,0,0,0,0,0,0,0,0,0,0,0,0,0,0,0,0,0,0,0,0,0,0,0,0,0,0,0,0,0,0,0,0,0,0,0,0,0,0,0,0,0.16256173899644727,1.4492643169990873,3.6372043014292776,0,21.733926811323556,1.7080896386430149,0,0,0,0,0,0.6208869689379196,212.25903098697583,317.8652656046962,0,9.098257799457278,0.3047837912062213,0,181.07937907344092,0,15.830211285030456,0.10040721146583863,0,0.06867290340272271,73.30779591354145,120.40694124265713,105.5524748910621,27.361708660318783,0.021426507876355787,0.10557470105330072,2.8566181157093893,0,14.939683459829716,1.689989217270534,0,0,0.9910056553513531,0
0,0,0,0,0,0,0,0,0,0,8.266603742686083,0,2.535665434120947,15.134174329971197,24.480610068753524,0,0.17988841873873168,38.75773638039511,0.3861816383073362,177.0351613070941,12.454869975865629,1.57518520098599,0.4840707746544597,0,0,0,0,0,0,0,0,0,0,0,0,0,0,0,0,0,0,0,0,0.019260378061985356,0.3439312174613128,0,0,0,42.613881715683554,0,0,51.78255712908301,17.854433152546907,28.06086298518731,95.95302823125574,199.54263816168455,0,0.889033812439781,112.25251040561831,9.098257799457278,0,176.95081366217414,74.56739559977825,13.938516749048455,84.09719395605714,0,11.20660718812468,2.759733058348462,0,0.7473306935949728,0,0,0.38626789490654556,0,0,48.400388397377654,0.10726583032811805,4.009786945976417,0.1996332734559346,0.26957865830574196,10.426963689970385,0,2.0548545037548793
0,0,0,0,0,0,0,0,0,0,0,0,0.018034588140382737,0,0.11918327591987622,0,0,1.1513553343303393,0,9.275899427343074,15.090330150678577,9.504125500788598,0.9789627308781228,0.798558622975429,0,0,0,0,0,0,0,0,0,0,0,0,0,0,0,0.05061107178226579,0,0,0,0,0,0,0,0,0.3006188030550215,0,0,0,0.5952372772516126,1.3926432595289424,3.6585005869927945,12.902205249584974,0,0,20.672652875824646,0.3047837912062213,176.95081366217414,0,49.8295319159438,15.197789247983854,28.885276427746827,0.18952030884624113,2.144519284161212,0.3349804226329003,0.022484366268292102,0.046375162243077396,0,0,0.3617356968459738,0,0,7.685807143012429,0,0.052787329981023784,0,0,2.8883812515193026,0.056134972573015175,0
0,0,0,0,0,0,0,0,0,0,0,0,0,0,0.016436782204393728,0,0,0.22435834471250224,0,3.686302156345595,5.524508500255706,7.300218426701166,1.247114366230369,2.0305470898404137,0,0,0,0,0,0,0,0,0,0,0,0,0,0,0,0.297800810272209,0,0.017746369148549813,0.011873915376538561,0.008638984669761781,0,0,0,0,0,0,0,0,0.036082914151941946,0.057730113635970186,0.21195806071906578,11.393654049820706,0,0,3.7795797540708818,0,74.56739559977825,49.8295319159438,0,22.471726451183823,69.2982736185752,2.2495792734425635,3.771519410673724,1.0733341574422879,0.2457118790357519,0.10518814830662307,0.13293688714735602,0,0.1792024610115115,0,0,4.52161760396339,0,0.10914476134951163,0,0.004030759317907225,5.707084805877229,0.2049393420276488,0
0,0,0,0,0,0,0,0,0,0,0,0,0,0,0,0,0,0.9079764665083899,0,0.5917499768246781,1.654779380838654,1.3801903877206168,3.5302400662322997,0.6693709994778214,0,0,0,0,0,0,0,0,0,0,0,0,0,0,0,0,0,3.367365806757376,0.5829098551994414,0.38131364312880467,0,0.27752141818097975,0,2.2540580344815795,0.19847502613142612,2.2833639693308436,0.17934030653565164,0,0,0,0,0,0,0,80.26489215771912,181.07937907344092,13.938516749048455,15.197789247983854,22.471726451183823,0,56.054495594848675,111.4468355774817,3.2838974246434747,0.4964235680207904,5.819712423467834,138.0036281959068,92.42833389616973,2.086505044690189,32.66648671517585,0,0.5116561446079466,37.46488805977011,0.057797710264505815,20.6446480220976,0.18994563505097595,0.213600458094747,0.9053598160304861,7.102769750989787,0
0,0,0,0,0,0,0,0,0,0,0,0,0,0,0,0,0,0,0,0,2.9132833874430486,9.029776523667463,0.40387976969048195,19.20731624410762,0,0,0,0,0,0,0,0,0,0,0,0,0,0,0,0.18179133374479642,0,1.122187893870014,0.18158437541582373,0.2225747737065886,0,0,0,0,0,0,0,0,0.04382442207913727,0.06295474568251225,0.09332752783238658,79.23681676388165,0,0,0.9237194866124139,0,84.09719395605714,28.885276427746827,69.2982736185752,56.054495594848675,0,196.29847664450912,57.29003048900599,11.209537490380097,4.638241538964757,3.7033985512918615,0.28761808748920203,0,0.42506946444406996,0,0,4.6828489989167235,0.042105641342071794,0.41744140242542704,0,0.1431086767934008,25.03217164850659,0.3871545696657675,0
0,0,0,0,0,0,0,0,0,0,0,0,0,0,0,0,0,0,0,0,0,0,0,0,0,0,0,0,0,0,0,0,0,0,0,0,0,0,0,0,0,0,0,0,0,0,0,0.1676713242531584,0,0.2091635312073308,0,0,0,0,0,2.836513619954643,0,0,0.6414892475172426,15.830211285030456,0,0.18952030884624113,2.2495792734425635,111.4468355774817,196.29847664450912,0,174.96891929420502,121.45999369138599,31.483542315352082,369.0721409526733,0.797672650796894,0,0,0,0,19.763069796644274,0,0,0,0.06224917215596629,55.44924210556209,6.299297747874894,0
0,0,0,0,0,0,0,0,0,0,0,0,0,0,0,0,0,0,0,0,0,0,0,0,0,0,0,0,0,0,0,0,0,0,0,0,0,0,0,0,0,0,0,0,0,0,0,0,0.23196515346900518,0,0,0,0.10972689345237065,0.2993841696136214,0.07646180948563962,21.61713756060244,0,0,0,0.10040721146583863,11.20660718812468,2.144519284161212,3.771519410673724,3.2838974246434747,57.29003048900599,174.96891929420502,0,83.40859852997913,5.889458283912176,3.8696341546363464,0,0,0,0,0,0.5709670405701457,0,0,0,0.013557125516112552,47.22550173132095,3.17855081238765,0
0,0,0,0,0,0,0,0,0,0,0,0,0,0,0,0,0,0,0,0,0,0,0,0,0,0,0,0,0,0,0,0,0,0,0,0,0,0,0,0,0,1.8585193551827566,0,0.011711731101366167,0.019634482781069648,0,0,0,0,0,0,0,0.05357050531012305,0.21439852290404074,0,13.318698040825135,0,0,0,0,2.759733058348462,0.3349804226329003,1.0733341574422879,0.4964235680207904,11.209537490380097,121.45999369138599,83.40859852997913,0,39.10475228674995,4.343063357341748,0,0,0,0,1.374718135195379,27.94610883578043,0.07568431020031345,0.27956009846460567,0,1.0751516285812777,80.70094939729516,52.92008369206481,0
0,0,0,0.08270794763664606,0,0,0,0,0,0,0,0,0,0,0,0,0,0,0,0,0,0,0,0,0,0,0,0.03487407224698225,0,0,0,0,0,0,0,0,0,0,0.14684365136526353,0,0,21.58595132549007,0.3180542686355377,0.36543632871036696,3.0391230997640424,0.077892844441557,0,0,0,0,0,0,0.4297427238426599,0.06684353424552615,0,0.1470815969107035,0.1055558366303865,0,0,0.06867290340272271,0,0.022484366268292102,0.2457118790357519,5.819712423467834,4.638241538964757,31.483542315352082,5.889458283912176,39.10475228674995,0,47.79903318954536,42.03793312195321,0,46.876539073407976,0.031471788778080566,17.35668733386798,42.76563258483225,3.6607996882057883,9.957850844277091,0.2993006500830867,5.464078409699257,27.02255660858434,46.107540340696495,0.09226001824272306
0,0,0,0,0,0,0,0,0,0,0,0,0,0,0,0,0,0,0,0,0,0,0,0,0,0,0,0,0,0,0,0,0,0,0,0,0,0,0.02435179119219941,0,0,0.17552397000277098,0,0,0,0.5617521676367804,2.68140205463345,6.894725482263877,0,11.130900098302412,0.7650135067119647,0,0,0,0,0,0,3.976614441256519,1.6611285962277453,73.30779591354145,0.7473306935949728,0.046375162243077396,0.10518814830662307,138.0036281959068,3.7033985512918615,369.0721409526733,3.8696341546363464,4.343063357341748,47.79903318954536,0,457.09684671341233,7.378899387139907,3.7977770176920935,0,0,12.361088035840702,0,0.2655501230684608,0,0.2874884614896565,15.218258142065757,0.7187384592490369,0
0,0,0,0,0,0,0,0,0,0,0,0,0,0,0,0,0,0,0,0,0,0,0,0,0,0,0,0,0,0,0,0,0,0,0,0,0,0,0,0,0,0.8410582379939197,0.3031574616392944,0.01851090105485636,0,5.485825784220971,11.24268984987857,7.475720731194647,0,5.838521980883303,0.7362289223538563,0,0,0,0,0,0,59.67685517976269,0,120.40694124265713,0,0,0.13293688714735602,92.42833389616973,0.28761808748920203,0.797672650796894,0,0,42.03793312195321,457.09684671341233,0,245.89454244193564,424.2470188803685,0,0,0,0,0,0,0.021520136849027514,0,0.057800325566440394,0
0,0,0,0,0,0,0,0,0,0,0,0,0,0,0,0,0,0,0,0,0,0,0,0,0,0,0,0,0,0,0,0,0,0,0,0,0,0,0,0,0,0.044109989127395596,0.121993726271487,0,0,1.6685297380794943,3.874649807432873,0.9430329655297893,0,0.9233045783506859,0.35385437150964416,0,0,0,0,0,0,72.21729087649534,0.06949813754649789,105.5524748910621,0,0,0,2.086505044690189,0,0,0,0,0,7.378899387139907,245.89454244193564,0,128.51637128253702,0.0689537627474938,0.6359356162544417,0,0,0,0,0,0,0,0
0,0,0,0,0,0,0,0,0,0,0.0638984483402904,0,0,0,0,0,0,0,0,0,0,0,0,0,0,0,0,0,0,0,0,0,0,0,0,0,0,0,0,0,0,39.119128735616954,6.261201381443547,0.11328696785855204,0,6.580305829053445,22.124446327488208,0,0,0,47.14246665295576,0,0,0,0,0.08283116333946472,66.30426733297068,206.38536572481308,19.38657485545741,27.361708660318783,0.38626789490654556,0.3617356968459738,0.1792024610115115,32.66648671517585,0.42506946444406996,0,0,0,46.876539073407976,3.7977770176920935,424.2470188803685,128.51637128253702,0,75.06704593406673,153.01499206976925,0.2253740626508079,0.207252293515614,19.35978836809819,0.2485988192966208,0.3664359231724169,0,1.2044200556328155,0
0,0,0,0,0,0,0,0,0,0,0,0,0,0,0,0,0,0,0,0,0,0,0,0,0,0,0,0,0,0,0,0,0,0,0,0,0,0,0,0,0,0,0,0,0,0.02554131075672757,0.09912245378332757,0,0,0,10.509329689940452,0,0,0,0,0,36.37164901747946,35.99864245662174,0.10461475518414555,0.021426507876355787,0,0,0,0,0,0,0,0,0.031471788778080566,0,0,0.0689537627474938,75.06704593406673,0,68.27348343154772,0,0,0.5575974362685062,0,0,0,0,0
0,0,0,0,0,0,0,0,0,0,0,0,0,0,0,0,0,0,0,0,0,0,0,0,0,0,0,0,0,0,0,0,0,0,0,0,0,0,0,0,0,133.96341506023296,13.223888799423442,0.013183671109534298,0.04842384759496336,69.9804987085231,149.80650697537573,0.6796612189607746,0.9078003576521554,0,129.55865862806266,0,0,0,0,0,116.7613646165541,69.6766154870733,2.3005401254315294,0.10557470105330072,0,0,0,0.5116561446079466,0,0,0,1.374718135195379,17.35668733386798,0,0,0.6359356162544417,153.01499206976925,68.27348343154772,0,0,0.12558914642577076,22.04441331439961,0,0.1345573800655371,0,0.9072458125957279,0
0,0,0,0,0,0,0.14066745465867664,1.841662742768657,0,0,0.36596163625792294,0,0,0,0,0,0,0,0,0,0,0,0,0,0,0,0,0,0,0,0,0,0,0,8.34256666299335,0.4753806967799412,0,0,0,0,0,14.365627391589737,31.030989490216527,7.33905872189756,0.11728265527292175,37.78334891529892,4.497245309966285,68.39062576054731,129.64431230872333,0,24.252324695225745,6.4328534918297064,0,0,0,1.6203527953932289,32.138976292232925,4.126222410318204,55.04896682733812,2.8566181157093893,48.400388397377654,7.685807143012429,4.52161760396339,37.46488805977011,4.6828489989167235,19.763069796644274,0.5709670405701457,27.94610883578043,42.76563258483225,12.361088035840702,0,0,0.2253740626508079,0,0,0,193.4120787325729,72.02018360645081,56.965383770027245,16.764009411607443,222.90690586759413,120.86300044850145,388.3571251808661
0.08510694706598279,0.11254691503679919,1.110234430634,10.92530810452209,0,0,0.6744431806870274,3.473713234171646,0.10005418760562351,0.07293143175316728,0.32426876378843944,0.3165079561831973,0,0,0,0,0,0,0,0,0,0,0,0,0,0,0,0.11763399651088136,0,0,0,0,0,0,0,0.561219625735367,0,0,0.23664820628167033,0,0,22.586106892045706,30.64609347109284,12.599329846045478,18.224079094413334,19.390934967934577,11.118364465809757,70.37154686742826,73.60215833851159,10.758881626997718,33.294730374198345,0.8955598771567125,0.3813843740778254,0.07838711395888161,0.059506523255461755,0,6.3227351841633,0.7680982898661282,0,0,0.10726583032811805,0,0,0.057797710264505815,0.042105641342071794,0,0,0.07568431020031345,3.6607996882057883,0,0,0,0.207252293515614,0,0.12558914642577076,193.4120787325729,0,49.40675940174336,22.676195725437346,47.50419014668821,18.307387207448688,7.888334967834215,37.66945584425635
0,0,0.011136862983382113,0,0,0,0,1.1951754724272317,0,0,0.4528322240052799,0,0,0,0,0,0,0,0,0,0,0,0,0,0,0,0,0,0,0,0,0,0,0,0,0,0,0,1.0359451409233211,0,0,38.03376667465577,22.118316423690505,10.18250987467288,3.520192523621934,23.181454863441513,5.389881646670209,46.75943276199325,94.83557355555016,2.1366198726576155,45.26276312995321,3.95330822934084,0,0.08798070500032813,0,0,52.0364754341332,19.358232773049707,33.22999141833712,14.939683459829716,4.009786945976417,0.052787329981023784,0.10914476134951163,20.6446480220976,0.41744140242542704,0,0,0.27956009846460567,9.957850844277091,0.2655501230684608,0,0,19.35978836809819,0.5575974362685062,22.04441331439961,72.02018360645081,49.40675940174336,0,207.09620966953193,19.69888200009638,4.637591574926636,11.2088528230749,70.83221086068797
0,0,0,0,0,0,0,0,0,0,0.07967814338593251,0,0,0,0,0,0,0,0,0,0,0,0,0,0,0,0,0,0,0,0,0,0,0,0,0,0,0,0,0,0,2.2008219213710527,5.032563716933496,0.9257273210308468,0,8.11132354128318,0.7524852156839683,7.047130166779059,39.1457563147523,0.4231901209858216,27.483790819719555,0.8741951432199188,0,0,0,0,27.44511969971758,6.422250463338263,11.17157745981588,1.689989217270534,0.1996332734559346,0,0,0.18994563505097595,0,0,0,0,0.2993006500830867,0,0,0,0.2485988192966208,0,0,56.965383770027245,22.676195725437346,207.09620966953193,0,0.279249504563919,28.386958699187222,9.16825116679446,186.30540995882495
0.11182168193879882,0.028335842485529075,0.3339345766924265,3.466292359774045,0,0,0,0,0,0,0,1.0757377186143195,0.13799393231297455,0.011823821107244888,0.019699868244236692,0,0,0,0,0,0,0,0,0,0,0,0.004254052942572588,0.43227698957163835,0,0,0,0,0,0,0,0.13932511438090878,0.031157522212560598,0.009165485634458279,1.2977725125461401,0.031583569762299916,0.02151549970860986,9.083609474691757,0.4229746665997875,2.4748809327458923,9.38904932032109,0,0,2.257946394849958,0.2673292443226988,0.010785931114110399,0,0,6.314957159552262,3.693827592586159,2.1603453426080583,0.8026369474975917,0,0,0,0,0.26957865830574196,0,0.004030759317907225,0.213600458094747,0.1431086767934008,0.06224917215596629,0.013557125516112552,1.0751516285812777,5.464078409699257,0.2874884614896565,0.021520136849027514,0,0.3664359231724169,0,0.1345573800655371,16.764009411607443,47.50419014668821,19.69888200009638,0.279249504563919,0,3.4743664354549835,5.971383585456465,0
0,0,0,0,0,0,0,0,0,0,0,0,0,0,0,0,0,0,0,0.16975512778343374,0,0,0,0,0,0,0,0,0,0,0,0,0,0,0,0,0,0,0,2.807301965823932,0,0,0.4109174979399318,0,0,0.22766825215581912,0,0,0,0,0.10884208617404972,0,0,0.09551173209762845,0.05074061126716622,18.931026055436188,0.25535189099740263,0,0.353411977497899,0,10.426963689970385,2.8883812515193026,5.707084805877229,0.9053598160304861,25.03217164850659,55.44924210556209,47.22550173132095,80.70094939729516,27.02255660858434,15.218258142065757,0,0,0,0,0,222.90690586759413,18.307387207448688,4.637591574926636,28.386958699187222,3.4743664354549835,0,162.84496837817832,54.932667786908034
0,0,0,0,0,0,0,0,0,0,0,0,0,0,0,0,0,0,0,0,0,0,0,0,0,0,0,0,0,0,0,0,0,0,0,0,0,0,0,0,0,0.6477289941137897,0,0,0.11109419413085538,0,0,0,0,0,0,0,0.07275842717387161,0,0,0.40842834183631904,0,0.0970338440012418,0.570689823907429,0.9910056553513531,0,0.056134972573015175,0.2049393420276488,7.102769750989787,0.3871545696657675,6.299297747874894,3.17855081238765,52.92008369206481,46.107540340696495,0.7187384592490369,0.057800325566440394,0,1.2044200556328155,0,0.9072458125957279,120.86300044850145,7.888334967834215,11.2088528230749,9.16825116679446,5.971383585456465,162.84496837817832,0,30.756881564930545
0,3.6314023968992846,0.07935358874076584,0,0.8958381214423683,0,1.8340079820400055,21.88276090510499,0,54.01992718687433,10.86256912855064,0,0,0,0,35.104282365177106,0,9.296609511919318,0,1.3728978682350927,0,0,0,0,0,0.8599879213917826,0.06534651254269438,0.35030404129899606,0,0,0,0,0,0,412.2555670057153,94.37000952607623,30.4000529016889,150.4002299022752,1.2823580010794013,0.7952417665773812,24.476636814676795,0,0.21690496822850872,0,0,0.15788594717849186,0,0,13.08292549190314,0,29.849272785893078,6.101972654771533,0,0,0,0,34.844830689518886,1.5579944860273962,14.212041506824661,0,2.0548545037548793,0,0,0,0,0,0,0,0.09226001824272306,0,0,0,0,0,0,388.3571251808661,37.66945584425635,70.83221086068797,186.30540995882495,0,54.932667786908034,30.756881564930545,0
