0,129.65527068322262,5.1075172577121135,85.73378936655632,34.46586970174645,7.056074541924556,49.74331324035841,1.271834301884194,0,0.6155921908330263,0,0.9648961524279147,0.04809122314138617,0,0,1.0394458034269127,3.846071531711867,1.6147148560207947,1.9398148901091434,0.22017507596599786,0,0.150848695341517,5.134246108618726,4.977770987523259,1.758013669822464,0,1.6293575336258856,27.944122714757697,2.843752173419329,10.957491636435488,0,42.39763399344429,0,134.94841123152617,10.94390440142937,15.772661312396702,41.10365467528103,2.8162639013055224,5.7936449361105975,1.8086325711958844,1.8349687572567233,0.12132736154507774,0.0228930196901401,0,1.678540893968555,0,0,0.1087907930765241,0.26757030787884467,0,0,0,0.01922943399416447,0,0,0,0,0,0,0,0,0,0,0,0,0,0,0,0,0,0,0,0,0,0,0,0.1364405470271853,0,0,0,0,0,2.647822680641844
129.65527068322262,0,0.09104006558557602,0,94.94215623421755,8.415800275253112,61.84391000041707,2.706658075562101,0.02499781850296704,0.5731430034206048,0,0,0,0,0,0.632117568245001,3.931680419894421,0.4914791148777486,1.0689698415338702,0.0604188631277239,0,0,1.2885783696036344,1.8735687214897767,0.28271947179444895,0,0,0.2691326368318243,0.33634276442563216,3.4823962111966122,0.08414897098799255,8.078758058747376,0,19.35751896148068,37.03743158078785,44.26528683395157,35.337236491175354,6.662339408618719,0.574620647311878,1.7624205218386773,0.3124014522000963,0.13418505396206942,0.2349222551146787,0.07437903956188387,0.13701054639140864,0.08578602144186523,0,1.9924024704942054,2.15908589531701,0,0,0,0,0,0,0,0,0,0,0,0,0,0,0,0,0,0,0,0,0,0,0,0,0,0,0.06102685203954822,0.183673851969526,0,0,0,0,0,12.22035684570064
5.1075172577121135,0.09104006558557602,0,20.380554764915477,0,0,27.876627306811116,15.841900354681291,0,0,0,0,0,0,0,0,0,0,0,0,0,0,0,0,0,0,0,0.29401314026704545,0.022013308281436574,0.14874066332565927,0,0.16205715119323716,0,0,10.218668203105413,19.589500709502286,16.509509962114656,0.306760319984474,4.530201466203412,0,0,0.02261379249030242,0.03528011598638751,0.7449621854338654,4.488710556616416,0,0,3.01214655506265,7.182100605490085,0,0,0,0,0,0,0,0,0,0,0,0,0,0,0,0,0,0,0,0,0,0,0,0,0,0,0.021786342412230302,0.31024437328562676,0,0,0,0,0,0.8434148175015608
85.73378936655632,0,20.380554764915477,0,0,0,0.8227522999533335,92.03580978391095,0,0,0,111.0638067323414,4.111259625958359,3.29477437341416,1.0745875529616191,0,0,0,0,1.8624620206568547,0,0,0.02257402359669742,0.07222587132549,0.3387394127299483,0,2.0726833412813455,14.229295588991196,0.11852516616866961,0.4254510289793757,0,2.6906359532629436,0,0.26836310316676265,5.029494841105133,12.347858058753667,11.948563513119469,0.09588783974472119,9.300924386725171,0.2655344245706091,0.7078302393544151,7.129412379396462,0.21501597841005232,11.125296631014388,134.6019781680388,0,0,6.610051287834417,27.222439849684818,0,0,0,28.069179741399136,0.8463984521315008,0.3571292042533954,0.17468326946617374,0,0,0,0,0.6863685112221952,0,0,0,0,0,0,0,0.08276104367310855,0,0,0,0,0,0,0.15455484586933046,11.717195178019372,0.2118703977143476,0,1.5736437120017028,0,0,0.24333139246886015
34.46586970174645,94.94215623421755,0,0,0,131.114279603059,176.70251948732837,18.083963795078592,4.698097595450126,8.68591790745842,0,0,0,0,0,4.580132554620124,15.347435088771748,2.7090734249825488,7.798208831718457,0.33821862405116043,0,0,1.16607737618757,0.4455328467175536,0,0,0,0,0.5036082098851253,6.575094154986857,1.9664832749672752,11.014603722863889,0,73.79133672219058,39.44035707707027,29.275031055245247,34.14399364196493,6.6605562450500555,0,0.6615848847589453,0,0.03472832447681762,0.060596283862073816,0,0,0.19250822749339808,0.13375408893170046,5.523662456365926,8.080513696323086,0.11409495282018751,0,0,0,0,0,0,0,0,0,0,0,0,0,0,0,0,0,0,0,0,0,0,0,0,0,0.6121107675076193,0,0.030314729319832947,0,0,0,0,14.264298936840015
7.056074541924556,8.415800275253112,0,0,131.114279603059,0,74.18817728772699,34.83944384059767,69.49542269210542,159.25120241027068,0,0,0,0,0,10.900928017030619,18.61603489675086,2.5402281591660834,9.17988169843527,0,0,0,0,0,0,0,0,0,0.6912818008727349,5.340560107994978,1.2918862602252519,20.229596338921944,0,141.00251850740378,10.101428511892781,4.748892524553,15.771245044306,1.82058369862153,0,0,0,0,0,0,0,0.029863037397542487,0.8920488899015899,3.8564816301796427,14.137685437910928,3.7437467379982476,0.47198585976628077,0,0,0,0,0,0,0,0,0,0,0,0,0,0,0,0,0,0,0,0,0,0,0,0,0.5270244271558999,0.03366089488100284,0.06744740915833301,0,0,0,0,5.076456669912339
49.74331324035841,61.84391000041707,27.876627306811116,0.8227522999533335,176.70251948732837,74.18817728772699,0,195.0116920668692,112.34287843511028,20.66254565786274,0.027183812601135046,0,0.02544202552665043,0,0,3.6243802817347954,9.73016191211107,8.637741304488399,24.49119845895149,3.411804758425166,0,0.08686454099146622,5.121292662709026,2.9313704330559083,2.9014524060123374,0,0.055097772217827634,1.8357156593552066,10.401036588772921,15.895199074436835,3.6894085424456353,6.452646543491535,0,3.898051935449128,90.39156627767638,94.5144011039286,63.787972193331264,12.977128254250239,3.931977271706826,5.403736880700824,0.9902365771313975,0.4562619401115269,2.1494343525608173,1.214426686236032,2.3529575400504754,5.025611539291696,4.696965612322618,49.33680268124285,64.02384251453196,7.261711012116043,0.3949439351204201,0,0.06669855004870379,0.04397894108723263,0,0,0,0,0.020249632661324662,0,0.31669858875760726,0,0,0,0,0,0,0,0,0,0,0,0.036490897461078906,0,0,11.570571437857504,4.479080139482338,3.8238472972986504,0.1473912971087725,0,0,0,27.429414084374123
1.271834301884194,2.706658075562101,15.841900354681291,92.03580978391095,18.083963795078592,34.83944384059767,195.0116920668692,0,193.82716729439682,80.06372140028685,74.15775446790697,112.40799230069612,151.22769407789784,92.3036521118915,23.251728651869374,6.637731667381877,7.1374544057905185,12.343666144233442,10.967897218494379,59.45673165300553,1.4216152399439492,0.019414126874274466,3.941244362042543,1.8259613744490086,2.158540315661228,0.5262647381943223,0.9364920376602714,0.6593950462301902,2.743211332963271,6.65244423828755,0.43386893494104356,9.153366182936463,0,9.621122295507785,141.94183713138216,67.29015524287732,107.97519824971404,32.21585071215196,0.8679549545779204,5.9921275961644875,0.48320758881064896,1.873444579813503,3.3613184994330823,6.913077094698165,21.73698737985179,7.988848240837196,14.828581377496583,68.2222748431063,368.35464025325035,34.478631682058946,29.287427343938823,10.684299391790924,26.810744088013077,20.021153030227854,12.555454817714692,4.518761888793143,1.2188444736474875,0,1.5650057330487606,0.5762355118206677,17.15783322156413,0,0,0.39517472807898174,0,0,0,0,0,0.07475825733296074,0.13119669577833115,0,0.45329290439706055,0,1.601545726996109,34.57036286575015,16.350211877732377,18.1537259648183,7.178707542730269,0.042998758775565575,0.44753614943420805,0,67.13285389038576
0,0.02499781850296704,0,0,4.698097595450126,69.49542269210542,112.34287843511028,193.82716729439682,0,173.10859142974397,0,0,0,0,0,3.5221843552982217,3.794412371027737,11.141716497214603,26.78204523228102,0,0,0,1.1343720819657679,0,0.4270348739794342,0,0,0,6.540133276943004,4.993203630894242,0.373941844732577,0.16719327677400603,0,0.023404467401609362,6.788534608500809,2.7402874591788597,4.3605960087085895,0.6976678150875831,0,0,0,0,0,0,0,0,2.727482286934396,4.080750352166981,32.866169283556474,13.485129567227803,9.06775026573821,0.17411340407027082,0,0,0.06010213771475926,0,0,0,0,0,0,0,0,0,0,0,0,0,0,0,0,0,0,0,0,0.5891121855034248,0.2648815797110229,0.21047536082734597,0,0,0,0,5.116126790903231
0.6155921908330263,0.5731430034206048,0,0,8.68591790745842,159.25120241027068,20.66254565786274,80.06372140028685,173.10859142974397,0,16.085622332396294,0,0,0,0,258.80712407803253,30.049976526417094,16.253805233322048,13.962719974103281,0.4555658962835765,0,0,0.19193852547379917,0,0.04164461410046086,0,0,0,1.669888553247014,4.554717542106768,0.42128148791528364,35.54943051168484,4.617645615961926,94.33399685481517,45.09979648311808,18.65445986938406,58.13843403339116,33.55972102603349,0,0.05012314526627442,0.024077389819256823,0,0,0,0,0,0.4149920926177562,0.13411400404223,27.405741369335406,5.2612185299555865,32.17562333491284,18.002615755169845,0,0,1.055993219465973,0,5.604042654408894,0.5442138990863233,0.10839537440138573,0,0.7035949031634083,0,0,0,0,0,0,0,0,0,0,0,0,0,0.047487779143557,2.2146135119041412,1.0466410755466964,2.779080469343371,0.21034509745357577,0,0.029308047794089766,0,55.89152906534643
0,0,0,0,0,0,0.027183812601135046,74.15775446790697,0,16.085622332396294,0,0,3.7404130358114975,124.60953470813153,0.20079567793323497,12.695725379965552,4.095746770725194,6.273672417432216,0.020511861566198313,91.51654473164055,0,0,0,0,0,0,0,0,0,0.15315602737202286,0,3.23742874645892,0,0.15004034227512597,18.11929092239825,4.562098469045002,9.467689756686404,2.3615903229503488,0,0,0,0,0,0,0,0,0,0,17.224341435717015,0,18.657334421842762,38.27549759883626,0,0,9.521282565399433,0,9.62196041812065,2.8082825151829445,2.984085108776279,0.08530035330133447,13.157879123884285,0,0,0,0,0,0,0,0,0,0.040258165270806584,0,0.8140655214880244,0,0.045823151576099,3.009918734013706,0.6921735200935606,1.5156160251070656,0.19113032347791115,0,0,0,17.647873927992812
0.9648961524279147,0,0,111.0638067323414,0,0,0,112.40799230069612,0,0,0,0,55.36427392912672,27.305213323609426,14.719791344032616,0,0,0,0,16.184055968922817,0.14871658983196695,0,0,0,0.01948392984576462,0,0.1422001657972188,1.1731455633241912,0,0,0,0,0,0,0.12846890976076053,0,0.4420351552350617,0,0.29035233587738724,0.13448672541749163,0.020850878182537478,0.39385722806932155,0,0.01740837163125947,28.239872998065618,0,0,0.34159714131719804,20.722578321049273,0,0,0,72.51875360183367,7.990321044744634,2.256098752628495,1.0257633134564255,0,0,0,0,3.3634061177019574,0,0,0,0,0,0,0,0,0,0,0,0,0,0,0.020559998203599557,0.45196217884929185,0,0,0.17679141283037755,0,0,0
0.04809122314138617,0,0,4.111259625958359,0,0,0.02544202552665043,151.22769407789784,0,0,3.7404130358114975,55.36427392912672,0,82.24835154231869,27.32916709927156,0,0,0,0,37.041257027516224,0.6086473134340761,0,0,0.03199866049016439,0.03746692076342228,0.09678983821760845,0.18345650668762536,0.026781346787126216,0,0,0,0,0,0,1.0151734851086796,0,0.48926222195869773,0,0.043621665287519255,0.7666045061713496,0,0,0,0,0.5932192285040292,0,0,0.17003234164051853,25.480648411535608,0,0,0,19.416105146289496,48.09590658753929,10.2479812419606,2.1496553187823166,0,0,0,0,7.871609807281713,0,0,0,0,0,0,0,0,0,0,0,0,0,0,0.3343522963246127,0,0.03014420355065299,0,0,0,0,0.02423303304459229
0,0,0,3.29477437341416,0,0,0,92.3036521118915,0,0,124.60953470813153,27.305213323609426,82.24835154231869,0,65.38876240558176,0.03658306283323251,0.08902645986882546,0,0,97.34530560059326,1.3609913704282024,0,0,0.05352773299406326,0,0.13495532161238477,0.225630200733898,0,0,0,0,0.11045128383600962,0,0,1.381974893825408,0.026848121604040112,0.4894464816123632,0,0.03220566567592992,1.776428258109766,0,0,0,0,0.1810896266708926,0,0,0,14.867167904152977,0,1.0631234907386435,6.416003814847915,7.264102482300581,16.17734761970606,70.33421384747498,10.659553008113287,0.41559100588218056,0,0.05377573632140794,0,18.567524660798384,0,0,0,0,0,0,0,0,0,0,0,0,0,0,0.183474592580327,0,0.061840823467944436,0,0,0,0,0.2666775161762776
0,0,0,1.0745875529616191,0,0,0,23.251728651869374,0,0,0.20079567793323497,14.719791344032616,27.32916709927156,65.38876240558176,0,0,0.2967943230659875,1.0641721595198272,0.13097809014995115,209.89158534015706,9.421068533207185,6.030595986664016,0,59.816557728131016,2.6293987828601213,10.267220179049769,6.482645901097139,0,0.02903088247462882,0.09582834638600606,0,0.7104082670142129,0,0,7.336246673334954,0,0.9034453891695953,0,0,14.496473672816812,0.02587106635310931,0,0,0,0,0,0,0,3.9981761828532467,0,0,0,2.6127861173994633,2.9156442630586596,15.811303396475326,40.85694783676345,0,0.04040051747057555,0.4196961568025946,0,25.039129956632106,0.07086251161843225,0,0,0,0,0,0,0,0,0,0,0.030941310229448495,0,0,0.031601536064673925,0,0,0,0,0,0,0.8348122390475988
1.0394458034269127,0.632117568245001,0,0,4.580132554620124,10.900928017030619,3.6243802817347954,6.637731667381877,3.5221843552982217,258.80712407803253,12.695725379965552,0,0,0.03658306283323251,0,0,245.28925105678306,71.65735573156884,12.803253843474664,4.989629800946608,0,0,0.03681899612108471,0,0,0,0,0.40328734291165486,1.9715462383142535,5.0899553528205965,0.3551696014572102,51.192586828834315,22.88392509151553,111.18627341932002,34.519814988175725,8.835025798890946,56.57113540789834,27.510394760776677,0,0.028138590480552516,0,0,0,0,0,0,0,0,0.15090942938769122,0,1.5124067619363648,5.9077731770353825,0,0,0.2692506983907399,0,8.206895833154041,5.25320500357186,3.7133857029702266,0.08363828800191075,7.021396601538319,0,0,0,0,0,0,0,0,0,0.01835765240809728,0,1.5731768739412348,0,0.021938520294256487,0.5684620352537205,0,0.022715274125007134,0,0,0,0,40.521409462431684
3.846071531711867,3.931680419894421,0,0,15.347435088771748,18.61603489675086,9.73016191211107,7.1374544057905185,3.794412371027737,30.049976526417094,4.095746770725194,0,0,0.08902645986882546,0.2967943230659875,245.28925105678306,0,75.36515619386513,196.1931670704119,19.080016970959054,0,0,0.28086541205493853,0,0.24253372884712565,0,0,0.5917798448963136,11.498102579408217,68.64108273945492,77.29986176206069,221.35106819737672,50.5559759117239,95.02044882036749,15.820137106432087,2.6479474007466357,37.86140863906972,9.128893777529736,0,1.4170922198525835,0.12083660571387549,0,0,0,0,0,0,0,0.09006480409423283,0,0.11366147900649183,1.2235930907223433,0,0,0,0,5.983417751025564,2.9157671896993804,10.796795468086943,0.48331823322136186,9.740591417606401,0,0,0,0,0,0,0,0,0.026852120287005937,0.031368731358095606,0,1.0193295485805103,0,0.021875778534043627,2.4750519879894264,0.027520058827961158,0.16230488144977304,0.027628941417219284,0,0.07470151686575133,0,12.333773253645541
1.6147148560207947,0.4914791148777486,0,0,2.7090734249825488,2.5402281591660834,8.637741304488399,12.343666144233442,11.141716497214603,16.253805233322048,6.273672417432216,0,0,0,1.0641721595198272,71.65735573156884,75.36515619386513,0,334.6712252445165,102.87953510742724,16.094928189870306,3.1315048779602064,88.49793087968008,7.482649721350623,16.345543977255666,1.3134764506923302,0.45070785009717396,2.1344488537775117,15.132414902132476,16.196551191432352,0.6168637390022986,34.74865903589895,0.04590461512375592,12.988893915067752,54.70086391223509,7.973061938693326,40.87294237842512,17.31170917646736,0,12.768231642763931,3.509952045804657,0,0,0,0,0,0,0,1.0133879728902717,0,0,0.3329914114340007,0,0,0.07684928836504981,0.21247672450200494,1.6823849964030877,5.15213999884812,23.46548036251096,6.36835709150928,40.7147669670578,3.135161183060232,0.5092009741921998,7.994260406471607,0.6822409540325302,0.2763209623524911,0,0,0,2.4281785671013787,2.0702440799289312,0.039757435233417064,5.0826075013775505,0,0,10.68499481657078,0.03628735847043874,0.4231405174324428,0,0,1.6540708118734058,0,32.56153557181809
1.9398148901091434,1.0689698415338702,0,0,7.798208831718457,9.17988169843527,24.49119845895149,10.967897218494379,26.78204523228102,13.962719974103281,0.020511861566198313,0,0,0,0.13097809014995115,12.803253843474664,196.1931670704119,334.6712252445165,0,12.105567697624243,0,0,137.2517408561766,0.15876912903945276,26.709278112058854,0.7025452018977906,0.45680115757637074,2.1675187629345225,76.34024341184212,149.2817615312629,76.00057688055614,37.26192676647487,0,9.944067084275735,20.539643253625286,1.3630583199969264,32.01539259423643,12.985785648574419,0.035908696940931656,9.288074223538748,2.4119908786966615,0,0,0,0,0,0,0,0.5860564913494092,0,0.01890072793890675,0,0,0,0,0,0.03458023042779462,0.07295769938694925,5.947064969193622,1.2057382387654252,10.996431769214068,0.03495641924962746,0,0.8369314364318278,0,0,0,0,0,0.21062451810385927,0.0260974236364008,0,0.03532436465881091,0,0,1.708023098028227,0,0.05533018578161516,0,0,0.023963634984654165,0,14.075162080858897
0.22017507596599786,0.0604188631277239,0,1.8624620206568547,0.33821862405116043,0,3.411804758425166,59.45673165300553,0,0.4555658962835765,91.51654473164055,16.184055968922817,37.041257027516224,97.34530560059326,209.89158534015706,4.989629800946608,19.080016970959054,102.87953510742724,12.105567697624243,0,142.3052611553937,52.77293721936307,6.320414994176301,79.43450419488697,9.7029230567738,12.61050735664717,8.513959283013879,1.4876403531245461,6.824778752181804,11.622020671206052,0.5655222291663425,27.265080398386274,0,5.931219458303775,53.97733434019947,9.424996835989823,23.313261641183185,10.944052106850377,0,34.74504341290192,2.885266977282192,0,0,0,0.04760205783280093,0,0,0.08605018496716878,17.100195016495665,0,0.4144171012232523,7.766021432743661,5.729052058515228,8.678077778369005,23.734969751326723,26.41847443931744,6.538231084612732,7.039451491414473,38.43860707485887,9.036965363459435,177.0351613070941,11.750892846722952,5.481383361661566,12.321938841351955,6.011568968814212,2.1546334400989737,0.04576398570238063,0.027392342969845683,0,5.9764849687194515,4.153466382063042,0.0676143338296092,7.764986048893283,0,0.0858339379496277,22.26117631918956,0.9742386720038072,5.425261598326008,2.0733226970311684,0,7.956343867162455,0.2327868252284148,30.31687245896407
0,0,0,0,0,0,0,1.4216152399439492,0,0,0,0.14871658983196695,0.6086473134340761,1.3609913704282024,9.421068533207185,0,0,16.094928189870306,0,142.3052611553937,0,59.6818503679981,5.856403340552347,26.83440099099446,0.5580985184165143,0.7139828254968835,0,0,0,0.21526909275751804,0,2.0566363522265703,0,0,6.759517627626422,0,0.6064722823037114,0,0,6.213123341264555,0,0,0,0,0,0,0,0,0.029928741640866927,0,0,0,0,0,0.03553389803661347,0.33064510573351846,0,0,0.542178062023269,0,13.277107784211879,15.090330150678577,3.927796054139897,1.972811462687795,2.009315648189218,0,0,0,0,0,0,0,0,0,0,0.26567077716881343,0,0,0,0,0,0,0.20323370367420873
0.150848695341517,0,0,0,0,0,0.08686454099146622,0.019414126874274466,0,0,0,0,0,0,6.030595986664016,0,0,3.1315048779602064,0,52.77293721936307,59.6818503679981,0,6.921811741471285,82.63870519194391,2.213260470406896,1.9811187611718948,0,0.08070697006176349,0.12487893856179699,1.351964680218733,0,1.5655137087374817,0,0,5.317746199224355,0,0.7593835118172082,0,0,5.683079735907747,0.03414467083721603,0,0,0,0,0,0,0,0,0,0,0,0,0,0,0.021936290877464345,0,0,0.05095026433202917,0,3.282827957930307,9.321178538486818,6.417051782947984,1.2743091298626412,8.72870590247209,0.032664945483089645,0,0,0,0,0,0,0,0,0,0.0826395507109075,0,0,0,0,0,0,0.02621510194054308
5.134246108618726,1.2885783696036344,0,0.02257402359669742,1.16607737618757,0,5.121292662709026,3.941244362042543,1.1343720819657679,0.19193852547379917,0,0,0,0,0,0.03681899612108471,0.28086541205493853,88.49793087968008,137.2517408561766,6.320414994176301,5.856403340552347,6.921811741471285,0,47.88488815029922,112.66338051836794,8.068987069172266,1.1208399336899884,4.051096774564292,139.86902137092488,66.3110558303875,0.4128228569245026,30.18027587297078,0,5.696233875294397,21.894692275523543,0.3735635826354039,22.256284466193144,5.779873275667211,0,8.432097301375027,4.3783795075690595,0,0,0,0,0,0,0,0,0,0,0,0,0,0,0,0,0,1.542030883553136,0.14107948961936972,8.240081967315357,1.1589349106675717,0.9813474779060833,6.6981315177443035,1.2793590341581489,0.029244793716998917,0,0,0,0,0,0,0,0,0,1.5787372438694909,0,0,0,0,0.22689307281812612,0,9.030268857818745
4.977770987523259,1.8735687214897767,0,0.07222587132549,0.4455328467175536,0,2.9313704330559083,1.8259613744490086,0,0,0,0,0.03199866049016439,0.05352773299406326,59.816557728131016,0,0,7.482649721350623,0.15876912903945276,79.43450419488697,26.83440099099446,82.63870519194391,47.88488815029922,0,178.66349045195966,56.42422779807676,4.634926162581394,4.666751610496569,8.739718361182488,12.111083372065249,0,10.348277260200437,0,0.0892530625954432,16.005645876350474,0.09933670126647849,10.836167320011942,0,0,25.67603223125425,0.9291667718365616,0,0,0,0,0,0,0,0,0,0,0,0,0,0,0,0,0,0,0,3.2721130732111083,0.7740339774953167,1.0275322627091377,3.692455770667346,19.20731624410762,0.0847454186524219,0,0,0,0,0,0,0,0,0,0.7962152947045481,0,0,0,0,0.42187256498537506,0,4.2681394532994945
1.758013669822464,0.28271947179444895,0,0.3387394127299483,0,0,2.9014524060123374,2.158540315661228,0.4270348739794342,0.04164461410046086,0,0.01948392984576462,0.03746692076342228,0,2.6293987828601213,0,0.24253372884712565,16.345543977255666,26.709278112058854,9.7029230567738,0.5580985184165143,2.213260470406896,112.66338051836794,178.66349045195966,0,192.19382874949534,117.73776982167492,22.530007865378405,360.7321093039016,16.337085325046143,0.027097711998678154,8.661423087902957,0,0,30.1495733367485,2.4776730457107807,10.785010714178535,1.7085670144321201,0.13646277236882026,66.46109747828982,15.74329421690363,0,0,0,0,0,0,0,0,0,0,0,0,0,0,0,0,0,0.08488495964663127,0.05495858605920256,2.2186975001515203,0.02427321846214846,0,0.411909064685866,0.03338772797214518,0,0,0,0,0,0,0,0,0,0,0.14137924108077662,0,0,0,0,0.19818162852461302,0,8.588368333414255
0,0,0,0,0,0,0,0.5262647381943223,0,0,0,0,0.09678983821760845,0.13495532161238477,10.267220179049769,0,0,1.3134764506923302,0.7025452018977906,12.61050735664717,0.7139828254968835,1.9811187611718948,8.068987069172266,56.42422779807676,192.19382874949534,0,57.884866721819776,1.0069485112030039,6.385868467290809,0.28206444303638595,0,0.17222520924050908,0,0,3.365094487273378,0,0.14600227705781602,0,0,45.67767711516353,2.0153620719801566,0,0,0,0,0,0,0,0,0,0,0,0,0,0,0,0,0,0,0,0.017448570719511964,0,0,0,0,0,0,0,0,0,0,0,0,0,0,0,0,0,0,0,0,0,3.984780658719913
1.6293575336258856,0,0,2.0726833412813455,0,0,0.055097772217827634,0.9364920376602714,0,0,0,0.1422001657972188,0.18345650668762536,0.225630200733898,6.482645901097139,0,0,0.45070785009717396,0.45680115757637074,8.513959283013879,0,0,1.1208399336899884,4.634926162581394,117.73776982167492,57.884866721819776,0,34.98587275189359,4.203882687305535,0.2463711636308394,0,0.14821165551355867,0,0.2387461512550811,34.06097014735435,2.5748375307480735,4.725451134449153,3.0154350316269065,0.31568879483666695,110.87694730769155,83.30693261796529,0,0,0,0,0,0,0,0,0,0,0,0,0,0,0,0,0,0,0,0,0,0,0,0,0,0,0,0,0,0,0,0,0,0,0,0,0,0,0,0,0,6.891684310864051
27.944122714757697,0.2691326368318243,0.29401314026704545,14.229295588991196,0,0,1.8357156593552066,0.6593950462301902,0,0,0,1.1731455633241912,0.026781346787126216,0,0,0.40328734291165486,0.5917798448963136,2.1344488537775117,2.1675187629345225,1.4876403531245461,0,0.08070697006176349,4.051096774564292,4.666751610496569,22.530007865378405,1.0069485112030039,34.98587275189359,0,39.53579901995605,46.572499487267294,0,56.69998984110895,0,10.087406581941384,30.88988110136798,4.531841904221979,25.360118886021155,7.198435429990172,3.5471621812651355,19.92410927799482,45.43046506097571,0.050486729522160975,0,0,0.7873787694873601,0,0,0,0,0,0,0,0,0,0,0,0,0,0,0,0,0,0,0,0,0,0,0,0,0,0,0,0,0,0,0,0.10648903035005611,0,0,0,0,0,5.458581225260324
2.843752173419329,0.33634276442563216,0.022013308281436574,0.11852516616866961,0.5036082098851253,0.6912818008727349,10.401036588772921,2.743211332963271,6.540133276943004,1.669888553247014,0,0,0,0,0.02903088247462882,1.9715462383142535,11.498102579408217,15.132414902132476,76.34024341184212,6.824778752181804,0,0.12487893856179699,139.86902137092488,8.739718361182488,360.7321093039016,6.385868467290809,4.203882687305535,39.53579901995605,0,422.9281085765121,10.377645811985525,14.458312966313851,0,1.3584718703779801,23.687467465852055,1.8620009082706441,16.532761627261017,6.455471169882597,0.181443829444389,24.465843390150358,5.1842496812191055,0,0,0,0,0,0,0,0,0,0,0,0,0,0,0,0,0,1.1077891354817277,0.038412119765363545,4.321570572926423,0,0,0.26161108796603433,0,0,0,0,0,0.022160925257806243,0,0,0,0,0,0.01811893608137975,0,0.04194045476428719,0,0,0,0,7.067808022306404
10.957491636435488,3.4823962111966122,0.14874066332565927,0.4254510289793757,6.575094154986857,5.340560107994978,15.895199074436835,6.65244423828755,4.993203630894242,4.554717542106768,0.15315602737202286,0,0,0,0.09582834638600606,5.0899553528205965,68.64108273945492,16.196551191432352,149.2817615312629,11.622020671206052,0.21526909275751804,1.351964680218733,66.3110558303875,12.111083372065249,16.337085325046143,0.28206444303638595,0.2463711636308394,46.572499487267294,422.9281085765121,0,200.30720027382318,431.62056914559344,0,12.07006447420494,21.478660450105966,1.757141260066783,27.915643681655254,10.319084478971824,0.13173466221079796,14.267484452844576,2.162956157960737,0,0,0,0,0,0,0,0.024754986860210274,0,0,0,0,0,0,0,0.19486639561727023,0.05539291667595738,3.5642162305027574,0,5.245490172815734,0,0,0,0,0,0,0,0,0,0,0,0,0,0,0.4845300581229431,0,0,0,0,0,0,10.14938006257842
0,0.08414897098799255,0,0,1.9664832749672752,1.2918862602252519,3.6894085424456353,0.43386893494104356,0.373941844732577,0.42128148791528364,0,0,0,0,0,0.3551696014572102,77.29986176206069,0.6168637390022986,76.00057688055614,0.5655222291663425,0,0,0.4128228569245026,0,0.027097711998678154,0,0,0,10.377645811985525,200.30720027382318,0,105.96009313027965,0,2.0081726623851557,0.4158552215087559,0,6.1341114569129465,0.8541719178100301,0,0,0,0,0,0,0,0,0,0,0,0,0,0,0,0,0,0,0,0,0,0,0.04522764085234586,0,0,0,0,0,0,0,0,0,0,0,0,0,0,0,0,0,0,0,0,0,0.5357339290172478
42.39763399344429,8.078758058747376,0.16205715119323716,2.6906359532629436,11.014603722863889,20.229596338921944,6.452646543491535,9.153366182936463,0.16719327677400603,35.54943051168484,3.23742874645892,0,0,0.11045128383600962,0.7104082670142129,51.192586828834315,221.35106819737672,34.74865903589895,37.26192676647487,27.265080398386274,2.0566363522265703,1.5655137087374817,30.18027587297078,10.348277260200437,8.661423087902957,0.17222520924050908,0.14821165551355867,56.69998984110895,14.458312966313851,431.62056914559344,105.96009313027965,0,77.55164881180677,164.6497310535213,20.20278663216482,3.7535271011302926,55.312151105243736,8.299773900287674,0,8.635932348525246,3.0621730033765346,0,0,0,0,0,0,0,0.10701040417693491,0,0,0.22035858466361535,0,0,0,0,2.6497993982494235,1.075040905623057,11.092649323825427,0.23962258545887327,12.066754456748438,0,0,0,0,0,0,0,0,0.020107401616584746,0.021306663605693173,0,0.4677317528338205,0,0,2.861139895144481,0,0.1549749000789333,0.0696754470633289,0,0,0,11.215463008999556
0,0,0,0,0,0,0,0,0,4.617645615961926,0,0,0,0,0,22.88392509151553,50.5559759117239,0.04590461512375592,0,0,0,0,0,0,0,0,0,0,0,0,0,77.55164881180677,0,60.98792656138131,0,0.022699786984839224,4.035031186327671,0,0,0,0,0,0,0,0,0,0,0,0,0,0,0,0,0,0,0,0,0,0,0,0,0,0,0,0,0,0,0,0,0,0,0,0,0,0,0,0,0,0,0,0,0,0
134.94841123152617,19.35751896148068,0,0.26836310316676265,73.79133672219058,141.00251850740378,3.898051935449128,9.621122295507785,0.023404467401609362,94.33399685481517,0.15004034227512597,0,0,0,0,111.18627341932002,95.02044882036749,12.988893915067752,9.944067084275735,5.931219458303775,0,0,5.696233875294397,0.0892530625954432,0,0,0.2387461512550811,10.087406581941384,1.3584718703779801,12.07006447420494,2.0081726623851557,164.6497310535213,60.98792656138131,0,4.119757916151748,1.1532170788785654,75.06770923319611,0.4887351376911515,0,0,0.2524649874543959,0,0,0,0,0,0,0,0.2842829159336506,0.024479096476860016,0.023425542125974787,0,0,0,0,0,0.01777232984346169,0,0.030955724269278676,0,0.17240575977206618,0,0,0,0,0,0,0,0,0,0,0,0,0,0,0.0416056670918268,0,0,0,0,0,0,0.9037211935227577
10.94390440142937,37.03743158078785,10.218668203105413,5.029494841105133,39.44035707707027,10.101428511892781,90.39156627767638,141.94183713138216,6.788534608500809,45.09979648311808,18.11929092239825,0.12846890976076053,1.0151734851086796,1.381974893825408,7.336246673334954,34.519814988175725,15.820137106432087,54.70086391223509,20.539643253625286,53.97733434019947,6.759517627626422,5.317746199224355,21.894692275523543,16.005645876350474,30.1495733367485,3.365094487273378,34.06097014735435,30.88988110136798,23.687467465852055,21.478660450105966,0.4158552215087559,20.20278663216482,0,4.119757916151748,0,340.46762934243594,45.19167567843321,38.99608320422503,26.451640231218356,219.62892119686384,115.39312753468725,0,0.10175374629852588,0,0.05235515564881902,0.5835751361009802,0.5355044691333435,11.378408238977869,35.75167223468488,1.7322330646523338,2.9816929659015425,1.7163221814910659,0,0.12492001558494363,0.16787012337540555,0.03063947042055039,0.36559945367048785,1.081766758648682,10.045148349174497,1.9187360967701135,21.20643167296049,0.34559169514312466,0.03778273623520225,3.7738867161534624,1.2776685513565473,0.34333787885120787,0,0,0,0.15423373596176135,0.12859390221097736,0,0.9716941402915018,0,0.039438325687526005,45.55131751672141,2.0946545127907052,4.672497738506852,1.414105135046863,0,8.114458620149321,1.1417173791073199,412.2555670057153
15.772661312396702,44.26528683395157,19.589500709502286,12.347858058753667,29.275031055245247,4.748892524553,94.5144011039286,67.29015524287732,2.7402874591788597,18.65445986938406,4.562098469045002,0,0,0.026848121604040112,0,8.835025798890946,2.6479474007466357,7.973061938693326,1.3630583199969264,9.424996835989823,0,0,0.3735635826354039,0.09933670126647849,2.4776730457107807,0,2.5748375307480735,4.531841904221979,1.8620009082706441,1.757141260066783,0,3.7535271011302926,0.022699786984839224,1.1532170788785654,340.46762934243594,0,81.11023888669267,34.779906423322025,60.70264304512128,18.651590528213504,12.91528943062846,0.021254621151033416,0.18054546464139745,0.021813530754307107,1.5566766554482379,0.2289790812034062,0,5.495471258838906,16.060899522415163,0.13247397802415953,0.8517606586339891,0.8427431584392426,0.017171560947363995,0,0.11343245853607677,0,0.06092902285362193,0.018843984579390436,0.021644178876256588,0,1.4719460604589991,0,0,0,0,0,0,0,0,0,0,0,0,0,0,7.824860813466374,1.1819686494076145,1.1173356425526855,0.14945916197995668,0,0,0,94.37000952607623
41.10365467528103,35.337236491175354,16.509509962114656,11.948563513119469,34.14399364196493,15.771245044306,63.787972193331264,107.97519824971404,4.3605960087085895,58.13843403339116,9.467689756686404,0.4420351552350617,0.48926222195869773,0.4894464816123632,0.9034453891695953,56.57113540789834,37.86140863906972,40.87294237842512,32.01539259423643,23.313261641183185,0.6064722823037114,0.7593835118172082,22.256284466193144,10.836167320011942,10.785010714178535,0.14600227705781602,4.725451134449153,25.360118886021155,16.532761627261017,27.915643681655254,6.1341114569129465,55.312151105243736,4.035031186327671,75.06770923319611,45.19167567843321,81.11023888669267,0,191.52749666810493,27.40124511460901,9.807359742255828,14.727663015761415,0,0,0.01799788318229976,0.5094406670299109,0.02515552515791837,0.02447121855318448,3.641759313813638,17.895272952914933,0.13490137817353007,2.826026154064541,0.6929016885620749,0.039878466344032235,0,0,0,0.14481789229088865,0.06703593550771562,2.4740174506742787,0.11995355938465527,10.266123204590258,0,0,0.0370509233865885,0,0,0,0,0,0.01891132613654723,0.017670259700763812,0,0.0191304205965941,0,0,4.158615292332053,0.5239925558842337,1.9782596798763687,0.053201166028213794,0,0,0,44.77950210017455
2.8162639013055224,6.662339408618719,0.306760319984474,0.09588783974472119,6.6605562450500555,1.82058369862153,12.977128254250239,32.21585071215196,0.6976678150875831,33.55972102603349,2.3615903229503488,0,0,0,0,27.510394760776677,9.128893777529736,17.31170917646736,12.985785648574419,10.944052106850377,0,0,5.779873275667211,0,1.7085670144321201,0,3.0154350316269065,7.198435429990172,6.455471169882597,10.319084478971824,0.8541719178100301,8.299773900287674,0,0.4887351376911515,38.99608320422503,34.779906423322025,191.52749666810493,0,4.047882083991255,4.150502949153167,19.648895788423278,0,0,0,0,0,0,0.07416167430539092,5.320169362004369,0,0.22066609873591453,0.12293906911111668,0,0,0,0,0.0181764871439164,0.021578244719869924,0.03251407502180772,0,3.7322399092679936,0,0,0,0,0,0,0,0,0,0,0,0,0,0,2.159509268566216,0.02808908541828464,0.4210116084786623,0.06490589021764635,0,0,0,150.4002299022752
5.7936449361105975,0.574620647311878,4.530201466203412,9.300924386725171,0,0,3.931977271706826,0.8679549545779204,0,0,0,0.29035233587738724,0.043621665287519255,0.03220566567592992,0,0,0,0,0.035908696940931656,0,0,0,0,0,0.13646277236882026,0,0.31568879483666695,3.5471621812651355,0.181443829444389,0.13173466221079796,0,0,0,0,26.451640231218356,60.70264304512128,27.40124511460901,4.047882083991255,0,1.9619644456079939,6.050718262836646,0,0,0,0.2466532508888676,0,0,0,0,0,0,0,0,0,0,0,0,0,0,0,0,0,0,0,0,0,0,0,0,0,0,0,0,0,0,0.07274761899413376,0.01826930987062009,0.48553557901407124,0,0.025938228100726102,0,0,2.403347746993008
1.8086325711958844,1.7624205218386773,0,0.2655344245706091,0.6615848847589453,0,5.403736880700824,5.9921275961644875,0,0.05012314526627442,0,0.13448672541749163,0.7666045061713496,1.776428258109766,14.496473672816812,0.028138590480552516,1.4170922198525835,12.768231642763931,9.288074223538748,34.74504341290192,6.213123341264555,5.683079735907747,8.432097301375027,25.67603223125425,66.46109747828982,45.67767711516353,110.87694730769155,19.92410927799482,24.465843390150358,14.267484452844576,0,8.635932348525246,0,0,219.62892119686384,18.651590528213504,9.807359742255828,4.150502949153167,1.9619644456079939,0,151.2212602214816,0,0,0,0,0,0,0,0.14490366099527205,0,0,0,0,0,0,0,0,0.0784287420111394,3.5904653580368002,0.20252009884158245,11.31259994216416,0.2479053346718759,0.28093930859789656,1.2073350218557213,2.5149654455994988,0.3634091090634924,0,0,0,0.06611338373610284,0,0,0,0,0,8.462223462341512,0,0.08753334564900031,0,0,7.227787774556632,0,17.09629472877566
1.8349687572567233,0.3124014522000963,0,0.7078302393544151,0,0,0.9902365771313975,0.48320758881064896,0,0.024077389819256823,0,0.020850878182537478,0,0,0.02587106635310931,0,0.12083660571387549,3.509952045804657,2.4119908786966615,2.885266977282192,0,0.03414467083721603,4.3783795075690595,0.9291667718365616,15.74329421690363,2.0153620719801566,83.30693261796529,45.43046506097571,5.1842496812191055,2.162956157960737,0,3.0621730033765346,0,0.2524649874543959,115.39312753468725,12.91528943062846,14.727663015761415,19.648895788423278,6.050718262836646,151.2212602214816,0,0,0,0,0,0,0,0,0,0,0,0,0,0,0,0,0,0,0,0,0.3728764128531291,0,0,0,0,0,0,0,0,0,0,0,0,0,0,0.9317445059362519,0,0,0,0,0,0,26.1904074457182
0.12132736154507774,0.13418505396206942,0.02261379249030242,7.129412379396462,0.03472832447681762,0,0.4562619401115269,1.873444579813503,0,0,0,0.39385722806932155,0,0,0,0,0,0,0,0,0,0,0,0,0,0,0,0.050486729522160975,0,0,0,0,0,0,0,0.021254621151033416,0,0,0,0,0,0,142.83072124498972,5.1488527775821336,90.0991507150697,50.21393969453979,11.882986857646442,47.83227928171944,5.074998570577526,0,0.486748235892898,0,0.9976027526368088,0,0.028080564710856765,0,0.19866578771706356,0.4099795999947035,0.7026697665857855,0.8046895631695238,0.2320990130326645,0,0,7.776704253549203,2.993904412095806,0.7779034988185988,0,1.9959949770326533,21.551959775203013,3.1192073171367922,7.082684919769269,0.07131067356186283,39.402226156614184,0,133.96341506023296,22.267649486827064,22.784174653258134,38.03376667465577,4.478100333769399,8.306461956122133,0.4966617331280849,0.8407805194334234,5.038636978172258
0.0228930196901401,0.2349222551146787,0.03528011598638751,0.21501597841005232,0.060596283862073816,0,2.1494343525608173,3.3613184994330823,0,0,0,0,0,0,0,0,0,0,0,0,0,0,0,0,0,0,0,0,0,0,0,0,0,0,0.10175374629852588,0.18054546464139745,0,0,0,0,0,142.83072124498972,0,0,0,80.52092404084127,6.970338750395268,45.207528931579375,2.929246088711141,0,0.02145402694714284,0,0,0,0,0,0,0.04149892714001215,0.021981633763949716,0,0,0,0,1.2992693012742782,0.13120028840012368,0.06502694237092767,0,0,0.07048581352917711,0.21441153906421523,2.4456746814624326,0.05888769319967925,9.042206552949693,0,13.397617012199445,31.177768376260836,30.64609347109284,22.15708328370788,4.614181412756019,0.03880602050024814,1.179630590167384,0,6.331997067356926
0,0.07437903956188387,0.7449621854338654,11.125296631014388,0,0,1.214426686236032,6.913077094698165,0,0,0,0.01740837163125947,0,0,0,0,0,0,0,0,0,0,0,0,0,0,0,0,0,0,0,0,0,0,0,0.021813530754307107,0.01799788318229976,0,0,0,0,5.1488527775821336,0,0,18.99814933661149,0,0,19.237377346683687,14.823897067064195,0,0,0,0,0,0,0,0,0,0,0,0,0,0,0,0,0,0,0,0,0,0,0,0.06640222782376347,0,0,6.7769576417547945,12.089028432734718,9.590878769823538,0.04892168234523945,0.9422627080013414,0,0,0.07101355891747879
1.678540893968555,0.13701054639140864,4.488710556616416,134.6019781680388,0,0,2.3529575400504754,21.73698737985179,0,0,0,28.239872998065618,0.5932192285040292,0.1810896266708926,0,0,0,0,0,0.04760205783280093,0,0,0,0,0,0,0,0.7873787694873601,0,0,0,0,0,0,0.05235515564881902,1.5566766554482379,0.5094406670299109,0,0.2466532508888676,0,0,90.0991507150697,0,18.99814933661149,0,0,0,0.2506228620546871,74.39967111836334,0,0,0,98.06138354247568,6.089449863117515,3.2333915566041203,1.0360515861396202,0,0,0,0,2.8758432204244673,0,0,0.048723219870392354,0,0,0,0,2.488545811734955,0.08352359198781104,0.08949391581903043,0,0.44853185591426353,0,0.12761117522206747,3.081479022789495,18.284377321561184,5.58342679039071,0,8.689515699922467,0.018457478706789706,0.08855806575687176,0
0,0.08578602144186523,0,0,0.19250822749339808,0.029863037397542487,5.025611539291696,7.988848240837196,0,0,0,0,0,0,0,0,0,0,0,0,0,0,0,0,0,0,0,0,0,0,0,0,0,0,0.5835751361009802,0.2289790812034062,0.02515552515791837,0,0,0,0,50.21393969453979,80.52092404084127,0,0,0,132.66494875100912,139.51839606417533,13.689715979701573,3.0015164989338543,6.920769939801542,0,0,0,0,0,1.8333836356869224,4.797070344263324,1.0041885241108108,1.3322214999564945,0.31762444414445873,0,0,2.532240724127762,0,0.08379307424447331,0,0,0.0881653269491892,4.609850673468689,11.757271822238462,2.32287092440383,13.10135610723266,0,69.9804987085231,38.54657577207279,19.682250320183442,23.61783816914661,9.177272458350165,0,1.3309673606913612,0,10.414817122287904
0,0,0,0,0.13375408893170046,0.8920488899015899,4.696965612322618,14.828581377496583,2.727482286934396,0.4149920926177562,0,0,0,0,0,0,0,0,0,0,0,0,0,0,0,0,0,0,0,0,0,0,0,0,0.5355044691333435,0,0.02447121855318448,0,0,0,0,11.882986857646442,6.970338750395268,0,0,132.66494875100912,0,116.81519369849134,33.32523188894201,88.15849656430493,172.6192939865019,0,0,0,0,0,8.895644960423247,14.905522789799026,0.6661108145851169,5.313330993739051,0.03243441420980256,0,0,1.0551668959866443,0,0.1636417073640424,0,0,0,10.752040940486824,19.619843833390657,6.0979420105794295,24.239611985142187,0,149.80650697537573,15.453470728731427,12.746363721348612,11.276276793704541,3.175990001001765,0,0.11399997539498866,0,6.293915749524858
0.1087907930765241,1.9924024704942054,3.01214655506265,6.610051287834417,5.523662456365926,3.8564816301796427,49.33680268124285,68.2222748431063,4.080750352166981,0.13411400404223,0,0.34159714131719804,0.17003234164051853,0,0,0,0,0,0,0.08605018496716878,0,0,0,0,0,0,0,0,0,0,0,0,0,0,11.378408238977869,5.495471258838906,3.641759313813638,0.07416167430539092,0,0,0,47.83227928171944,45.207528931579375,19.237377346683687,0.2506228620546871,139.51839606417533,116.81519369849134,0,210.57925061848556,137.20775020984976,21.359505713783577,0,0.04299890582403451,0,0,0,3.4601247131832498,4.569013279970143,6.337486422203085,12.85433362778759,3.5778869366036155,0,0.021331645755906875,11.106888298115809,0.8365361336781237,3.379091707612647,0,0.030018979671606532,0.5734980947872332,17.71196477703897,20.02446007967863,3.156810395509158,9.664017092249448,0,8.290022220637479,69.38690522688427,70.37154686742826,47.16284310355449,12.222957872400155,1.6112687470122886,3.823051582447852,0.09449576900278224,19.292826037006673
0.26757030787884467,2.15908589531701,7.182100605490085,27.222439849684818,8.080513696323086,14.137685437910928,64.02384251453196,368.35464025325035,32.866169283556474,27.405741369335406,17.224341435717015,20.722578321049273,25.480648411535608,14.867167904152977,3.9981761828532467,0.15090942938769122,0.09006480409423283,1.0133879728902717,0.5860564913494092,17.100195016495665,0.029928741640866927,0,0,0,0,0,0,0,0,0.024754986860210274,0,0.10701040417693491,0,0.2842829159336506,35.75167223468488,16.060899522415163,17.895272952914933,5.320169362004369,0,0.14490366099527205,0,5.074998570577526,2.929246088711141,14.823897067064195,74.39967111836334,13.689715979701573,33.32523188894201,210.57925061848556,0,196.49062357890304,84.75104133727109,64.47643721961965,124.15111744934592,121.64666310280634,92.5731522725979,25.05860108874296,7.790469424968426,3.991588033887301,14.107502465553384,10.182829126149901,60.18837277397329,3.0628460244139166,0.20518490094917735,9.311963036829844,2.8003460093209958,1.0948269678538451,1.146700336173313,1.161540048666756,1.0596370087298848,2.8010419360010137,4.902956505276311,0,10.396252127239492,0,17.77452801895819,129.64431230872333,74.13319350269886,94.83557355555016,39.82321488323937,0.46254087913049946,8.783279808033132,0.4425521492885315,65.48443361953517
0,0,0,0,0.11409495282018751,3.7437467379982476,7.261711012116043,34.478631682058946,13.485129567227803,5.2612185299555865,0,0,0,0,0,0,0,0,0,0,0,0,0,0,0,0,0,0,0,0,0,0,0,0.024479096476860016,1.7322330646523338,0.13247397802415953,0.13490137817353007,0,0,0,0,0,0,0,0,3.0015164989338543,88.15849656430493,137.20775020984976,196.49062357890304,0,186.4562630116314,0,0,0,0,0,4.246275549805495,5.655753984769087,8.718004652179545,23.427437356097247,0,0,0,5.9156358946142165,0,2.085094427316979,0,0,0,14.87051669781582,12.245260877827286,1.426358247360949,0.731850656514099,0,0.41943179826410487,5.876799754558401,12.095774132725483,6.39432072617955,2.0227984212556165,0,0.02483193272911887,0,5.520799406469315
0,0,0,0,0,0.47198585976628077,0.3949439351204201,29.287427343938823,9.06775026573821,32.17562333491284,18.657334421842762,0,0,1.0631234907386435,0,1.5124067619363648,0.11366147900649183,0,0.01890072793890675,0.4144171012232523,0,0,0,0,0,0,0,0,0,0,0,0,0,0.023425542125974787,2.9816929659015425,0.8517606586339891,2.826026154064541,0.22066609873591453,0,0,0,0.486748235892898,0.02145402694714284,0,0,6.920769939801542,172.6192939865019,21.359505713783577,84.75104133727109,186.4562630116314,0,16.332314335866094,0,0,0.025926902223771395,0,259.10273754219435,34.678864380626614,13.674628665324295,14.584593035809998,0.3881031926615563,0,0,1.75727181914837,0,0.2420917416963331,0,0,0.044505467161178064,9.636976182840161,12.019568301583385,2.2674215390223567,47.22214962262969,10.434233995828658,129.55865862806266,39.00410042726705,34.33937270822186,45.26276312995321,27.5574662513168,0,7.017735804906384,0.0487315180976787,44.7227188738375
0,0,0,0,0,0,0,10.684299391790924,0.17411340407027082,18.002615755169845,38.27549759883626,0,0,6.416003814847915,0,5.9077731770353825,1.2235930907223433,0.3329914114340007,0,7.766021432743661,0,0,0,0,0,0,0,0,0,0,0,0.22035858466361535,0,0,1.7163221814910659,0.8427431584392426,0.6929016885620749,0.12293906911111668,0,0,0,0,0,0,0,0,0,0,64.47643721961965,0,16.332314335866094,0,0.030536849399538563,0.7406812852083854,89.48659470108723,0,12.234918261206191,0.6186957281590008,4.101572566414105,0,51.78255712908301,0,0,0,0,0,0,0,0,0,0,0,0.08769444307147141,0,0.05684717077383533,10.015893725626245,0.9851615643643766,4.74949601877178,0.7641812784757526,0,0,0,10.665050786888516
0.01922943399416447,0,0,28.069179741399136,0,0,0.06669855004870379,26.810744088013077,0,0,0,72.51875360183367,19.416105146289496,7.264102482300581,2.6127861173994633,0,0,0,0,5.729052058515228,0,0,0,0,0,0,0,0,0,0,0,0,0,0,0,0.017171560947363995,0.039878466344032235,0,0,0,0,0.9976027526368088,0,0,98.06138354247568,0,0,0.04299890582403451,124.15111744934592,0,0,0.030536849399538563,0,52.00791727876378,21.220353323854578,13.302932202649542,0,0,0,0,19.743638723454275,0.25108224668469464,0.036082914151941946,0,0.04382442207913727,0,0.04742790130230382,0.03474378961810138,0.3014400691259518,0,0,0,0,0,0,0.08914785483384834,0.7825980832662197,0.32281405856565804,0,5.22288962399213,0.05681873042260354,0.07275842717387161,0
0,0,0,0.8463984521315008,0,0,0.04397894108723263,20.021153030227854,0,0,0,7.990321044744634,48.09590658753929,16.17734761970606,2.9156442630586596,0,0,0,0,8.678077778369005,0,0,0,0,0,0,0,0,0,0,0,0,0,0,0.12492001558494363,0,0,0,0,0,0,0,0,0,6.089449863117515,0,0,0,121.64666310280634,0,0,0.7406812852083854,52.00791727876378,0,53.538432861349754,20.175055424067356,0,0,0,0,28.06086298518731,0.48204609178916596,0,0,0.06295474568251225,0,0.13312990179397374,0.03247210849736163,0,0,0,0,0,0,0,0.30878036262259584,0.10123686041102266,0.15035724327498087,0,2.0353378667207798,0.1353218722598526,0,0.02645348234067754
0,0,0,0.3571292042533954,0,0,0,12.555454817714692,0.06010213771475926,1.055993219465973,9.521282565399433,2.256098752628495,10.2479812419606,70.33421384747498,15.811303396475326,0.2692506983907399,0,0.07684928836504981,0,23.734969751326723,0.03553389803661347,0,0,0,0,0,0,0,0,0,0,0,0,0,0.16787012337540555,0.11343245853607677,0,0,0,0,0,0.028080564710856765,0,0,3.2333915566041203,0,0,0,92.5731522725979,0,0.025926902223771395,89.48659470108723,21.220353323854578,53.538432861349754,0,60.106606029592655,0.10804912026948574,0,0.24973943314010935,0,95.95302823125574,2.751301364898097,0.08424889128630408,0,0.1240994364310209,0,0.07646180948563962,0,0,0,0,0,0,0,0,0.46465771542809636,0.086239220441785,0.04472286911601664,0,0.7829480896969937,0.2544282991967125,0,0.1362041160301285
0,0,0,0.17468326946617374,0,0,0,4.518761888793143,0,0,0,1.0257633134564255,2.1496553187823166,10.659553008113287,40.85694783676345,0,0,0.21247672450200494,0,26.41847443931744,0.33064510573351846,0.021936290877464345,0,0,0,0,0,0,0,0,0,0,0,0,0.03063947042055039,0,0,0,0,0,0,0,0,0,1.0360515861396202,0,0,0,25.05860108874296,0,0,0,13.302932202649542,20.175055424067356,60.106606029592655,0,0,0.25009670768610187,1.8235490263498053,0.3623717419336996,199.54263816168455,12.75376449253346,10.974056511921173,0.28579940865347075,79.23681676388165,6.651108165984122,21.61713756060244,13.123217330917933,0.18338916719179688,0.2859631207230293,0.17708978389756105,0,0.7458385656941093,0,0,10.91569826237691,0.025538383985339246,1.2434102588154237,0.10426066276331367,0.05187138651768583,19.18844656092912,0.4880249173501758,2.3795673931303445
0,0,0,0,0,0,0,1.2188444736474875,0,5.604042654408894,9.62196041812065,0,0,0.41559100588218056,0,8.206895833154041,5.983417751025564,1.6823849964030877,0.03458023042779462,6.538231084612732,0,0,0,0,0,0,0,0,0,0.19486639561727023,0,2.6497993982494235,0,0.01777232984346169,0.36559945367048785,0.06092902285362193,0.14481789229088865,0.0181764871439164,0,0,0,0.19866578771706356,0,0,0,1.8333836356869224,8.895644960423247,3.4601247131832498,7.790469424968426,4.246275549805495,259.10273754219435,12.234918261206191,0,0,0.10804912026948574,0,0,241.38149379631028,89.22587796026352,8.669367063702662,2.1132551098723495,0,0,0.145313705626349,0,0.033083003490731455,0,0,0.5300603869704118,2.505992884216058,2.3155861765395396,0.05856142781359978,66.30426733297068,36.37164901747946,116.7613646165541,38.983778958886305,11.487533266304945,52.0364754341332,27.44511969971758,0,7.077390088440692,0.23195515345923942,41.80495824288356
0,0,0,0,0,0,0,0,0,0.5442138990863233,2.8082825151829445,0,0,0,0.04040051747057555,5.25320500357186,2.9157671896993804,5.15213999884812,0.07295769938694925,7.039451491414473,0,0,0,0,0,0,0,0,0,0.05539291667595738,0,1.075040905623057,0,0,1.081766758648682,0.018843984579390436,0.06703593550771562,0.021578244719869924,0,0.0784287420111394,0,0.4099795999947035,0.04149892714001215,0,0,4.797070344263324,14.905522789799026,4.569013279970143,3.991588033887301,5.655753984769087,34.678864380626614,0.6186957281590008,0,0,0,0.25009670768610187,241.38149379631028,0,99.95946119080662,212.25903098697583,11.177763380973005,0,0,2.2079231346556845,0,0.6290336800665662,0,0,0.4941109209252689,16.538773101178847,59.67685517976269,72.21729087649534,206.38536572481308,35.99864245662174,69.6766154870733,19.555758566697477,4.572506173192659,24.32466742069464,11.038080231382091,0,3.125995430969539,0.527432732218037,14.667136843064368
0,0,0,0,0,0,0.020249632661324662,1.5650057330487606,0,0.10839537440138573,2.984085108776279,0,0,0.05377573632140794,0.4196961568025946,3.7133857029702266,10.796795468086943,23.46548036251096,5.947064969193622,38.43860707485887,0.542178062023269,0.05095026433202917,1.542030883553136,0,0.08488495964663127,0,0,0,1.1077891354817277,3.5642162305027574,0,11.092649323825427,0,0.030955724269278676,10.045148349174497,0.021644178876256588,2.4740174506742787,0.03251407502180772,0,3.5904653580368002,0,0.7026697665857855,0.021981633763949716,0,0,1.0041885241108108,0.6661108145851169,6.337486422203085,14.107502465553384,8.718004652179545,13.674628665324295,4.101572566414105,0,0,0.24973943314010935,1.8235490263498053,89.22587796026352,99.95946119080662,0,317.8652656046962,112.25251040561831,20.672652875824646,3.9771240116258513,80.26489215771912,6.116590923832624,11.33013395222262,0.1219191152717042,0.12887453775408692,1.4597708965381642,14.5315015537943,13.757795029434913,1.3369457284316186,27.288307570687753,0.020765173056092583,11.252471317948993,56.24202037048137,5.1576185094230675,33.49367294618504,14.473640918946696,0,8.070184254826659,4.78621226700806,34.24828184561821
0,0,0,0,0,0,0,0.5762355118206677,0,0,0.08530035330133447,0,0,0,0,0.08363828800191075,0.48331823322136186,6.36835709150928,1.2057382387654252,9.036965363459435,0,0,0.14107948961936972,0,0.05495858605920256,0,0,0,0.038412119765363545,0,0,0.23962258545887327,0,0,1.9187360967701135,0,0.11995355938465527,0,0,0.20252009884158245,0,0.8046895631695238,0,0,0,1.3322214999564945,5.313330993739051,12.85433362778759,10.182829126149901,23.427437356097247,14.584593035809998,0,0,0,0,0.3623717419336996,8.669367063702662,212.25903098697583,317.8652656046962,0,23.975436700365115,0.7796950933092386,0,181.07937907344092,0.2556294454622053,23.29989845399759,0.5609941083463837,0.4057688672867817,2.107908900536188,73.30779591354145,120.40694124265713,105.5524748910621,33.223645882987434,0.021426507876355787,5.934205618530204,22.003064423599138,1.3931192779921586,21.508955853087922,8.738742552143373,0,5.408987653256632,4.078263468993357,13.64513962245265
0,0,0,0.6863685112221952,0,0,0.31669858875760726,17.15783322156413,0,0.7035949031634083,13.157879123884285,3.3634061177019574,7.871609807281713,18.567524660798384,25.039129956632106,7.021396601538319,9.740591417606401,40.7147669670578,10.996431769214068,177.0351613070941,13.277107784211879,3.282827957930307,8.240081967315357,3.2721130732111083,2.2186975001515203,0.017448570719511964,0,0,4.321570572926423,5.245490172815734,0.04522764085234586,12.066754456748438,0,0.17240575977206618,21.20643167296049,1.4719460604589991,10.266123204590258,3.7322399092679936,0,11.31259994216416,0.3728764128531291,0.2320990130326645,0,0,2.8758432204244673,0.31762444414445873,0.03243441420980256,3.5778869366036155,60.18837277397329,0,0.3881031926615563,51.78255712908301,19.743638723454275,28.06086298518731,95.95302823125574,199.54263816168455,2.1132551098723495,11.177763380973005,112.25251040561831,23.975436700365115,0,176.95081366217414,74.56739559977825,22.638367151220052,84.09719395605714,10.664775916122942,13.31712629744909,8.475532206662434,1.8113468913994837,11.197347548305451,10.102447234404952,1.2735978782804735,18.80151659637883,0,4.157527421818047,57.48146465541796,7.006509340788107,17.945839142779025,8.488059369382649,0.24296141550020256,20.240492419294018,4.092280401038476,31.634275220843325
0,0,0,0,0,0,0,0,0,0,0,0,0,0,0.07086251161843225,0,0,3.135161183060232,0.03495641924962746,11.750892846722952,15.090330150678577,9.321178538486818,1.1589349106675717,0.7740339774953167,0.02427321846214846,0,0,0,0,0,0,0,0,0,0.34559169514312466,0,0,0,0,0.2479053346718759,0,0,0,0,0,0,0,0,3.0628460244139166,0,0,0,0.25108224668469464,0.48204609178916596,2.751301364898097,12.75376449253346,0,0,20.672652875824646,0.7796950933092386,176.95081366217414,0,49.8295319159438,15.197789247983854,28.885276427746827,1.3023240616260177,0.7043424423068745,0.04768846147185124,0.022484366268292102,0.5608206132173172,0.6929343967312996,0,2.4420430618292635,0,0,12.232902603070045,0.04123759383280109,0.9096561811996231,0,0,3.8388810158055175,0.031950875838548484,2.3313680114479847
0,0,0,0,0,0,0,0,0,0,0,0,0,0,0,0,0,0.5092009741921998,0,5.481383361661566,3.927796054139897,6.417051782947984,0.9813474779060833,1.0275322627091377,0,0,0,0,0,0,0,0,0,0,0.03778273623520225,0,0,0,0,0.28093930859789656,0,0,0,0,0,0,0,0.021331645755906875,0.20518490094917735,0,0,0,0.036082914151941946,0,0.08424889128630408,10.974056511921173,0,0,3.9771240116258513,0,74.56739559977825,49.8295319159438,0,22.471726451183823,69.2982736185752,2.750358093384766,1.887860677401567,0.08858862972437737,0.026709429077842885,0.41108552377493857,0.7837793779964941,0,0.9036894316799309,0,0,7.968488296276672,0,0.1334355108164806,0,0,4.861764424279355,0,0.15847415456181274
0,0,0,0,0,0,0,0.39517472807898174,0,0,0,0,0,0,0,0,0,7.994260406471607,0.8369314364318278,12.321938841351955,1.972811462687795,1.2743091298626412,6.6981315177443035,3.692455770667346,0.411909064685866,0,0,0,0.26161108796603433,0,0,0,0,0,3.7738867161534624,0,0.0370509233865885,0,0,1.2073350218557213,0,7.776704253549203,1.2992693012742782,0,0.048723219870392354,2.532240724127762,1.0551668959866443,11.106888298115809,9.311963036829844,5.9156358946142165,1.75727181914837,0,0,0,0,0.28579940865347075,0.145313705626349,2.2079231346556845,80.26489215771912,181.07937907344092,22.638367151220052,15.197789247983854,22.471726451183823,0,56.054495594848675,111.4468355774817,4.369868337323138,2.0470197741223366,6.641708931808743,138.0036281959068,92.42833389616973,4.075229852834099,33.87167294186132,0,5.067647315478511,40.26119026255082,1.1906206496971727,21.877457861719172,2.297952595829231,0,8.633283767782554,8.709944553311438,14.721012407915223
0,0,0,0,0,0,0,0,0,0,0,0,0,0,0,0,0,0.6822409540325302,0,6.011568968814212,2.009315648189218,8.72870590247209,1.2793590341581489,19.20731624410762,0.03338772797214518,0,0,0,0,0,0,0,0,0,1.2776685513565473,0,0,0,0,2.5149654455994988,0,2.993904412095806,0.13120028840012368,0,0,0,0,0.8365361336781237,2.8003460093209958,0,0,0,0.04382442207913727,0.06295474568251225,0.1240994364310209,79.23681676388165,0,0,6.116590923832624,0.2556294454622053,84.09719395605714,28.885276427746827,69.2982736185752,56.054495594848675,0,196.29847664450912,57.29003048900599,10.837615497429212,4.422731387065926,11.320564249988074,8.376218493332614,0,7.709997974727312,0,0,17.997815499167803,0.2728516243225943,3.0460180441206255,0,0,25.071052738131396,1.344422807180702,4.075666437010094
0,0,0,0,0,0,0,0,0,0,0,0,0,0,0,0,0,0.2763209623524911,0,2.1546334400989737,0,0.032664945483089645,0.029244793716998917,0.0847454186524219,0,0,0,0,0,0,0,0,0,0,0.34333787885120787,0,0,0,0,0.3634091090634924,0,0.7779034988185988,0.06502694237092767,0,0,0.08379307424447331,0.1636417073640424,3.379091707612647,1.0948269678538451,2.085094427316979,0.2420917416963331,0,0,0,0,6.651108165984122,0.033083003490731455,0.6290336800665662,11.33013395222262,23.29989845399759,10.664775916122942,1.3023240616260177,2.750358093384766,111.4468355774817,196.29847664450912,0,174.96891929420502,121.45999369138599,31.4540901908958,369.0721409526733,14.474364262085581,0,6.871003274586756,0,0.12741981778669706,33.861576067566084,1.5033479479109657,5.623238859040296,0.09409059059931878,0,55.44924210556209,9.097352035979394,6.610833303758072
0,0,0,0,0,0,0,0,0,0,0,0,0,0,0,0,0,0,0,0.04576398570238063,0,0,0,0,0,0,0,0,0,0,0,0,0,0,0,0,0,0,0,0,0,0,0,0,0,0,0,0,1.146700336173313,0,0,0,0.04742790130230382,0.13312990179397374,0.07646180948563962,21.61713756060244,0,0,0.1219191152717042,0.5609941083463837,13.31712629744909,0.7043424423068745,1.887860677401567,4.369868337323138,57.29003048900599,174.96891929420502,0,83.40859852997913,5.071109933619329,6.006153740826767,0.02221131908734942,0,0,0,0,6.368791413660227,0,0,0,0,47.22550173132095,2.291988404049951,1.171730276441158
0,0,0,0,0,0,0,0,0,0,0,0,0,0,0,0,0,0,0,0.027392342969845683,0,0,0,0,0,0,0,0,0,0,0,0,0,0,0,0,0,0,0,0,0,1.9959949770326533,0,0,0,0,0,0.030018979671606532,1.161540048666756,0,0,0,0.03474378961810138,0.03247210849736163,0,13.123217330917933,0,0,0.12887453775408692,0.4057688672867817,8.475532206662434,0.04768846147185124,0.08858862972437737,2.0470197741223366,10.837615497429212,121.45999369138599,83.40859852997913,0,39.10475228674995,7.294757070738396,0,0,0.18562803438424508,0,2.8907290586752987,28.653304549588086,0.5987801592610581,1.2112645514889357,0,0.09036606134828244,80.70094939729516,52.92008369206481,2.845985634120331
0,0,0,0.08276104367310855,0,0,0,0,0,0,0,0,0,0,0,0,0,0,0,0,0,0,0,0,0,0,0,0,0,0,0,0,0,0,0,0,0,0,0,0,0,21.551959775203013,0.07048581352917711,0,2.488545811734955,0.0881653269491892,0,0.5734980947872332,1.0596370087298848,0,0.044505467161178064,0,0.3014400691259518,0,0,0.18338916719179688,0.5300603869704118,0.4941109209252689,1.4597708965381642,2.107908900536188,1.8113468913994837,0.022484366268292102,0.026709429077842885,6.641708931808743,4.422731387065926,31.4540901908958,5.071109933619329,39.10475228674995,0,47.7775574767948,42.03793312195321,0.029446691672108727,46.876539073407976,0,17.52661213621775,42.76563258483225,3.9185953009424814,10.539775517388877,0.5255187367273384,3.9259944021783033,26.93609002808655,46.107540340696495,6.432966436681866
0,0,0,0,0,0,0,0.07475825733296074,0,0,0,0,0,0,0,0,0.026852120287005937,2.4281785671013787,0.21062451810385927,5.9764849687194515,0,0,0,0,0,0,0,0,0.022160925257806243,0,0,0.020107401616584746,0,0,0.15423373596176135,0,0.01891132613654723,0,0,0.06611338373610284,0,3.1192073171367922,0.21441153906421523,0,0.08352359198781104,4.609850673468689,10.752040940486824,17.71196477703897,2.8010419360010137,14.87051669781582,9.636976182840161,0,0,0,0,0.2859631207230293,2.505992884216058,16.538773101178847,14.5315015537943,73.30779591354145,11.197347548305451,0.5608206132173172,0.41108552377493857,138.0036281959068,11.320564249988074,369.0721409526733,6.006153740826767,7.294757070738396,47.7775574767948,0,457.09684671341233,11.213312771031093,18.441439008929038,0,3.6865201852100205,32.55140364984486,1.9592446557314973,11.214302269672169,1.878729069133046,0.027736352293000855,20.276005913186953,3.1213314910709373,6.555202764673296
0,0,0,0,0,0,0,0.13119669577833115,0,0,0.040258165270806584,0,0,0,0,0.01835765240809728,0.031368731358095606,2.0702440799289312,0.0260974236364008,4.153466382063042,0,0,0,0,0,0,0,0,0,0,0,0.021306663605693173,0,0,0.12859390221097736,0,0.017670259700763812,0,0,0,0,7.082684919769269,2.4456746814624326,0,0.08949391581903043,11.757271822238462,19.619843833390657,20.02446007967863,4.902956505276311,12.245260877827286,12.019568301583385,0,0,0,0,0.17708978389756105,2.3155861765395396,59.67685517976269,13.757795029434913,120.40694124265713,10.102447234404952,0.6929343967312996,0.7837793779964941,92.42833389616973,8.376218493332614,14.474364262085581,0.02221131908734942,0,42.03793312195321,457.09684671341233,0,245.89454244193564,424.2470188803685,0,7.834877184353171,20.445703701137035,1.7286556732760447,9.124128473492982,1.037306342260057,0.021520136849027514,6.176796977965459,1.145869752676186,5.678035199346996
0,0,0,0,0,0,0,0,0,0,0,0,0,0,0,0,0,0.039757435233417064,0,0.0676143338296092,0,0,0,0,0,0,0,0,0,0,0,0,0,0,0,0,0,0,0,0,0,0.07131067356186283,0.05888769319967925,0,0,2.32287092440383,6.0979420105794295,3.156810395509158,0,1.426358247360949,2.2674215390223567,0,0,0,0,0,0.05856142781359978,72.21729087649534,1.3369457284316186,105.5524748910621,1.2735978782804735,0,0,4.075229852834099,0,0,0,0,0.029446691672108727,11.213312771031093,245.89454244193564,0,128.51637128253702,0,2.6162724721985207,1.1859082865717048,0,0.1804565501433915,0,0,0.022606861368832352,0,0.09051930555425915
0,0,0,0,0,0,0.036490897461078906,0.45329290439706055,0,0,0.8140655214880244,0,0,0,0.030941310229448495,1.5731768739412348,1.0193295485805103,5.0826075013775505,0.03532436465881091,7.764986048893283,0,0,0,0,0,0,0,0,0,0,0,0.4677317528338205,0,0,0.9716941402915018,0,0.0191304205965941,0,0,0,0,39.402226156614184,9.042206552949693,0.06640222782376347,0.44853185591426353,13.10135610723266,24.239611985142187,9.664017092249448,10.396252127239492,0.731850656514099,47.22214962262969,0.08769444307147141,0,0,0,0.7458385656941093,66.30426733297068,206.38536572481308,27.288307570687753,33.223645882987434,18.80151659637883,2.4420430618292635,0.9036894316799309,33.87167294186132,7.709997974727312,6.871003274586756,0,0.18562803438424508,46.876539073407976,18.441439008929038,424.2470188803685,128.51637128253702,0,75.06704593406673,153.01499206976925,21.68562301569874,5.419385592859078,26.081363506450266,5.1354702166592725,0.29583885192720477,5.375461937981913,5.457758144763992,10.504988929688507
0,0,0,0,0,0,0,0,0,0,0,0,0,0,0,0,0,0,0,0,0,0,0,0,0,0,0,0,0,0,0,0,0,0,0,0,0,0,0,0,0,0,0,0,0,0,0,0,0,0,10.434233995828658,0,0,0,0,0,36.37164901747946,35.99864245662174,0.020765173056092583,0.021426507876355787,0,0,0,0,0,0,0,0,0,0,0,0,75.06704593406673,0,68.27348343154772,0,0,0.11593378564200284,0,0,0,0,0
0,0,0,0,0,0,0,1.601545726996109,0,0.047487779143557,0.045823151576099,0,0,0,0,0.021938520294256487,0.021875778534043627,0,0,0.0858339379496277,0,0,0,0,0,0,0,0,0,0,0,0,0,0,0.039438325687526005,0,0,0,0,0,0,133.96341506023296,13.397617012199445,0,0.12761117522206747,69.9804987085231,149.80650697537573,8.290022220637479,17.77452801895819,0.41943179826410487,129.55865862806266,0.05684717077383533,0,0,0,0,116.7613646165541,69.6766154870733,11.252471317948993,5.934205618530204,4.157527421818047,0,0,5.067647315478511,0,0.12741981778669706,0,2.8907290586752987,17.52661213621775,3.6865201852100205,7.834877184353171,2.6162724721985207,153.01499206976925,68.27348343154772,0,8.07527211440693,2.259350001958541,24.643834854015438,1.5327376675371776,0,0.022939401374665176,2.701703148499492,2.5115682522199587
0,0.06102685203954822,0.021786342412230302,0.15455484586933046,0.6121107675076193,0.5270244271558999,11.570571437857504,34.57036286575015,0.5891121855034248,2.2146135119041412,3.009918734013706,0.020559998203599557,0.3343522963246127,0.183474592580327,0.031601536064673925,0.5684620352537205,2.4750519879894264,10.68499481657078,1.708023098028227,22.26117631918956,0.26567077716881343,0.0826395507109075,1.5787372438694909,0.7962152947045481,0.14137924108077662,0,0,0,0.01811893608137975,0.4845300581229431,0,2.861139895144481,0,0.0416056670918268,45.55131751672141,7.824860813466374,4.158615292332053,2.159509268566216,0.07274761899413376,8.462223462341512,0.9317445059362519,22.267649486827064,31.177768376260836,6.7769576417547945,3.081479022789495,38.54657577207279,15.453470728731427,69.38690522688427,129.64431230872333,5.876799754558401,39.00410042726705,10.015893725626245,0.08914785483384834,0.30878036262259584,0.46465771542809636,10.91569826237691,38.983778958886305,19.555758566697477,56.24202037048137,22.003064423599138,57.48146465541796,12.232902603070045,7.968488296276672,40.26119026255082,17.997815499167803,33.861576067566084,6.368791413660227,28.653304549588086,42.76563258483225,32.55140364984486,20.445703701137035,1.1859082865717048,21.68562301569874,0,8.07527211440693,0,193.4120787325729,72.59926321128944,56.965383770027245,16.672846834401003,222.90690586759413,120.86300044850145,388.3571251808661
0.1364405470271853,0.183673851969526,0.31024437328562676,11.717195178019372,0,0.03366089488100284,4.479080139482338,16.350211877732377,0.2648815797110229,1.0466410755466964,0.6921735200935606,0.45196217884929185,0,0,0,0,0.027520058827961158,0.03628735847043874,0,0.9742386720038072,0,0,0,0,0,0,0,0.10648903035005611,0,0,0,0,0,0,2.0946545127907052,1.1819686494076145,0.5239925558842337,0.02808908541828464,0.01826930987062009,0,0,22.784174653258134,30.64609347109284,12.089028432734718,18.284377321561184,19.682250320183442,12.746363721348612,70.37154686742826,74.13319350269886,12.095774132725483,34.33937270822186,0.9851615643643766,0.7825980832662197,0.10123686041102266,0.086239220441785,0.025538383985339246,11.487533266304945,4.572506173192659,5.1576185094230675,1.3931192779921586,7.006509340788107,0.04123759383280109,0,1.1906206496971727,0.2728516243225943,1.5033479479109657,0,0.5987801592610581,3.9185953009424814,1.9592446557314973,1.7286556732760447,0,5.419385592859078,0,2.259350001958541,193.4120787325729,0,49.40675940174336,22.831187759549394,47.50419014668821,18.704345354326335,8.313438426897495,40.19332717657546
0,0,0,0.2118703977143476,0.030314729319832947,0.06744740915833301,3.8238472972986504,18.1537259648183,0.21047536082734597,2.779080469343371,1.5156160251070656,0,0.03014420355065299,0.061840823467944436,0,0.022715274125007134,0.16230488144977304,0.4231405174324428,0.05533018578161516,5.425261598326008,0,0,0,0,0,0,0,0,0.04194045476428719,0,0,0.1549749000789333,0,0,4.672497738506852,1.1173356425526855,1.9782596798763687,0.4210116084786623,0.48553557901407124,0.08753334564900031,0,38.03376667465577,22.15708328370788,9.590878769823538,5.58342679039071,23.61783816914661,11.276276793704541,47.16284310355449,94.83557355555016,6.39432072617955,45.26276312995321,4.74949601877178,0.32281405856565804,0.15035724327498087,0.04472286911601664,1.2434102588154237,52.0364754341332,24.32466742069464,33.49367294618504,21.508955853087922,17.945839142779025,0.9096561811996231,0.1334355108164806,21.877457861719172,3.0460180441206255,5.623238859040296,0,1.2112645514889357,10.539775517388877,11.214302269672169,9.124128473492982,0.1804565501433915,26.081363506450266,0.11593378564200284,24.643834854015438,72.59926321128944,49.40675940174336,0,207.09620966953193,19.69888200009638,11.698412099027001,12.7093114568158,71.20496751346886
0,0,0,0,0,0,0.1473912971087725,7.178707542730269,0,0.21034509745357577,0.19113032347791115,0,0,0,0,0,0.027628941417219284,0,0,2.0733226970311684,0,0,0,0,0,0,0,0,0,0,0,0.0696754470633289,0,0,1.414105135046863,0.14945916197995668,0.053201166028213794,0.06490589021764635,0,0,0,4.478100333769399,4.614181412756019,0.04892168234523945,0,9.177272458350165,3.175990001001765,12.222957872400155,39.82321488323937,2.0227984212556165,27.5574662513168,0.7641812784757526,0,0,0,0.10426066276331367,27.44511969971758,11.038080231382091,14.473640918946696,8.738742552143373,8.488059369382649,0,0,2.297952595829231,0,0.09409059059931878,0,0,0.5255187367273384,1.878729069133046,1.037306342260057,0,5.1354702166592725,0,1.5327376675371776,56.965383770027245,22.831187759549394,207.09620966953193,0,0,28.386958699187222,9.331282541043697,186.30540995882495
0,0,0,1.5736437120017028,0,0,0,0.042998758775565575,0,0,0,0.17679141283037755,0,0,0,0,0,0,0,0,0,0,0,0,0,0,0,0,0,0,0,0,0,0,0,0,0,0,0.025938228100726102,0,0,8.306461956122133,0.03880602050024814,0.9422627080013414,8.689515699922467,0,0,1.6112687470122886,0.46254087913049946,0,0,0,5.22288962399213,2.0353378667207798,0.7829480896969937,0.05187138651768583,0,0,0,0,0.24296141550020256,0,0,0,0,0,0,0.09036606134828244,3.9259944021783033,0.027736352293000855,0.021520136849027514,0,0.29583885192720477,0,0,16.672846834401003,47.50419014668821,19.69888200009638,0,0,1.9348139720550168,4.471566710346618,0.021583165513224797
0,0,0,0,0,0,0,0.44753614943420805,0,0.029308047794089766,0,0,0,0,0,0,0.07470151686575133,1.6540708118734058,0.023963634984654165,7.956343867162455,0,0,0.22689307281812612,0.42187256498537506,0.19818162852461302,0,0,0,0,0,0,0,0,0,8.114458620149321,0,0,0,0,7.227787774556632,0,0.4966617331280849,1.179630590167384,0,0.018457478706789706,1.3309673606913612,0.11399997539498866,3.823051582447852,8.783279808033132,0.02483193272911887,7.017735804906384,0,0.05681873042260354,0.1353218722598526,0.2544282991967125,19.18844656092912,7.077390088440692,3.125995430969539,8.070184254826659,5.408987653256632,20.240492419294018,3.8388810158055175,4.861764424279355,8.633283767782554,25.071052738131396,55.44924210556209,47.22550173132095,80.70094939729516,26.93609002808655,20.276005913186953,6.176796977965459,0.022606861368832352,5.375461937981913,0,0.022939401374665176,222.90690586759413,18.704345354326335,11.698412099027001,28.386958699187222,1.9348139720550168,0,162.84496837817832,54.932667786908034
0,0,0,0,0,0,0,0,0,0,0,0,0,0,0,0,0,0,0,0.2327868252284148,0,0,0,0,0,0,0,0,0,0,0,0,0,0,1.1417173791073199,0,0,0,0,0,0,0.8407805194334234,0,0,0.08855806575687176,0,0,0.09449576900278224,0.4425521492885315,0,0.0487315180976787,0,0.07275842717387161,0,0,0.4880249173501758,0.23195515345923942,0.527432732218037,4.78621226700806,4.078263468993357,4.092280401038476,0.031950875838548484,0,8.709944553311438,1.344422807180702,9.097352035979394,2.291988404049951,52.92008369206481,46.107540340696495,3.1213314910709373,1.145869752676186,0,5.457758144763992,0,2.701703148499492,120.86300044850145,8.313438426897495,12.7093114568158,9.331282541043697,4.471566710346618,162.84496837817832,0,31.278236854684646
2.647822680641844,12.22035684570064,0.8434148175015608,0.24333139246886015,14.264298936840015,5.076456669912339,27.429414084374123,67.13285389038576,5.116126790903231,55.89152906534643,17.647873927992812,0,0.02423303304459229,0.2666775161762776,0.8348122390475988,40.521409462431684,12.333773253645541,32.56153557181809,14.075162080858897,30.31687245896407,0.20323370367420873,0.02621510194054308,9.030268857818745,4.2681394532994945,8.588368333414255,3.984780658719913,6.891684310864051,5.458581225260324,7.067808022306404,10.14938006257842,0.5357339290172478,11.215463008999556,0,0.9037211935227577,412.2555670057153,94.37000952607623,44.77950210017455,150.4002299022752,2.403347746993008,17.09629472877566,26.1904074457182,5.038636978172258,6.331997067356926,0.07101355891747879,0,10.414817122287904,6.293915749524858,19.292826037006673,65.48443361953517,5.520799406469315,44.7227188738375,10.665050786888516,0,0.02645348234067754,0.1362041160301285,2.3795673931303445,41.80495824288356,14.667136843064368,34.24828184561821,13.64513962245265,31.634275220843325,2.3313680114479847,0.15847415456181274,14.721012407915223,4.075666437010094,6.610833303758072,1.171730276441158,2.845985634120331,6.432966436681866,6.555202764673296,5.678035199346996,0.09051930555425915,10.504988929688507,0,2.5115682522199587,388.3571251808661,40.19332717657546,71.20496751346886,186.30540995882495,0.021583165513224797,54.932667786908034,31.278236854684646,0
